<?xml version="1.0" encoding="UTF-8"?>
<!-- Created with BasicAirData GPS Logger for Android - ver. 3.3.0 -->
<!-- Track 2 = 19882 TrackPoints + 0 Placemarks -->
<kml xmlns="http://www.opengis.net/kml/2.2">
 <Document>
  <name>GPS Logger 20260523-102331</name>
  <description><![CDATA[Isla chico
19882 Trackpoints + 0 Placemarks]]></description>
  <Style id="TrackStyle">
   <LineStyle>
    <color>ff0000ff</color>
    <width>3</width>
   </LineStyle>
   <PolyStyle>
    <color>7f0000ff</color>
   </PolyStyle>
   <BalloonStyle>
    <text><![CDATA[<p style="color:red;font-weight:bold">$[name]</p><p style="font-size:11px">$[description]</p><p style="font-size:7px">Track Stats based on: Total time | Time in Movement</p>]]></text>
   </BalloonStyle>
  </Style>

  <Placemark id="20260523-102331">
   <name>Track 20260523-102331</name>
   <description><![CDATA[<b>Isla chico</b><br><br>Distance = 10.4 km<br>Duration = 05:31:26 | 01:18:11<br>Altitude Gap = -115 m<br>Max Speed = 52 km/h<br>Avg Speed = 1.9 | 8.0 km/h<br>Direction = WNW <br><br><i>19882 Trackpoints</i>]]></description>
   <styleUrl>#TrackStyle</styleUrl>
   <LineString>
    <extrude>0</extrude>
    <tessellate>0</tessellate>
    <altitudeMode>clampToGround</altitudeMode>
    <coordinates>
     -72.34036375,-13.22307082,2825.400
     -72.34037675,-13.22307118,2825.538
     -72.34038648,-13.22307120,2825.043
     -72.34038905,-13.22307192,2826.427
     -72.34038952,-13.22307033,2827.458
     -72.34039040,-13.22306677,2827.923
     -72.34038460,-13.22305983,2827.862
     -72.34038790,-13.22305195,2828.576
     -72.34038913,-13.22304627,2829.028
     -72.34039672,-13.22305003,2828.668
     -72.34041575,-13.22303575,2825.291
     -72.34041292,-13.22303187,2825.251
     -72.34040945,-13.22302742,2825.722
     -72.34041038,-13.22302828,2825.506
     -72.34042352,-13.22303243,2825.367
     -72.34042740,-13.22303675,2825.015
     -72.34042512,-13.22304015,2823.875
     -72.34042698,-13.22303888,2824.329
     -72.34042698,-13.22303888,2824.329
     -72.34042698,-13.22303888,2824.329
     -72.34041973,-13.22304135,2823.871
     -72.34041285,-13.22303828,2824.766
     -72.34041002,-13.22303897,2824.612
     -72.34040682,-13.22303935,2825.699
     -72.34040682,-13.22303935,2825.699
     -72.34040682,-13.22303935,2825.699
     -72.34040682,-13.22303935,2825.699
     -72.34040682,-13.22303935,2825.699
     -72.34039658,-13.22304577,2824.311
     -72.34038903,-13.22304575,2823.968
     -72.34038903,-13.22304575,2823.968
     -72.34038555,-13.22304493,2824.705
     -72.34038555,-13.22304493,2824.705
     -72.34038555,-13.22304493,2824.705
     -72.34038555,-13.22304493,2824.705
     -72.34038022,-13.22304067,2824.783
     -72.34037520,-13.22303868,2824.766
     -72.34037005,-13.22303778,2824.763
     -72.34036492,-13.22303675,2824.866
     -72.34036135,-13.22303798,2824.905
     -72.34036257,-13.22303948,2825.485
     -72.34036407,-13.22303713,2826.037
     -72.34036407,-13.22303713,2826.037
     -72.34036407,-13.22303713,2826.037
     -72.34036407,-13.22303713,2826.037
     -72.34036407,-13.22303713,2826.037
     -72.34036407,-13.22303713,2826.037
     -72.34036407,-13.22303713,2826.037
     -72.34036407,-13.22303713,2826.037
     -72.34036407,-13.22303713,2826.037
     -72.34036407,-13.22303713,2826.037
     -72.34036407,-13.22303713,2826.037
     -72.34036407,-13.22303713,2826.037
     -72.34036407,-13.22303713,2826.037
     -72.34036407,-13.22303713,2826.037
     -72.34036407,-13.22303713,2826.037
     -72.34036407,-13.22303713,2826.037
     -72.34036407,-13.22303713,2826.037
     -72.34036407,-13.22303713,2826.037
     -72.34036407,-13.22303713,2826.037
     -72.34036407,-13.22303713,2826.037
     -72.34036407,-13.22303713,2826.037
     -72.34036407,-13.22303713,2826.037
     -72.34036407,-13.22303713,2826.037
     -72.34036407,-13.22303713,2826.037
     -72.34036407,-13.22303713,2826.037
     -72.34036407,-13.22303713,2826.037
     -72.34039730,-13.22301368,2829.950
     -72.34041218,-13.22301143,2831.668
     -72.34041817,-13.22301433,2831.310
     -72.34042300,-13.22302095,2832.049
     -72.34042732,-13.22302627,2832.295
     -72.34042732,-13.22302627,2832.295
     -72.34042732,-13.22302627,2832.295
     -72.34042732,-13.22302627,2832.295
     -72.34042732,-13.22302627,2832.295
     -72.34042732,-13.22302627,2832.295
     -72.34042440,-13.22303797,2829.764
     -72.34042667,-13.22304277,2829.202
     -72.34042877,-13.22304763,2827.741
     -72.34042877,-13.22304763,2827.741
     -72.34042877,-13.22304763,2827.741
     -72.34042877,-13.22304763,2827.741
     -72.34042877,-13.22304763,2827.741
     -72.34042877,-13.22304763,2827.741
     -72.34042877,-13.22304763,2827.741
     -72.34042877,-13.22304763,2827.741
     -72.34042877,-13.22304763,2827.741
     -72.34042877,-13.22304763,2827.741
     -72.34042877,-13.22304763,2827.741
     -72.34042877,-13.22304763,2827.741
     -72.34042877,-13.22304763,2827.741
     -72.34042877,-13.22304763,2827.741
     -72.34042877,-13.22304763,2827.741
     -72.34042877,-13.22304763,2827.741
     -72.34042877,-13.22304763,2827.741
     -72.34042877,-13.22304763,2827.741
     -72.34042877,-13.22304763,2827.741
     -72.34042877,-13.22304763,2827.741
     -72.34042877,-13.22304763,2827.741
     -72.34042877,-13.22304763,2827.741
     -72.34042877,-13.22304763,2827.741
     -72.34042708,-13.22304405,2827.950
     -72.34042288,-13.22304425,2827.854
     -72.34042060,-13.22304595,2827.704
     -72.34042257,-13.22304562,2827.702
     -72.34041332,-13.22303877,2827.580
     -72.34041332,-13.22303875,2827.580
     -72.34041332,-13.22303875,2827.580
     -72.34041332,-13.22303875,2827.580
     -72.34041332,-13.22303875,2827.580
     -72.34041332,-13.22303875,2827.580
     -72.34041332,-13.22303875,2827.580
     -72.34041332,-13.22303875,2827.580
     -72.34041332,-13.22303875,2827.580
     -72.34041332,-13.22303875,2827.580
     -72.34041332,-13.22303875,2827.580
     -72.34041332,-13.22303875,2827.580
     -72.34041332,-13.22303875,2827.580
     -72.34041332,-13.22303875,2827.580
     -72.34041332,-13.22303875,2827.580
     -72.34041332,-13.22303875,2827.580
     -72.34041332,-13.22303875,2827.580
     -72.34041332,-13.22303875,2827.580
     -72.34041332,-13.22303875,2827.580
     -72.34041332,-13.22303875,2827.580
     -72.34041332,-13.22303875,2827.580
     -72.34041332,-13.22303875,2827.580
     -72.34041332,-13.22303875,2827.580
     -72.34041332,-13.22303875,2827.580
     -72.34041332,-13.22303875,2827.580
     -72.34041332,-13.22303875,2827.580
     -72.34041332,-13.22303875,2827.580
     -72.34041332,-13.22303875,2827.580
     -72.34041332,-13.22303875,2827.580
     -72.34039103,-13.22304000,2826.739
     -72.34038040,-13.22303882,2826.147
     -72.34037015,-13.22303662,2825.719
     -72.34036050,-13.22303728,2825.420
     -72.34035175,-13.22304230,2825.200
     -72.34034477,-13.22304928,2824.935
     -72.34034200,-13.22305645,2824.453
     -72.34033575,-13.22306575,2823.474
     -72.34033788,-13.22307198,2823.177
     -72.34034272,-13.22307555,2822.197
     -72.34035397,-13.22307605,2822.138
     -72.34036485,-13.22307607,2822.857
     -72.34037813,-13.22307353,2824.010
     -72.34038053,-13.22307165,2825.992
     -72.34037553,-13.22307152,2827.114
     -72.34036708,-13.22307145,2827.061
     -72.34036097,-13.22307505,2827.299
     -72.34035792,-13.22308122,2827.702
     -72.34035942,-13.22308532,2829.159
     -72.34035688,-13.22308960,2829.804
     -72.34035688,-13.22308960,2829.804
     -72.34035688,-13.22308960,2829.804
     -72.34035688,-13.22308960,2829.804
     -72.34035688,-13.22308960,2829.804
     -72.34035688,-13.22308960,2829.804
     -72.34035688,-13.22308960,2829.804
     -72.34035688,-13.22308960,2829.804
     -72.34035688,-13.22308960,2829.804
     -72.34035688,-13.22308960,2829.804
     -72.34035688,-13.22308960,2829.804
     -72.34035688,-13.22308960,2829.804
     -72.34035688,-13.22308960,2829.804
     -72.34039747,-13.22306352,2832.297
     -72.34040500,-13.22306575,2833.163
     -72.34041302,-13.22306662,2834.309
     -72.34042162,-13.22306598,2835.494
     -72.34043088,-13.22306443,2837.154
     -72.34043622,-13.22305788,2838.714
     -72.34043892,-13.22304870,2840.603
     -72.34043957,-13.22304360,2842.167
     -72.34044452,-13.22303903,2843.794
     -72.34044452,-13.22303903,2843.794
     -72.34044452,-13.22303903,2843.794
     -72.34044452,-13.22303903,2843.794
     -72.34044452,-13.22303903,2843.794
     -72.34044452,-13.22303903,2843.794
     -72.34044452,-13.22303903,2843.794
     -72.34044452,-13.22303903,2843.794
     -72.34044452,-13.22303903,2843.794
     -72.34044452,-13.22303903,2843.794
     -72.34044452,-13.22303903,2843.794
     -72.34044452,-13.22303903,2843.794
     -72.34044452,-13.22303903,2843.794
     -72.34044452,-13.22303903,2843.794
     -72.34044452,-13.22303903,2843.794
     -72.34044417,-13.22304153,2843.369
     -72.34044417,-13.22304153,2843.369
     -72.34044417,-13.22304153,2843.369
     -72.34044417,-13.22304153,2843.369
     -72.34044417,-13.22304153,2843.369
     -72.34044417,-13.22304153,2843.369
     -72.34044417,-13.22304153,2843.369
     -72.34044417,-13.22304153,2843.369
     -72.34044417,-13.22304153,2843.369
     -72.34044417,-13.22304153,2843.369
     -72.34044417,-13.22304153,2843.369
     -72.34044417,-13.22304153,2843.369
     -72.34044417,-13.22304153,2843.369
     -72.34044417,-13.22304153,2843.369
     -72.34044417,-13.22304153,2843.369
     -72.34044417,-13.22304153,2843.369
     -72.34044417,-13.22304153,2843.369
     -72.34044417,-13.22304153,2843.369
     -72.34044417,-13.22304153,2843.369
     -72.34044417,-13.22304153,2843.369
     -72.34044417,-13.22304153,2843.369
     -72.34044417,-13.22304153,2843.369
     -72.34044417,-13.22304153,2843.369
     -72.34044417,-13.22304153,2843.369
     -72.34044417,-13.22304153,2843.369
     -72.34044417,-13.22304153,2843.369
     -72.34044417,-13.22304153,2843.369
     -72.34044417,-13.22304153,2843.369
     -72.34044417,-13.22304153,2843.369
     -72.34044417,-13.22304153,2843.369
     -72.34044417,-13.22304153,2843.369
     -72.34044417,-13.22304153,2843.369
     -72.34044417,-13.22304153,2843.369
     -72.34044417,-13.22304153,2843.369
     -72.34044417,-13.22304153,2843.369
     -72.34044417,-13.22304153,2843.369
     -72.34044417,-13.22304153,2843.369
     -72.34044417,-13.22304153,2843.369
     -72.34044417,-13.22304153,2843.369
     -72.34044417,-13.22304153,2843.369
     -72.34044417,-13.22304153,2843.369
     -72.34044417,-13.22304153,2843.369
     -72.34044417,-13.22304153,2843.369
     -72.34044417,-13.22304153,2843.369
     -72.34044417,-13.22304153,2843.369
     -72.34044417,-13.22304153,2843.369
     -72.34044417,-13.22304153,2843.369
     -72.34044417,-13.22304153,2843.369
     -72.34044417,-13.22304153,2843.369
     -72.34044417,-13.22304153,2843.369
     -72.34044417,-13.22304153,2843.369
     -72.34044417,-13.22304153,2843.369
     -72.34044417,-13.22304153,2843.369
     -72.34044417,-13.22304153,2843.369
     -72.34044417,-13.22304153,2843.369
     -72.34044417,-13.22304153,2843.369
     -72.34044417,-13.22304153,2843.369
     -72.34044417,-13.22304153,2843.369
     -72.34044417,-13.22304153,2843.369
     -72.34044417,-13.22304153,2843.369
     -72.34044417,-13.22304153,2843.369
     -72.34044417,-13.22304153,2843.369
     -72.34044417,-13.22304153,2843.369
     -72.34044417,-13.22304153,2843.369
     -72.34044623,-13.22304075,2844.277
     -72.34044650,-13.22304457,2844.301
     -72.34044445,-13.22304993,2843.947
     -72.34044290,-13.22305230,2843.591
     -72.34044273,-13.22305167,2843.638
     -72.34044273,-13.22305167,2843.638
     -72.34044273,-13.22305167,2843.638
     -72.34044273,-13.22305167,2843.638
     -72.34044273,-13.22305167,2843.638
     -72.34044273,-13.22305167,2843.638
     -72.34044273,-13.22305167,2843.638
     -72.34043805,-13.22305572,2836.931
     -72.34044380,-13.22305445,2837.552
     -72.34044992,-13.22305307,2838.308
     -72.34045627,-13.22305065,2839.060
     -72.34046095,-13.22304783,2839.881
     -72.34046395,-13.22304927,2840.426
     -72.34046460,-13.22304778,2840.822
     -72.34046253,-13.22304638,2840.984
     -72.34046013,-13.22304442,2841.166
     -72.34045908,-13.22304360,2841.736
     -72.34045683,-13.22303937,2841.765
     -72.34044705,-13.22303897,2842.088
     -72.34044705,-13.22303897,2842.088
     -72.34044705,-13.22303897,2842.088
     -72.34044705,-13.22303897,2842.088
     -72.34044705,-13.22303897,2842.088
     -72.34044705,-13.22303897,2842.088
     -72.34044705,-13.22303897,2842.088
     -72.34044705,-13.22303897,2842.088
     -72.34044705,-13.22303897,2842.088
     -72.34044705,-13.22303897,2842.088
     -72.34044705,-13.22303897,2842.088
     -72.34043285,-13.22303902,2841.120
     -72.34043007,-13.22304138,2839.941
     -72.34042780,-13.22304093,2839.084
     -72.34042780,-13.22304093,2839.084
     -72.34042780,-13.22304093,2839.084
     -72.34042780,-13.22304093,2839.084
     -72.34042780,-13.22304093,2839.084
     -72.34042780,-13.22304093,2839.084
     -72.34042780,-13.22304093,2839.084
     -72.34042780,-13.22304093,2839.084
     -72.34043553,-13.22303500,2839.696
     -72.34043310,-13.22303142,2840.533
     -72.34042780,-13.22302970,2840.258
     -72.34042780,-13.22302970,2840.258
     -72.34042780,-13.22302970,2840.258
     -72.34042780,-13.22302970,2840.258
     -72.34042780,-13.22302970,2840.258
     -72.34042780,-13.22302970,2840.258
     -72.34042365,-13.22303017,2839.809
     -72.34041608,-13.22302520,2840.078
     -72.34041505,-13.22302512,2840.056
     -72.34041505,-13.22302512,2840.056
     -72.34041505,-13.22302512,2840.056
     -72.34041505,-13.22302512,2840.056
     -72.34041505,-13.22302512,2840.056
     -72.34041505,-13.22302512,2840.056
     -72.34041505,-13.22302512,2840.056
     -72.34041505,-13.22302512,2840.056
     -72.34041505,-13.22302512,2840.056
     -72.34041505,-13.22302512,2840.056
     -72.34041505,-13.22302512,2840.056
     -72.34041505,-13.22302512,2840.056
     -72.34041505,-13.22302512,2840.056
     -72.34041505,-13.22302512,2840.056
     -72.34041505,-13.22302512,2840.056
     -72.34041505,-13.22302512,2840.056
     -72.34041505,-13.22302512,2840.056
     -72.34041505,-13.22302512,2840.056
     -72.34041505,-13.22302512,2840.056
     -72.34041505,-13.22302512,2840.056
     -72.34041505,-13.22302512,2840.056
     -72.34041505,-13.22302512,2840.056
     -72.34041505,-13.22302512,2840.056
     -72.34041505,-13.22302512,2840.056
     -72.34041505,-13.22302512,2840.056
     -72.34041505,-13.22302512,2840.056
     -72.34041505,-13.22302512,2840.056
     -72.34041505,-13.22302512,2840.056
     -72.34041505,-13.22302512,2840.056
     -72.34044732,-13.22300835,2840.056
     -72.34045672,-13.22300795,2840.230
     -72.34045782,-13.22300497,2840.257
     -72.34045735,-13.22300200,2840.069
     -72.34045610,-13.22299967,2839.654
     -72.34045372,-13.22299818,2839.245
     -72.34045372,-13.22299818,2839.245
     -72.34045012,-13.22299833,2838.574
     -72.34044978,-13.22300537,2836.934
     -72.34044105,-13.22300750,2835.469
     -72.34044105,-13.22300750,2835.469
     -72.34044105,-13.22300750,2835.469
     -72.34044105,-13.22300750,2835.469
     -72.34044105,-13.22300750,2835.469
     -72.34044105,-13.22300750,2835.469
     -72.34044105,-13.22300750,2835.469
     -72.34042913,-13.22299582,2835.545
     -72.34042278,-13.22299400,2835.152
     -72.34041068,-13.22299015,2833.442
     -72.34039727,-13.22298380,2831.425
     -72.34037448,-13.22298060,2828.372
     -72.34037448,-13.22298060,2828.372
     -72.34037448,-13.22298060,2828.372
     -72.34037448,-13.22298060,2828.372
     -72.34037448,-13.22298060,2828.372
     -72.34036015,-13.22296675,2830.970
     -72.34036132,-13.22296865,2830.700
     -72.34036383,-13.22297318,2830.793
     -72.34036008,-13.22297215,2830.551
     -72.34035543,-13.22297215,2830.142
     -72.34035900,-13.22297472,2831.042
     -72.34035900,-13.22297472,2831.042
     -72.34035900,-13.22297472,2831.042
     -72.34035900,-13.22297472,2831.042
     -72.34035900,-13.22297472,2831.042
     -72.34035900,-13.22297472,2831.042
     -72.34035900,-13.22297472,2831.042
     -72.34035900,-13.22297472,2831.042
     -72.34035900,-13.22297472,2831.042
     -72.34035900,-13.22297472,2831.042
     -72.34035900,-13.22297472,2831.042
     -72.34035900,-13.22297472,2831.042
     -72.34035900,-13.22297472,2831.042
     -72.34035900,-13.22297472,2831.042
     -72.34035900,-13.22297472,2831.042
     -72.34035900,-13.22297472,2831.042
     -72.34035900,-13.22297472,2831.042
     -72.34035900,-13.22297472,2831.042
     -72.34035545,-13.22297622,2830.414
     -72.34035545,-13.22297622,2830.414
     -72.34035545,-13.22297622,2830.414
     -72.34034982,-13.22298467,2827.703
     -72.34034323,-13.22299423,2826.637
     -72.34034125,-13.22299672,2826.029
     -72.34034785,-13.22299837,2826.643
     -72.34034785,-13.22299837,2826.643
     -72.34034785,-13.22299837,2826.643
     -72.34034785,-13.22299837,2826.643
     -72.34034785,-13.22299837,2826.643
     -72.34034785,-13.22299837,2826.643
     -72.34034785,-13.22299837,2826.643
     -72.34034785,-13.22299837,2826.643
     -72.34034785,-13.22299837,2826.643
     -72.34034785,-13.22299837,2826.643
     -72.34034785,-13.22299837,2826.643
     -72.34034785,-13.22299837,2826.643
     -72.34034785,-13.22299837,2826.643
     -72.34034785,-13.22299837,2826.643
     -72.34034785,-13.22299837,2826.643
     -72.34034785,-13.22299837,2826.643
     -72.34034785,-13.22299837,2826.643
     -72.34034785,-13.22299837,2826.643
     -72.34034785,-13.22299837,2826.643
     -72.34034785,-13.22299837,2826.643
     -72.34034785,-13.22299837,2826.643
     -72.34034785,-13.22299837,2826.643
     -72.34034785,-13.22299837,2826.643
     -72.34034785,-13.22299837,2826.643
     -72.34034785,-13.22299837,2826.643
     -72.34034785,-13.22299837,2826.643
     -72.34034785,-13.22299837,2826.643
     -72.34034412,-13.22301448,2826.713
     -72.34034412,-13.22301448,2826.713
     -72.34034325,-13.22301725,2826.019
     -72.34034305,-13.22302133,2825.481
     -72.34034305,-13.22302133,2825.481
     -72.34034305,-13.22302133,2825.481
     -72.34034305,-13.22302133,2825.481
     -72.34034305,-13.22302133,2825.481
     -72.34034305,-13.22302133,2825.481
     -72.34034305,-13.22302133,2825.481
     -72.34034305,-13.22302133,2825.481
     -72.34034305,-13.22302133,2825.481
     -72.34034305,-13.22302133,2825.481
     -72.34034305,-13.22302133,2825.481
     -72.34034305,-13.22302133,2825.481
     -72.34034305,-13.22302133,2825.481
     -72.34034305,-13.22302133,2825.481
     -72.34034305,-13.22302133,2825.481
     -72.34034305,-13.22302133,2825.481
     -72.34034948,-13.22303562,2825.477
     -72.34035100,-13.22304165,2824.965
     -72.34035732,-13.22304630,2825.580
     -72.34035732,-13.22304630,2825.580
     -72.34035732,-13.22304630,2825.580
     -72.34035732,-13.22304630,2825.580
     -72.34035732,-13.22304630,2825.580
     -72.34035732,-13.22304630,2825.580
     -72.34035732,-13.22304630,2825.580
     -72.34035732,-13.22304630,2825.580
     -72.34035732,-13.22304630,2825.580
     -72.34035732,-13.22304630,2825.580
     -72.34035732,-13.22304630,2825.580
     -72.34035732,-13.22304630,2825.580
     -72.34035732,-13.22304630,2825.580
     -72.34035732,-13.22304630,2825.580
     -72.34035732,-13.22304630,2825.580
     -72.34035732,-13.22304630,2825.580
     -72.34035732,-13.22304630,2825.580
     -72.34035732,-13.22304630,2825.580
     -72.34035732,-13.22304630,2825.580
     -72.34035732,-13.22304630,2825.580
     -72.34035732,-13.22304630,2825.580
     -72.34035732,-13.22304630,2825.580
     -72.34035732,-13.22304630,2825.580
     -72.34035732,-13.22304630,2825.580
     -72.34035732,-13.22304630,2825.580
     -72.34035732,-13.22304630,2825.580
     -72.34035732,-13.22304630,2825.580
     -72.34035732,-13.22304630,2825.580
     -72.34035732,-13.22304630,2825.580
     -72.34035732,-13.22304630,2825.580
     -72.34035732,-13.22304630,2825.580
     -72.34035732,-13.22304630,2825.580
     -72.34035732,-13.22304630,2825.580
     -72.34035732,-13.22304630,2825.580
     -72.34035732,-13.22304630,2825.580
     -72.34035732,-13.22304630,2825.580
     -72.34035732,-13.22304630,2825.580
     -72.34035732,-13.22304630,2825.580
     -72.34035732,-13.22304630,2825.580
     -72.34035732,-13.22304630,2825.580
     -72.34035732,-13.22304630,2825.580
     -72.34035732,-13.22304630,2825.580
     -72.34035732,-13.22304630,2825.580
     -72.34035732,-13.22304630,2825.580
     -72.34035732,-13.22304630,2825.580
     -72.34036700,-13.22302272,2828.312
     -72.34036367,-13.22302592,2827.683
     -72.34036547,-13.22302617,2828.250
     -72.34036563,-13.22302532,2828.192
     -72.34036563,-13.22302532,2828.192
     -72.34036563,-13.22302532,2828.192
     -72.34036563,-13.22302532,2828.192
     -72.34036563,-13.22302532,2828.192
     -72.34036563,-13.22302532,2828.192
     -72.34036563,-13.22302532,2828.192
     -72.34036563,-13.22302532,2828.192
     -72.34036563,-13.22302532,2828.192
     -72.34036563,-13.22302532,2828.192
     -72.34036563,-13.22302532,2828.192
     -72.34036563,-13.22302532,2828.192
     -72.34036563,-13.22302532,2828.192
     -72.34036563,-13.22302532,2828.192
     -72.34036563,-13.22302532,2828.192
     -72.34036563,-13.22302532,2828.192
     -72.34036563,-13.22302532,2828.192
     -72.34036563,-13.22302532,2828.192
     -72.34036563,-13.22302532,2828.192
     -72.34036563,-13.22302532,2828.192
     -72.34036563,-13.22302532,2828.192
     -72.34036563,-13.22302532,2828.192
     -72.34036563,-13.22302532,2828.192
     -72.34036563,-13.22302532,2828.192
     -72.34036563,-13.22302532,2828.192
     -72.34036563,-13.22302532,2828.192
     -72.34036563,-13.22302532,2828.192
     -72.34036563,-13.22302532,2828.192
     -72.34036563,-13.22302532,2828.192
     -72.34036563,-13.22302532,2828.192
     -72.34036563,-13.22302532,2828.192
     -72.34036563,-13.22302532,2828.192
     -72.34036563,-13.22302532,2828.192
     -72.34036563,-13.22302532,2828.192
     -72.34036563,-13.22302532,2828.192
     -72.34036563,-13.22302532,2828.192
     -72.34036563,-13.22302532,2828.192
     -72.34036563,-13.22302532,2828.192
     -72.34036563,-13.22302532,2828.192
     -72.34036563,-13.22302532,2828.192
     -72.34036563,-13.22302532,2828.192
     -72.34036563,-13.22302532,2828.192
     -72.34036563,-13.22302532,2828.192
     -72.34036563,-13.22302532,2828.192
     -72.34036563,-13.22302532,2828.192
     -72.34036563,-13.22302532,2828.192
     -72.34036563,-13.22302532,2828.192
     -72.34036563,-13.22302532,2828.192
     -72.34036563,-13.22302532,2828.192
     -72.34036555,-13.22301393,2824.146
     -72.34037053,-13.22302702,2822.098
     -72.34037243,-13.22303020,2821.446
     -72.34037342,-13.22303132,2821.017
     -72.34037373,-13.22302983,2820.943
     -72.34037373,-13.22302983,2820.943
     -72.34037373,-13.22302983,2820.943
     -72.34037373,-13.22302983,2820.943
     -72.34037373,-13.22302983,2820.943
     -72.34037373,-13.22302983,2820.943
     -72.34037373,-13.22302983,2820.943
     -72.34037373,-13.22302983,2820.943
     -72.34037373,-13.22302983,2820.943
     -72.34037373,-13.22302983,2820.943
     -72.34037373,-13.22302983,2820.943
     -72.34037373,-13.22302983,2820.943
     -72.34037373,-13.22302983,2820.943
     -72.34037373,-13.22302983,2820.943
     -72.34037373,-13.22302983,2820.943
     -72.34037373,-13.22302983,2820.943
     -72.34037373,-13.22302983,2820.943
     -72.34037373,-13.22302983,2820.943
     -72.34037373,-13.22302983,2820.943
     -72.34037373,-13.22302983,2820.943
     -72.34037373,-13.22302983,2820.943
     -72.34037373,-13.22302983,2820.943
     -72.34037373,-13.22302983,2820.943
     -72.34037373,-13.22302983,2820.943
     -72.34037373,-13.22302983,2820.943
     -72.34037373,-13.22302983,2820.943
     -72.34037373,-13.22302983,2820.943
     -72.34037373,-13.22302983,2820.943
     -72.34037373,-13.22302983,2820.943
     -72.34037373,-13.22302983,2820.943
     -72.34037373,-13.22302983,2820.943
     -72.34037373,-13.22302983,2820.943
     -72.34037373,-13.22302983,2820.943
     -72.34037373,-13.22302983,2820.943
     -72.34037373,-13.22302983,2820.943
     -72.34037373,-13.22302983,2820.943
     -72.34037373,-13.22302983,2820.943
     -72.34037373,-13.22302983,2820.943
     -72.34037373,-13.22302983,2820.943
     -72.34037373,-13.22302983,2820.943
     -72.34037373,-13.22302983,2820.943
     -72.34037373,-13.22302983,2820.943
     -72.34037373,-13.22302983,2820.943
     -72.34037373,-13.22302983,2820.943
     -72.34037373,-13.22302983,2820.943
     -72.34037373,-13.22302983,2820.943
     -72.34037373,-13.22302983,2820.943
     -72.34037373,-13.22302983,2820.943
     -72.34037373,-13.22302983,2820.943
     -72.34037373,-13.22302983,2820.943
     -72.34037373,-13.22302983,2820.943
     -72.34037373,-13.22302983,2820.943
     -72.34035173,-13.22296825,2821.757
     -72.34033535,-13.22295733,2820.167
     -72.34031743,-13.22295543,2818.087
     -72.34030028,-13.22295002,2815.883
     -72.34028957,-13.22294633,2814.884
     -72.34028957,-13.22294633,2814.884
     -72.34028957,-13.22294633,2814.884
     -72.34028957,-13.22294633,2814.884
     -72.34028957,-13.22294633,2814.884
     -72.34028957,-13.22294633,2814.884
     -72.34025407,-13.22291945,2812.746
     -72.34024188,-13.22290582,2812.465
     -72.34022950,-13.22289138,2812.538
     -72.34022455,-13.22288245,2812.341
     -72.34021857,-13.22287597,2812.227
     -72.34021655,-13.22287360,2812.167
     -72.34021655,-13.22287360,2812.166
     -72.34021655,-13.22287360,2812.166
     -72.34021655,-13.22287360,2812.166
     -72.34021655,-13.22287360,2812.166
     -72.34021655,-13.22287360,2812.166
     -72.34021655,-13.22287360,2812.166
     -72.34021655,-13.22287360,2812.166
     -72.34021655,-13.22287360,2812.166
     -72.34021655,-13.22287360,2812.166
     -72.34021655,-13.22287360,2812.166
     -72.34021655,-13.22287360,2812.166
     -72.34021655,-13.22287360,2812.166
     -72.34021655,-13.22287360,2812.166
     -72.34021655,-13.22287360,2812.166
     -72.34021655,-13.22287360,2812.166
     -72.34021655,-13.22287360,2812.166
     -72.34021655,-13.22287360,2812.166
     -72.34021655,-13.22287360,2812.166
     -72.34021655,-13.22287360,2812.166
     -72.34021655,-13.22287360,2812.166
     -72.34021655,-13.22287360,2812.166
     -72.34021655,-13.22287360,2812.166
     -72.34021655,-13.22287360,2812.166
     -72.34021655,-13.22287360,2812.166
     -72.34021655,-13.22287360,2812.166
     -72.34021655,-13.22287360,2812.166
     -72.34021655,-13.22287360,2812.166
     -72.34021655,-13.22287360,2812.166
     -72.34021655,-13.22287360,2812.166
     -72.34021655,-13.22287360,2812.166
     -72.34021655,-13.22287360,2812.166
     -72.34021655,-13.22287360,2812.166
     -72.34021655,-13.22287360,2812.166
     -72.34021655,-13.22287360,2812.166
     -72.34021655,-13.22287360,2812.166
     -72.34021655,-13.22287360,2812.166
     -72.34021655,-13.22287360,2812.166
     -72.34021655,-13.22287360,2812.166
     -72.34021655,-13.22287360,2812.166
     -72.34021655,-13.22287360,2812.166
     -72.34021655,-13.22287360,2812.166
     -72.34021655,-13.22287360,2812.166
     -72.34021655,-13.22287360,2812.166
     -72.34021655,-13.22287360,2812.166
     -72.34021655,-13.22287360,2812.166
     -72.34021655,-13.22287360,2812.166
     -72.34021655,-13.22287360,2812.166
     -72.34023693,-13.22286687,2813.980
     -72.34024303,-13.22286525,2813.612
     -72.34024797,-13.22286497,2813.623
     -72.34025575,-13.22286452,2814.060
     -72.34026633,-13.22286740,2814.760
     -72.34026935,-13.22286680,2815.114
     -72.34026935,-13.22286680,2815.114
     -72.34026935,-13.22286680,2815.114
     -72.34026935,-13.22286680,2815.114
     -72.34026935,-13.22286680,2815.114
     -72.34026935,-13.22286680,2815.114
     -72.34026935,-13.22286680,2815.114
     -72.34026935,-13.22286680,2815.114
     -72.34030353,-13.22286262,2813.854
     -72.34031338,-13.22286087,2814.270
     -72.34032610,-13.22285860,2814.873
     -72.34034087,-13.22285760,2815.362
     -72.34035123,-13.22285578,2815.629
     -72.34036628,-13.22285585,2815.426
     -72.34037933,-13.22285365,2815.282
     -72.34038922,-13.22285378,2815.678
     -72.34039448,-13.22285222,2815.968
     -72.34039442,-13.22284568,2817.282
     -72.34039510,-13.22284493,2817.673
     -72.34038610,-13.22284320,2818.048
     -72.34038610,-13.22284320,2818.048
     -72.34038610,-13.22284320,2818.048
     -72.34038610,-13.22284320,2818.048
     -72.34038610,-13.22284320,2818.048
     -72.34038610,-13.22284320,2818.048
     -72.34038610,-13.22284320,2818.048
     -72.34038610,-13.22284320,2818.048
     -72.34038610,-13.22284320,2818.048
     -72.34038610,-13.22284320,2818.048
     -72.34038610,-13.22284320,2818.048
     -72.34038610,-13.22284320,2818.048
     -72.34038610,-13.22284320,2818.048
     -72.34038610,-13.22284320,2818.048
     -72.34038610,-13.22284320,2818.048
     -72.34038610,-13.22284320,2818.048
     -72.34038610,-13.22284320,2818.048
     -72.34038610,-13.22284320,2818.048
     -72.34038610,-13.22284320,2818.048
     -72.34038610,-13.22284320,2818.048
     -72.34038610,-13.22284320,2818.048
     -72.34038610,-13.22284320,2818.048
     -72.34038610,-13.22284320,2818.048
     -72.34038610,-13.22284320,2818.048
     -72.34038610,-13.22284320,2818.048
     -72.34038610,-13.22284320,2818.048
     -72.34038610,-13.22284320,2818.048
     -72.34038610,-13.22284320,2818.048
     -72.34038610,-13.22284320,2818.048
     -72.34038610,-13.22284320,2818.048
     -72.34038610,-13.22284320,2818.048
     -72.34038610,-13.22284320,2818.048
     -72.34038610,-13.22284320,2818.048
     -72.34038610,-13.22284320,2818.048
     -72.34038610,-13.22284320,2818.048
     -72.34038610,-13.22284320,2818.048
     -72.34038610,-13.22284320,2818.048
     -72.34038610,-13.22284320,2818.048
     -72.34038610,-13.22284320,2818.048
     -72.34038610,-13.22284320,2818.048
     -72.34038610,-13.22284320,2818.048
     -72.34038610,-13.22284320,2818.048
     -72.34038610,-13.22284320,2818.048
     -72.34038610,-13.22284320,2818.048
     -72.34038610,-13.22284320,2818.048
     -72.34038610,-13.22284320,2818.048
     -72.34038610,-13.22284320,2818.048
     -72.34038610,-13.22284320,2818.048
     -72.34038610,-13.22284320,2818.048
     -72.34038610,-13.22284320,2818.048
     -72.34038610,-13.22284320,2818.048
     -72.34038610,-13.22284320,2818.048
     -72.34038610,-13.22284320,2818.048
     -72.34038610,-13.22284320,2818.048
     -72.34038610,-13.22284320,2818.048
     -72.34038610,-13.22284320,2818.048
     -72.34038610,-13.22284320,2818.048
     -72.34038610,-13.22284320,2818.048
     -72.34038610,-13.22284320,2818.048
     -72.34038610,-13.22284320,2818.048
     -72.34038610,-13.22284320,2818.048
     -72.34038610,-13.22284320,2818.048
     -72.34038610,-13.22284320,2818.048
     -72.34038610,-13.22284320,2818.048
     -72.34038610,-13.22284320,2818.048
     -72.34038610,-13.22284320,2818.048
     -72.34038610,-13.22284320,2818.048
     -72.34038610,-13.22284320,2818.048
     -72.34038610,-13.22284320,2818.048
     -72.34038610,-13.22284320,2818.048
     -72.34038610,-13.22284320,2818.048
     -72.34038610,-13.22284320,2818.048
     -72.34038610,-13.22284320,2818.048
     -72.34038610,-13.22284320,2818.048
     -72.34038610,-13.22284320,2818.048
     -72.34038610,-13.22284320,2818.048
     -72.34038610,-13.22284320,2818.048
     -72.34038610,-13.22284320,2818.048
     -72.34038610,-13.22284320,2818.048
     -72.34038610,-13.22284320,2818.048
     -72.34038610,-13.22284320,2818.048
     -72.34038610,-13.22284320,2818.048
     -72.34038610,-13.22284320,2818.048
     -72.34038610,-13.22284320,2818.048
     -72.34038610,-13.22284320,2818.048
     -72.34038610,-13.22284320,2818.048
     -72.34038610,-13.22284320,2818.048
     -72.34038610,-13.22284320,2818.048
     -72.34038610,-13.22284320,2818.048
     -72.34038610,-13.22284320,2818.048
     -72.34038610,-13.22284320,2818.048
     -72.34038610,-13.22284320,2818.048
     -72.34038610,-13.22284320,2818.048
     -72.34038610,-13.22284320,2818.048
     -72.34038610,-13.22284320,2818.048
     -72.34038610,-13.22284320,2818.048
     -72.34038610,-13.22284320,2818.048
     -72.34038610,-13.22284320,2818.048
     -72.34038610,-13.22284320,2818.048
     -72.34038610,-13.22284320,2818.048
     -72.34038610,-13.22284320,2818.048
     -72.34038610,-13.22284320,2818.048
     -72.34038610,-13.22284320,2818.048
     -72.34038610,-13.22284320,2818.048
     -72.34038610,-13.22284320,2818.048
     -72.34038610,-13.22284320,2818.048
     -72.34038610,-13.22284320,2818.048
     -72.34038610,-13.22284320,2818.048
     -72.34038610,-13.22284320,2818.048
     -72.34038610,-13.22284320,2818.048
     -72.34038610,-13.22284320,2818.048
     -72.34038610,-13.22284320,2818.048
     -72.34038610,-13.22284320,2818.048
     -72.34038610,-13.22284320,2818.048
     -72.34033678,-13.22287645,2817.936
     -72.34031890,-13.22288213,2818.366
     -72.34030212,-13.22288633,2818.060
     -72.34029258,-13.22289370,2817.669
     -72.34028190,-13.22289747,2817.323
     -72.34027190,-13.22290160,2817.013
     -72.34026333,-13.22290420,2816.884
     -72.34025768,-13.22290450,2815.807
     -72.34025827,-13.22290380,2815.431
     -72.34025327,-13.22290493,2814.586
     -72.34024082,-13.22290803,2815.045
     -72.34023013,-13.22291217,2814.887
     -72.34021888,-13.22291778,2814.645
     -72.34020765,-13.22291990,2815.253
     -72.34019610,-13.22292610,2815.423
     -72.34019608,-13.22292610,2815.423
     -72.34019608,-13.22292610,2815.423
     -72.34020202,-13.22292457,2816.562
     -72.34020202,-13.22292457,2816.562
     -72.34020202,-13.22292457,2816.562
     -72.34020202,-13.22292457,2816.562
     -72.34020202,-13.22292457,2816.562
     -72.34020202,-13.22292457,2816.562
     -72.34020202,-13.22292457,2816.562
     -72.34020202,-13.22292457,2816.562
     -72.34020202,-13.22292457,2816.562
     -72.34020202,-13.22292457,2816.562
     -72.34020202,-13.22292457,2816.562
     -72.34020202,-13.22292457,2816.562
     -72.34020202,-13.22292457,2816.562
     -72.34020202,-13.22292457,2816.562
     -72.34020202,-13.22292457,2816.562
     -72.34020202,-13.22292457,2816.562
     -72.34020202,-13.22292457,2816.562
     -72.34020202,-13.22292457,2816.562
     -72.34020202,-13.22292457,2816.562
     -72.34018140,-13.22293787,2813.229
     -72.34017332,-13.22293678,2813.433
     -72.34016420,-13.22293695,2813.498
     -72.34016420,-13.22293695,2813.498
     -72.34016420,-13.22293695,2813.498
     -72.34016420,-13.22293695,2813.498
     -72.34016420,-13.22293695,2813.498
     -72.34016420,-13.22293695,2813.498
     -72.34016420,-13.22293695,2813.498
     -72.34016420,-13.22293695,2813.498
     -72.34016420,-13.22293695,2813.498
     -72.34016420,-13.22293695,2813.498
     -72.34016420,-13.22293695,2813.498
     -72.34016420,-13.22293695,2813.498
     -72.34016420,-13.22293695,2813.498
     -72.34016420,-13.22293695,2813.498
     -72.34016420,-13.22293695,2813.498
     -72.34016420,-13.22293695,2813.498
     -72.34016420,-13.22293695,2813.498
     -72.34016420,-13.22293695,2813.498
     -72.34016420,-13.22293695,2813.498
     -72.34016420,-13.22293695,2813.498
     -72.34016420,-13.22293695,2813.498
     -72.34016420,-13.22293695,2813.498
     -72.34016420,-13.22293695,2813.498
     -72.34016420,-13.22293695,2813.498
     -72.34016420,-13.22293695,2813.498
     -72.34016420,-13.22293695,2813.498
     -72.34016420,-13.22293695,2813.498
     -72.34016420,-13.22293695,2813.498
     -72.34016420,-13.22293695,2813.498
     -72.34016420,-13.22293695,2813.498
     -72.34016420,-13.22293695,2813.498
     -72.34016420,-13.22293695,2813.498
     -72.34016420,-13.22293695,2813.498
     -72.34016420,-13.22293695,2813.498
     -72.34016420,-13.22293695,2813.498
     -72.34016420,-13.22293695,2813.498
     -72.34016420,-13.22293695,2813.498
     -72.34016420,-13.22293695,2813.498
     -72.34016420,-13.22293695,2813.498
     -72.34016420,-13.22293695,2813.498
     -72.34016420,-13.22293695,2813.498
     -72.34016420,-13.22293695,2813.498
     -72.34016420,-13.22293695,2813.498
     -72.34016420,-13.22293695,2813.498
     -72.34016420,-13.22293695,2813.498
     -72.34016420,-13.22293695,2813.498
     -72.34016420,-13.22293695,2813.498
     -72.34016420,-13.22293695,2813.498
     -72.34016420,-13.22293695,2813.498
     -72.34016420,-13.22293695,2813.498
     -72.34016420,-13.22293695,2813.498
     -72.34016420,-13.22293695,2813.498
     -72.34016420,-13.22293695,2813.498
     -72.34016420,-13.22293695,2813.498
     -72.34016420,-13.22293695,2813.498
     -72.34016420,-13.22293695,2813.498
     -72.34016420,-13.22293695,2813.498
     -72.34016420,-13.22293695,2813.498
     -72.34016420,-13.22293695,2813.498
     -72.34016420,-13.22293695,2813.498
     -72.34016420,-13.22293695,2813.498
     -72.34016420,-13.22293695,2813.498
     -72.34016420,-13.22293695,2813.498
     -72.34016420,-13.22293695,2813.498
     -72.34016420,-13.22293695,2813.498
     -72.34016420,-13.22293695,2813.498
     -72.34016420,-13.22293695,2813.498
     -72.34016420,-13.22293695,2813.498
     -72.34016420,-13.22293695,2813.498
     -72.34016420,-13.22293695,2813.498
     -72.34016420,-13.22293695,2813.498
     -72.34016420,-13.22293695,2813.498
     -72.34016420,-13.22293695,2813.498
     -72.34016420,-13.22293695,2813.498
     -72.34016420,-13.22293695,2813.498
     -72.34016420,-13.22293695,2813.498
     -72.34016420,-13.22293695,2813.498
     -72.34016420,-13.22293695,2813.498
     -72.34016420,-13.22293695,2813.498
     -72.34016420,-13.22293695,2813.498
     -72.34016420,-13.22293695,2813.498
     -72.34016420,-13.22293695,2813.498
     -72.34016420,-13.22293695,2813.498
     -72.34016420,-13.22293695,2813.498
     -72.34016420,-13.22293695,2813.498
     -72.34016420,-13.22293695,2813.498
     -72.34016420,-13.22293695,2813.498
     -72.34016420,-13.22293695,2813.498
     -72.34016420,-13.22293695,2813.498
     -72.34016420,-13.22293695,2813.498
     -72.34016420,-13.22293695,2813.498
     -72.34016420,-13.22293695,2813.498
     -72.34016420,-13.22293695,2813.498
     -72.34016420,-13.22293695,2813.498
     -72.34016420,-13.22293695,2813.498
     -72.34016420,-13.22293695,2813.498
     -72.34016420,-13.22293695,2813.498
     -72.34016420,-13.22293695,2813.498
     -72.34016420,-13.22293695,2813.498
     -72.34016420,-13.22293695,2813.498
     -72.34016420,-13.22293695,2813.498
     -72.34016420,-13.22293695,2813.498
     -72.34016420,-13.22293695,2813.498
     -72.34016420,-13.22293695,2813.498
     -72.34016420,-13.22293695,2813.498
     -72.34016420,-13.22293695,2813.498
     -72.34016420,-13.22293695,2813.498
     -72.34016420,-13.22293695,2813.498
     -72.34016420,-13.22293695,2813.498
     -72.34016420,-13.22293695,2813.498
     -72.34016420,-13.22293695,2813.498
     -72.34016420,-13.22293695,2813.498
     -72.34016420,-13.22293695,2813.498
     -72.34016420,-13.22293695,2813.498
     -72.34016420,-13.22293695,2813.498
     -72.34016420,-13.22293695,2813.498
     -72.34016420,-13.22293695,2813.498
     -72.34016420,-13.22293695,2813.498
     -72.34016420,-13.22293695,2813.498
     -72.34016420,-13.22293695,2813.498
     -72.34016420,-13.22293695,2813.498
     -72.34016420,-13.22293695,2813.498
     -72.34016420,-13.22293695,2813.498
     -72.34016420,-13.22293695,2813.498
     -72.34016420,-13.22293695,2813.498
     -72.34016420,-13.22293695,2813.498
     -72.34016420,-13.22293695,2813.498
     -72.34016420,-13.22293695,2813.498
     -72.34016420,-13.22293695,2813.498
     -72.34016420,-13.22293695,2813.498
     -72.34016420,-13.22293695,2813.498
     -72.34016420,-13.22293695,2813.498
     -72.34016420,-13.22293695,2813.498
     -72.34016420,-13.22293695,2813.498
     -72.34016420,-13.22293695,2813.498
     -72.34016420,-13.22293695,2813.498
     -72.34016420,-13.22293695,2813.498
     -72.34016420,-13.22293695,2813.498
     -72.34016420,-13.22293695,2813.498
     -72.34016420,-13.22293695,2813.498
     -72.34016420,-13.22293695,2813.498
     -72.34016420,-13.22293695,2813.498
     -72.34016420,-13.22293695,2813.498
     -72.34016420,-13.22293695,2813.498
     -72.34016420,-13.22293695,2813.498
     -72.34016420,-13.22293695,2813.498
     -72.34016420,-13.22293695,2813.498
     -72.34016420,-13.22293695,2813.498
     -72.34016420,-13.22293695,2813.498
     -72.34016420,-13.22293695,2813.498
     -72.34016420,-13.22293695,2813.498
     -72.34016487,-13.22293250,2811.738
     -72.34016312,-13.22292470,2811.573
     -72.34016157,-13.22292393,2811.771
     -72.34016157,-13.22292393,2811.771
     -72.34016157,-13.22292393,2811.771
     -72.34016157,-13.22292393,2811.771
     -72.34016157,-13.22292393,2811.771
     -72.34016157,-13.22292393,2811.771
     -72.34016157,-13.22292393,2811.771
     -72.34016157,-13.22292393,2811.771
     -72.34016157,-13.22292393,2811.771
     -72.34016157,-13.22292393,2811.771
     -72.34016157,-13.22292393,2811.771
     -72.34016157,-13.22292393,2811.771
     -72.34016157,-13.22292393,2811.771
     -72.34016157,-13.22292393,2811.771
     -72.34016157,-13.22292393,2811.771
     -72.34016157,-13.22292393,2811.771
     -72.34016157,-13.22292393,2811.771
     -72.34016157,-13.22292393,2811.771
     -72.34016157,-13.22292393,2811.771
     -72.34016157,-13.22292393,2811.771
     -72.34016157,-13.22292393,2811.771
     -72.34016157,-13.22292393,2811.771
     -72.34016157,-13.22292393,2811.771
     -72.34016157,-13.22292393,2811.771
     -72.34016157,-13.22292393,2811.771
     -72.34016157,-13.22292393,2811.771
     -72.34016157,-13.22292393,2811.771
     -72.34016157,-13.22292393,2811.771
     -72.34016157,-13.22292393,2811.771
     -72.34016157,-13.22292393,2811.771
     -72.34016157,-13.22292393,2811.771
     -72.34016157,-13.22292393,2811.771
     -72.34016157,-13.22292393,2811.771
     -72.34016157,-13.22292393,2811.771
     -72.34016157,-13.22292393,2811.771
     -72.34016157,-13.22292393,2811.771
     -72.34016157,-13.22292393,2811.771
     -72.34016157,-13.22292393,2811.771
     -72.34016157,-13.22292393,2811.771
     -72.34016157,-13.22292393,2811.771
     -72.34016157,-13.22292393,2811.771
     -72.34016157,-13.22292393,2811.771
     -72.34016157,-13.22292393,2811.771
     -72.34016157,-13.22292393,2811.771
     -72.34016157,-13.22292393,2811.771
     -72.34016157,-13.22292393,2811.771
     -72.34016157,-13.22292393,2811.771
     -72.34016157,-13.22292393,2811.771
     -72.34016157,-13.22292393,2811.771
     -72.34016157,-13.22292393,2811.771
     -72.34016157,-13.22292393,2811.771
     -72.34016157,-13.22292393,2811.771
     -72.34016157,-13.22292393,2811.771
     -72.34016157,-13.22292393,2811.771
     -72.34016082,-13.22293420,2811.323
     -72.34016170,-13.22293248,2811.902
     -72.34016147,-13.22292665,2811.691
     -72.34016147,-13.22292665,2811.691
     -72.34016147,-13.22292665,2811.691
     -72.34016147,-13.22292665,2811.691
     -72.34016147,-13.22292665,2811.691
     -72.34016147,-13.22292665,2811.691
     -72.34016147,-13.22292665,2811.691
     -72.34016147,-13.22292665,2811.691
     -72.34016147,-13.22292665,2811.691
     -72.34016147,-13.22292665,2811.691
     -72.34016147,-13.22292665,2811.691
     -72.34016147,-13.22292665,2811.691
     -72.34016147,-13.22292665,2811.691
     -72.34016147,-13.22292665,2811.691
     -72.34016147,-13.22292665,2811.691
     -72.34016147,-13.22292665,2811.691
     -72.34016147,-13.22292665,2811.691
     -72.34016147,-13.22292665,2811.691
     -72.34016147,-13.22292665,2811.691
     -72.34016147,-13.22292665,2811.691
     -72.34016147,-13.22292665,2811.691
     -72.34016147,-13.22292665,2811.691
     -72.34016147,-13.22292665,2811.691
     -72.34016147,-13.22292665,2811.691
     -72.34016147,-13.22292665,2811.691
     -72.34016147,-13.22292665,2811.691
     -72.34016147,-13.22292665,2811.691
     -72.34016147,-13.22292665,2811.691
     -72.34016147,-13.22292665,2811.691
     -72.34016147,-13.22292665,2811.691
     -72.34016147,-13.22292665,2811.691
     -72.34016147,-13.22292665,2811.691
     -72.34016147,-13.22292665,2811.691
     -72.34016147,-13.22292665,2811.691
     -72.34016147,-13.22292665,2811.691
     -72.34016147,-13.22292665,2811.691
     -72.34016147,-13.22292665,2811.691
     -72.34016147,-13.22292665,2811.691
     -72.34016147,-13.22292665,2811.691
     -72.34016147,-13.22292665,2811.691
     -72.34016147,-13.22292665,2811.691
     -72.34016147,-13.22292665,2811.691
     -72.34016147,-13.22292665,2811.691
     -72.34016147,-13.22292665,2811.691
     -72.34016147,-13.22292665,2811.691
     -72.34016147,-13.22292665,2811.691
     -72.34016147,-13.22292665,2811.691
     -72.34016147,-13.22292665,2811.691
     -72.34016147,-13.22292665,2811.691
     -72.34016147,-13.22292665,2811.691
     -72.34016147,-13.22292665,2811.691
     -72.34016147,-13.22292665,2811.691
     -72.34016147,-13.22292665,2811.691
     -72.34016147,-13.22292665,2811.691
     -72.34016147,-13.22292665,2811.691
     -72.34016147,-13.22292665,2811.691
     -72.34016147,-13.22292665,2811.691
     -72.34016147,-13.22292665,2811.691
     -72.34016147,-13.22292665,2811.691
     -72.34016147,-13.22292665,2811.691
     -72.34016147,-13.22292665,2811.691
     -72.34016147,-13.22292665,2811.691
     -72.34016147,-13.22292665,2811.691
     -72.34016147,-13.22292665,2811.691
     -72.34016147,-13.22292665,2811.691
     -72.34016147,-13.22292665,2811.691
     -72.34016147,-13.22292665,2811.691
     -72.34016147,-13.22292665,2811.691
     -72.34016147,-13.22292665,2811.691
     -72.34016147,-13.22292665,2811.691
     -72.34016147,-13.22292665,2811.691
     -72.34016147,-13.22292665,2811.691
     -72.34016147,-13.22292665,2811.691
     -72.34016147,-13.22292665,2811.691
     -72.34016147,-13.22292665,2811.691
     -72.34016147,-13.22292665,2811.691
     -72.34016147,-13.22292665,2811.691
     -72.34016147,-13.22292665,2811.691
     -72.34016147,-13.22292665,2811.691
     -72.34016147,-13.22292665,2811.691
     -72.34016147,-13.22292665,2811.691
     -72.34016147,-13.22292665,2811.691
     -72.34016147,-13.22292665,2811.691
     -72.34016147,-13.22292665,2811.691
     -72.34016147,-13.22292665,2811.691
     -72.34016147,-13.22292665,2811.691
     -72.34016147,-13.22292665,2811.691
     -72.34016147,-13.22292665,2811.691
     -72.34016147,-13.22292665,2811.691
     -72.34016147,-13.22292665,2811.691
     -72.34016147,-13.22292665,2811.691
     -72.34016147,-13.22292665,2811.691
     -72.34016147,-13.22292665,2811.691
     -72.34016147,-13.22292665,2811.691
     -72.34016147,-13.22292665,2811.691
     -72.34016147,-13.22292665,2811.691
     -72.34016147,-13.22292665,2811.691
     -72.34016147,-13.22292665,2811.691
     -72.34016147,-13.22292665,2811.691
     -72.34016147,-13.22292665,2811.691
     -72.34016147,-13.22292665,2811.691
     -72.34016147,-13.22292665,2811.691
     -72.34016147,-13.22292665,2811.691
     -72.34016147,-13.22292665,2811.691
     -72.34016147,-13.22292665,2811.691
     -72.34016147,-13.22292665,2811.691
     -72.34016147,-13.22292665,2811.691
     -72.34016147,-13.22292665,2811.691
     -72.34016147,-13.22292665,2811.691
     -72.34016147,-13.22292665,2811.691
     -72.34016147,-13.22292665,2811.691
     -72.34016147,-13.22292665,2811.691
     -72.34016147,-13.22292665,2811.691
     -72.34016147,-13.22292665,2811.691
     -72.34016147,-13.22292665,2811.691
     -72.34016147,-13.22292665,2811.691
     -72.34016147,-13.22292665,2811.691
     -72.34016147,-13.22292665,2811.691
     -72.34016147,-13.22292665,2811.691
     -72.34016147,-13.22292665,2811.691
     -72.34016147,-13.22292665,2811.691
     -72.34016147,-13.22292665,2811.691
     -72.34016147,-13.22292665,2811.691
     -72.34016147,-13.22292665,2811.691
     -72.34016147,-13.22292665,2811.691
     -72.34016147,-13.22292665,2811.691
     -72.34016147,-13.22292665,2811.691
     -72.34016147,-13.22292665,2811.691
     -72.34016147,-13.22292665,2811.691
     -72.34016147,-13.22292665,2811.691
     -72.34016147,-13.22292665,2811.691
     -72.34016147,-13.22292665,2811.691
     -72.34016147,-13.22292665,2811.691
     -72.34016147,-13.22292665,2811.691
     -72.34016147,-13.22292665,2811.691
     -72.34016147,-13.22292665,2811.691
     -72.34016147,-13.22292665,2811.691
     -72.34016147,-13.22292665,2811.691
     -72.34016147,-13.22292665,2811.691
     -72.34016147,-13.22292665,2811.691
     -72.34016147,-13.22292665,2811.691
     -72.34016147,-13.22292665,2811.691
     -72.34016147,-13.22292665,2811.691
     -72.34016147,-13.22292665,2811.691
     -72.34016147,-13.22292665,2811.691
     -72.34016147,-13.22292665,2811.691
     -72.34016147,-13.22292665,2811.691
     -72.34016147,-13.22292665,2811.691
     -72.34016147,-13.22292665,2811.691
     -72.34016147,-13.22292665,2811.691
     -72.34016147,-13.22292665,2811.691
     -72.34016147,-13.22292665,2811.691
     -72.34016147,-13.22292665,2811.691
     -72.34016147,-13.22292665,2811.691
     -72.34016147,-13.22292665,2811.691
     -72.34016147,-13.22292665,2811.691
     -72.34016147,-13.22292665,2811.691
     -72.34016147,-13.22292665,2811.691
     -72.34016147,-13.22292665,2811.691
     -72.34016147,-13.22292665,2811.691
     -72.34016147,-13.22292665,2811.691
     -72.34016147,-13.22292665,2811.691
     -72.34016147,-13.22292665,2811.691
     -72.34016147,-13.22292665,2811.691
     -72.34016147,-13.22292665,2811.691
     -72.34016147,-13.22292665,2811.691
     -72.34016147,-13.22292665,2811.691
     -72.34016147,-13.22292665,2811.691
     -72.34016147,-13.22292665,2811.691
     -72.34016147,-13.22292665,2811.691
     -72.34016147,-13.22292665,2811.691
     -72.34016147,-13.22292665,2811.691
     -72.34016147,-13.22292665,2811.691
     -72.34016147,-13.22292665,2811.691
     -72.34016147,-13.22292665,2811.691
     -72.34016147,-13.22292665,2811.691
     -72.34016147,-13.22292665,2811.691
     -72.34016147,-13.22292665,2811.691
     -72.34016147,-13.22292665,2811.691
     -72.34016147,-13.22292665,2811.691
     -72.34016147,-13.22292665,2811.691
     -72.34016147,-13.22292665,2811.691
     -72.34016147,-13.22292665,2811.691
     -72.34016147,-13.22292665,2811.691
     -72.34016147,-13.22292665,2811.691
     -72.34016147,-13.22292665,2811.691
     -72.34016147,-13.22292665,2811.691
     -72.34016147,-13.22292665,2811.691
     -72.34016147,-13.22292665,2811.691
     -72.34016147,-13.22292665,2811.691
     -72.34016147,-13.22292665,2811.691
     -72.34016147,-13.22292665,2811.691
     -72.34016147,-13.22292665,2811.691
     -72.34016147,-13.22292665,2811.691
     -72.34016147,-13.22292665,2811.691
     -72.34016147,-13.22292665,2811.691
     -72.34016147,-13.22292665,2811.691
     -72.34016147,-13.22292665,2811.691
     -72.34016147,-13.22292665,2811.691
     -72.34016147,-13.22292665,2811.691
     -72.34016147,-13.22292665,2811.691
     -72.34016147,-13.22292665,2811.691
     -72.34016147,-13.22292665,2811.691
     -72.34016147,-13.22292665,2811.691
     -72.34016147,-13.22292665,2811.691
     -72.34016147,-13.22292665,2811.691
     -72.34016147,-13.22292665,2811.691
     -72.34016147,-13.22292665,2811.691
     -72.34016147,-13.22292665,2811.691
     -72.34016147,-13.22292665,2811.691
     -72.34016147,-13.22292665,2811.691
     -72.34016147,-13.22292665,2811.691
     -72.34016147,-13.22292665,2811.691
     -72.34016147,-13.22292665,2811.691
     -72.34016147,-13.22292665,2811.691
     -72.34016147,-13.22292665,2811.691
     -72.34016147,-13.22292665,2811.691
     -72.34016147,-13.22292665,2811.691
     -72.34016147,-13.22292665,2811.691
     -72.34016147,-13.22292665,2811.691
     -72.34016147,-13.22292665,2811.691
     -72.34016147,-13.22292665,2811.691
     -72.34016147,-13.22292665,2811.691
     -72.34016147,-13.22292665,2811.691
     -72.34016147,-13.22292665,2811.691
     -72.34016147,-13.22292665,2811.691
     -72.34016147,-13.22292665,2811.691
     -72.34016147,-13.22292665,2811.691
     -72.34016147,-13.22292665,2811.691
     -72.34016147,-13.22292665,2811.691
     -72.34016147,-13.22292665,2811.691
     -72.34016147,-13.22292665,2811.691
     -72.34016147,-13.22292665,2811.691
     -72.34016147,-13.22292665,2811.691
     -72.34016147,-13.22292665,2811.691
     -72.34016147,-13.22292665,2811.691
     -72.34016147,-13.22292665,2811.691
     -72.34016147,-13.22292665,2811.691
     -72.34016147,-13.22292665,2811.691
     -72.34016147,-13.22292665,2811.691
     -72.34016147,-13.22292665,2811.691
     -72.34016147,-13.22292665,2811.691
     -72.34016147,-13.22292665,2811.691
     -72.34016147,-13.22292665,2811.691
     -72.34016147,-13.22292665,2811.691
     -72.34016147,-13.22292665,2811.691
     -72.34016147,-13.22292665,2811.691
     -72.34016147,-13.22292665,2811.691
     -72.34016147,-13.22292665,2811.691
     -72.34016147,-13.22292665,2811.691
     -72.34016147,-13.22292665,2811.691
     -72.34016147,-13.22292665,2811.691
     -72.34016147,-13.22292665,2811.691
     -72.34016147,-13.22292665,2811.691
     -72.34016147,-13.22292665,2811.691
     -72.34016147,-13.22292665,2811.691
     -72.34016147,-13.22292665,2811.691
     -72.34016147,-13.22292665,2811.691
     -72.34016147,-13.22292665,2811.691
     -72.34016147,-13.22292665,2811.691
     -72.34016147,-13.22292665,2811.691
     -72.34016147,-13.22292665,2811.691
     -72.34016147,-13.22292665,2811.691
     -72.34016147,-13.22292665,2811.691
     -72.34016147,-13.22292665,2811.691
     -72.34016147,-13.22292665,2811.691
     -72.34016147,-13.22292665,2811.691
     -72.34016147,-13.22292665,2811.691
     -72.34016147,-13.22292665,2811.691
     -72.34016147,-13.22292665,2811.691
     -72.34016147,-13.22292665,2811.691
     -72.34016147,-13.22292665,2811.691
     -72.34016147,-13.22292665,2811.691
     -72.34016147,-13.22292665,2811.691
     -72.34016147,-13.22292665,2811.691
     -72.34016147,-13.22292665,2811.691
     -72.34016147,-13.22292665,2811.691
     -72.34016147,-13.22292665,2811.691
     -72.34016147,-13.22292665,2811.691
     -72.34016147,-13.22292665,2811.691
     -72.34016147,-13.22292665,2811.691
     -72.34016147,-13.22292665,2811.691
     -72.34016147,-13.22292665,2811.691
     -72.34016147,-13.22292665,2811.691
     -72.34016147,-13.22292665,2811.691
     -72.34016147,-13.22292665,2811.691
     -72.34016147,-13.22292665,2811.691
     -72.34016147,-13.22292665,2811.691
     -72.34016147,-13.22292665,2811.691
     -72.34016147,-13.22292665,2811.691
     -72.34016147,-13.22292665,2811.691
     -72.34016147,-13.22292665,2811.691
     -72.34016147,-13.22292665,2811.691
     -72.34016147,-13.22292665,2811.691
     -72.34016147,-13.22292665,2811.691
     -72.34016147,-13.22292665,2811.691
     -72.34016147,-13.22292665,2811.691
     -72.34016147,-13.22292665,2811.691
     -72.34016147,-13.22292665,2811.691
     -72.34016147,-13.22292665,2811.691
     -72.34016147,-13.22292665,2811.691
     -72.34016147,-13.22292665,2811.691
     -72.34016147,-13.22292665,2811.691
     -72.34016147,-13.22292665,2811.691
     -72.34016147,-13.22292665,2811.691
     -72.34016147,-13.22292665,2811.691
     -72.34016147,-13.22292665,2811.691
     -72.34016147,-13.22292665,2811.691
     -72.34016147,-13.22292665,2811.691
     -72.34016147,-13.22292665,2811.691
     -72.34016147,-13.22292665,2811.691
     -72.34016147,-13.22292665,2811.691
     -72.34016147,-13.22292665,2811.691
     -72.34016147,-13.22292665,2811.691
     -72.34016147,-13.22292665,2811.691
     -72.34016147,-13.22292665,2811.691
     -72.34016147,-13.22292665,2811.691
     -72.34016147,-13.22292665,2811.691
     -72.34016147,-13.22292665,2811.691
     -72.34016147,-13.22292665,2811.691
     -72.34016147,-13.22292665,2811.691
     -72.34016147,-13.22292665,2811.691
     -72.34016147,-13.22292665,2811.691
     -72.34016147,-13.22292665,2811.691
     -72.34016147,-13.22292665,2811.691
     -72.34016147,-13.22292665,2811.691
     -72.34016147,-13.22292665,2811.691
     -72.34016147,-13.22292665,2811.691
     -72.34016147,-13.22292665,2811.691
     -72.34016147,-13.22292665,2811.691
     -72.34016147,-13.22292665,2811.691
     -72.34016147,-13.22292665,2811.691
     -72.34016147,-13.22292665,2811.691
     -72.34016147,-13.22292665,2811.691
     -72.34016147,-13.22292665,2811.691
     -72.34016147,-13.22292665,2811.691
     -72.34016147,-13.22292665,2811.691
     -72.34016147,-13.22292665,2811.691
     -72.34016147,-13.22292665,2811.691
     -72.34016147,-13.22292665,2811.691
     -72.34016147,-13.22292665,2811.691
     -72.34016147,-13.22292665,2811.691
     -72.34016147,-13.22292665,2811.691
     -72.34016147,-13.22292665,2811.691
     -72.34016147,-13.22292665,2811.691
     -72.34016147,-13.22292665,2811.691
     -72.34016147,-13.22292665,2811.691
     -72.34016147,-13.22292665,2811.691
     -72.34016147,-13.22292665,2811.691
     -72.34016147,-13.22292665,2811.691
     -72.34016147,-13.22292665,2811.691
     -72.34016147,-13.22292665,2811.691
     -72.34016147,-13.22292665,2811.691
     -72.34016147,-13.22292665,2811.691
     -72.34016147,-13.22292665,2811.691
     -72.34016147,-13.22292665,2811.691
     -72.34016147,-13.22292665,2811.691
     -72.34016147,-13.22292665,2811.691
     -72.34016147,-13.22292665,2811.691
     -72.34016147,-13.22292665,2811.691
     -72.34016147,-13.22292665,2811.691
     -72.34016147,-13.22292665,2811.691
     -72.34016147,-13.22292665,2811.691
     -72.34016147,-13.22292665,2811.691
     -72.34016147,-13.22292665,2811.691
     -72.34016147,-13.22292665,2811.691
     -72.34016147,-13.22292665,2811.691
     -72.34016147,-13.22292665,2811.691
     -72.34016147,-13.22292665,2811.691
     -72.34016147,-13.22292665,2811.691
     -72.34016147,-13.22292665,2811.691
     -72.34016147,-13.22292665,2811.691
     -72.34016147,-13.22292665,2811.691
     -72.34016147,-13.22292665,2811.691
     -72.34016147,-13.22292665,2811.691
     -72.34016147,-13.22292665,2811.691
     -72.34016147,-13.22292665,2811.691
     -72.34016147,-13.22292665,2811.691
     -72.34016147,-13.22292665,2811.691
     -72.34016147,-13.22292665,2811.691
     -72.34016147,-13.22292665,2811.691
     -72.34016147,-13.22292665,2811.691
     -72.34016147,-13.22292665,2811.691
     -72.34016147,-13.22292665,2811.691
     -72.34016147,-13.22292665,2811.691
     -72.34016147,-13.22292665,2811.691
     -72.34016147,-13.22292665,2811.691
     -72.34015470,-13.22292438,2812.299
     -72.34015265,-13.22292247,2813.393
     -72.34015265,-13.22292247,2813.393
     -72.34014977,-13.22292257,2814.219
     -72.34014922,-13.22292455,2814.811
     -72.34014922,-13.22292455,2814.811
     -72.34014922,-13.22292455,2814.811
     -72.34014922,-13.22292455,2814.811
     -72.34014922,-13.22292455,2814.811
     -72.34014922,-13.22292455,2814.811
     -72.34014922,-13.22292455,2814.811
     -72.34014922,-13.22292455,2814.811
     -72.34014922,-13.22292455,2814.811
     -72.34014922,-13.22292455,2814.811
     -72.34014922,-13.22292455,2814.811
     -72.34014922,-13.22292455,2814.811
     -72.34014922,-13.22292455,2814.811
     -72.34014922,-13.22292455,2814.811
     -72.34014922,-13.22292455,2814.811
     -72.34014922,-13.22292455,2814.811
     -72.34014922,-13.22292455,2814.811
     -72.34014922,-13.22292455,2814.811
     -72.34014922,-13.22292455,2814.811
     -72.34014922,-13.22292455,2814.811
     -72.34014922,-13.22292455,2814.811
     -72.34014922,-13.22292455,2814.811
     -72.34014922,-13.22292455,2814.811
     -72.34014922,-13.22292455,2814.811
     -72.34014922,-13.22292455,2814.811
     -72.34014922,-13.22292455,2814.811
     -72.34014922,-13.22292455,2814.811
     -72.34014922,-13.22292455,2814.811
     -72.34014922,-13.22292455,2814.811
     -72.34014922,-13.22292455,2814.811
     -72.34014922,-13.22292455,2814.811
     -72.34014922,-13.22292455,2814.811
     -72.34014922,-13.22292455,2814.811
     -72.34014922,-13.22292455,2814.811
     -72.34014922,-13.22292455,2814.811
     -72.34014922,-13.22292455,2814.811
     -72.34014922,-13.22292455,2814.811
     -72.34014922,-13.22292455,2814.811
     -72.34014922,-13.22292455,2814.811
     -72.34014922,-13.22292455,2814.811
     -72.34014922,-13.22292455,2814.811
     -72.34014922,-13.22292455,2814.811
     -72.34014922,-13.22292455,2814.811
     -72.34014922,-13.22292455,2814.811
     -72.34015020,-13.22293188,2818.945
     -72.34014860,-13.22293120,2819.409
     -72.34014850,-13.22293050,2819.875
     -72.34014850,-13.22293050,2819.875
     -72.34014850,-13.22293050,2819.875
     -72.34014850,-13.22293050,2819.875
     -72.34014850,-13.22293050,2819.875
     -72.34014850,-13.22293050,2819.875
     -72.34014850,-13.22293050,2819.875
     -72.34014850,-13.22293050,2819.875
     -72.34014850,-13.22293050,2819.875
     -72.34016602,-13.22291373,2816.039
     -72.34017973,-13.22291598,2815.729
     -72.34018778,-13.22292373,2815.802
     -72.34019270,-13.22293010,2815.168
     -72.34019523,-13.22293480,2815.690
     -72.34019082,-13.22294123,2816.622
     -72.34018782,-13.22294708,2817.042
     -72.34017872,-13.22295313,2817.322
     -72.34017050,-13.22295758,2817.279
     -72.34016425,-13.22296190,2816.621
     -72.34015428,-13.22296875,2816.474
     -72.34014510,-13.22296972,2816.014
     -72.34013577,-13.22297118,2816.122
     -72.34012593,-13.22297117,2817.021
     -72.34011700,-13.22297402,2817.104
     -72.34011092,-13.22297528,2817.352
     -72.34010385,-13.22298220,2817.786
     -72.34010385,-13.22298220,2817.786
     -72.34010583,-13.22298773,2818.012
     -72.34010742,-13.22299203,2818.006
     -72.34010708,-13.22299575,2818.423
     -72.34010708,-13.22299575,2818.423
     -72.34010708,-13.22299575,2818.423
     -72.34010708,-13.22299575,2818.423
     -72.34010708,-13.22299575,2818.423
     -72.34010708,-13.22299575,2818.423
     -72.34010708,-13.22299575,2818.423
     -72.34010708,-13.22299575,2818.423
     -72.34010708,-13.22299575,2818.423
     -72.34010708,-13.22299575,2818.423
     -72.34010708,-13.22299575,2818.423
     -72.34010708,-13.22299575,2818.423
     -72.34010708,-13.22299575,2818.423
     -72.34010708,-13.22299575,2818.423
     -72.34010708,-13.22299575,2818.423
     -72.34010708,-13.22299575,2818.423
     -72.34010708,-13.22299575,2818.423
     -72.34010708,-13.22299575,2818.423
     -72.34010708,-13.22299575,2818.423
     -72.34010708,-13.22299575,2818.423
     -72.34010708,-13.22299575,2818.423
     -72.34010708,-13.22299575,2818.423
     -72.34010708,-13.22299575,2818.423
     -72.34010708,-13.22299575,2818.423
     -72.34010708,-13.22299575,2818.423
     -72.34010708,-13.22299575,2818.423
     -72.34010708,-13.22299575,2818.423
     -72.34009040,-13.22298537,2819.854
     -72.34008927,-13.22298165,2820.529
     -72.34008885,-13.22298527,2820.667
     -72.34008945,-13.22298363,2820.218
     -72.34008945,-13.22298363,2820.218
     -72.34008945,-13.22298363,2820.218
     -72.34008945,-13.22298363,2820.218
     -72.34008945,-13.22298363,2820.218
     -72.34008945,-13.22298363,2820.218
     -72.34008945,-13.22298363,2820.218
     -72.34008945,-13.22298363,2820.218
     -72.34008945,-13.22298363,2820.218
     -72.34008945,-13.22298363,2820.218
     -72.34008945,-13.22298363,2820.218
     -72.34008945,-13.22298363,2820.218
     -72.34008945,-13.22298363,2820.218
     -72.34008945,-13.22298363,2820.218
     -72.34008945,-13.22298363,2820.218
     -72.34008945,-13.22298363,2820.218
     -72.34008945,-13.22298363,2820.218
     -72.34008945,-13.22298363,2820.218
     -72.34008945,-13.22298363,2820.218
     -72.34008945,-13.22298363,2820.218
     -72.34008945,-13.22298363,2820.218
     -72.34008945,-13.22298363,2820.218
     -72.34008945,-13.22298363,2820.218
     -72.34008945,-13.22298363,2820.218
     -72.34008945,-13.22298363,2820.218
     -72.34008945,-13.22298363,2820.218
     -72.34008945,-13.22298363,2820.218
     -72.34008945,-13.22298363,2820.218
     -72.34008945,-13.22298363,2820.218
     -72.34008945,-13.22298363,2820.218
     -72.34008945,-13.22298363,2820.218
     -72.34008945,-13.22298363,2820.218
     -72.34008945,-13.22298363,2820.218
     -72.34008945,-13.22298363,2820.218
     -72.34008945,-13.22298363,2820.218
     -72.34008945,-13.22298363,2820.218
     -72.34008945,-13.22298363,2820.218
     -72.34008945,-13.22298363,2820.218
     -72.34008945,-13.22298363,2820.218
     -72.34008945,-13.22298363,2820.218
     -72.34008945,-13.22298363,2820.218
     -72.34008945,-13.22298363,2820.218
     -72.34008945,-13.22298363,2820.218
     -72.34008945,-13.22298363,2820.218
     -72.34008945,-13.22298363,2820.218
     -72.34008945,-13.22298363,2820.218
     -72.34008945,-13.22298363,2820.218
     -72.34008945,-13.22298363,2820.218
     -72.34008945,-13.22298363,2820.218
     -72.34008945,-13.22298363,2820.218
     -72.34008945,-13.22298363,2820.218
     -72.34008945,-13.22298363,2820.218
     -72.34008945,-13.22298363,2820.218
     -72.34008945,-13.22298363,2820.218
     -72.34008945,-13.22298363,2820.218
     -72.34008945,-13.22298363,2820.218
     -72.34008945,-13.22298363,2820.218
     -72.34008945,-13.22298363,2820.218
     -72.34008945,-13.22298363,2820.218
     -72.34008945,-13.22298363,2820.218
     -72.34008945,-13.22298363,2820.218
     -72.34008945,-13.22298363,2820.218
     -72.34008945,-13.22298363,2820.218
     -72.34008945,-13.22298363,2820.218
     -72.34008945,-13.22298363,2820.218
     -72.34008945,-13.22298363,2820.218
     -72.34008945,-13.22298363,2820.218
     -72.34008945,-13.22298363,2820.218
     -72.34008945,-13.22298363,2820.218
     -72.34008945,-13.22298363,2820.218
     -72.34008945,-13.22298363,2820.218
     -72.34008945,-13.22298363,2820.218
     -72.34008945,-13.22298363,2820.218
     -72.34008945,-13.22298363,2820.218
     -72.34008945,-13.22298363,2820.218
     -72.34008945,-13.22298363,2820.218
     -72.34008945,-13.22298363,2820.218
     -72.34008945,-13.22298363,2820.218
     -72.34008945,-13.22298363,2820.218
     -72.34008945,-13.22298363,2820.218
     -72.34008945,-13.22298363,2820.218
     -72.34008945,-13.22298363,2820.218
     -72.34008945,-13.22298363,2820.218
     -72.34008945,-13.22298363,2820.218
     -72.34008945,-13.22298363,2820.218
     -72.34008945,-13.22298363,2820.218
     -72.34008945,-13.22298363,2820.218
     -72.34008945,-13.22298363,2820.218
     -72.34008945,-13.22298363,2820.218
     -72.34008945,-13.22298363,2820.218
     -72.34008945,-13.22298363,2820.218
     -72.34008945,-13.22298363,2820.218
     -72.34008945,-13.22298363,2820.218
     -72.34008945,-13.22298363,2820.218
     -72.34008945,-13.22298363,2820.218
     -72.34008945,-13.22298363,2820.218
     -72.34008945,-13.22298363,2820.218
     -72.34008945,-13.22298363,2820.218
     -72.34008945,-13.22298363,2820.218
     -72.34008945,-13.22298363,2820.218
     -72.34008945,-13.22298363,2820.218
     -72.34008945,-13.22298363,2820.218
     -72.34010788,-13.22300718,2823.118
     -72.34010898,-13.22300907,2823.342
     -72.34011078,-13.22300917,2823.345
     -72.34011087,-13.22300848,2823.113
     -72.34010910,-13.22300478,2823.469
     -72.34010910,-13.22300478,2823.469
     -72.34010910,-13.22300478,2823.469
     -72.34010910,-13.22300478,2823.469
     -72.34010910,-13.22300478,2823.469
     -72.34010910,-13.22300478,2823.469
     -72.34011847,-13.22300968,2823.560
     -72.34012233,-13.22300993,2824.250
     -72.34012482,-13.22301102,2824.825
     -72.34012463,-13.22300938,2825.297
     -72.34012282,-13.22300873,2825.731
     -72.34012073,-13.22299512,2825.253
     -72.34012145,-13.22298888,2825.333
     -72.34012145,-13.22298888,2825.333
     -72.34012145,-13.22298888,2825.333
     -72.34012145,-13.22298888,2825.333
     -72.34012145,-13.22298888,2825.333
     -72.34012145,-13.22298888,2825.333
     -72.34012145,-13.22298888,2825.333
     -72.34012145,-13.22298888,2825.333
     -72.34012145,-13.22298888,2825.333
     -72.34012145,-13.22298888,2825.333
     -72.34012145,-13.22298888,2825.333
     -72.34012145,-13.22298888,2825.333
     -72.34012145,-13.22298888,2825.333
     -72.34012145,-13.22298888,2825.333
     -72.34012145,-13.22298888,2825.333
     -72.34012145,-13.22298888,2825.333
     -72.34012145,-13.22298888,2825.333
     -72.34012145,-13.22298888,2825.333
     -72.34012145,-13.22298888,2825.333
     -72.34012145,-13.22298888,2825.333
     -72.34012145,-13.22298888,2825.333
     -72.34012145,-13.22298888,2825.333
     -72.34012145,-13.22298888,2825.333
     -72.34012145,-13.22298888,2825.333
     -72.34011660,-13.22300280,2827.343
     -72.34011718,-13.22300400,2828.522
     -72.34011642,-13.22300790,2829.625
     -72.34011642,-13.22300790,2829.625
     -72.34011642,-13.22300790,2829.625
     -72.34011642,-13.22300790,2829.625
     -72.34011642,-13.22300790,2829.625
     -72.34011642,-13.22300790,2829.625
     -72.34009452,-13.22301357,2829.250
     -72.34009568,-13.22301622,2830.156
     -72.34009412,-13.22301535,2830.538
     -72.34009277,-13.22301673,2830.225
     -72.34009277,-13.22301675,2830.225
     -72.34009277,-13.22301675,2830.225
     -72.34009277,-13.22301675,2830.225
     -72.34009277,-13.22301675,2830.225
     -72.34009277,-13.22301675,2830.225
     -72.34009277,-13.22301675,2830.225
     -72.34009277,-13.22301675,2830.225
     -72.34009277,-13.22301675,2830.225
     -72.34009277,-13.22301675,2830.225
     -72.34009277,-13.22301675,2830.225
     -72.34009277,-13.22301675,2830.225
     -72.34009277,-13.22301675,2830.225
     -72.34009277,-13.22301675,2830.225
     -72.34009277,-13.22301675,2830.225
     -72.34009277,-13.22301675,2830.225
     -72.34009277,-13.22301675,2830.225
     -72.34009277,-13.22301675,2830.225
     -72.34009277,-13.22301675,2830.225
     -72.34009277,-13.22301675,2830.225
     -72.34009277,-13.22301675,2830.225
     -72.34009277,-13.22301675,2830.225
     -72.34009277,-13.22301675,2830.225
     -72.34009277,-13.22301675,2830.225
     -72.34009277,-13.22301675,2830.225
     -72.34009277,-13.22301675,2830.225
     -72.34009277,-13.22301675,2830.225
     -72.34009277,-13.22301675,2830.225
     -72.34009277,-13.22301675,2830.225
     -72.34009277,-13.22301675,2830.225
     -72.34009277,-13.22301675,2830.225
     -72.34009277,-13.22301675,2830.225
     -72.34009277,-13.22301675,2830.225
     -72.34009277,-13.22301675,2830.225
     -72.34009277,-13.22301675,2830.225
     -72.34009277,-13.22301675,2830.225
     -72.34009277,-13.22301675,2830.225
     -72.34009277,-13.22301675,2830.225
     -72.34009277,-13.22301675,2830.225
     -72.34009277,-13.22301675,2830.225
     -72.34009277,-13.22301675,2830.225
     -72.34009277,-13.22301675,2830.225
     -72.34009277,-13.22301675,2830.225
     -72.34009277,-13.22301675,2830.225
     -72.34009277,-13.22301675,2830.225
     -72.34009277,-13.22301675,2830.225
     -72.34009277,-13.22301675,2830.225
     -72.34009277,-13.22301675,2830.225
     -72.34009277,-13.22301675,2830.225
     -72.34009277,-13.22301675,2830.225
     -72.34009277,-13.22301675,2830.225
     -72.34009277,-13.22301675,2830.225
     -72.34009277,-13.22301675,2830.225
     -72.34009277,-13.22301675,2830.225
     -72.34009277,-13.22301675,2830.225
     -72.34009277,-13.22301675,2830.225
     -72.34009277,-13.22301675,2830.225
     -72.34009277,-13.22301675,2830.225
     -72.34009277,-13.22301675,2830.225
     -72.34009277,-13.22301675,2830.225
     -72.34009277,-13.22301675,2830.225
     -72.34009277,-13.22301675,2830.225
     -72.34009277,-13.22301675,2830.225
     -72.34009277,-13.22301675,2830.225
     -72.34009277,-13.22301675,2830.225
     -72.34009277,-13.22301675,2830.225
     -72.34009277,-13.22301675,2830.225
     -72.34009277,-13.22301675,2830.225
     -72.34009277,-13.22301675,2830.225
     -72.34009277,-13.22301675,2830.225
     -72.34009277,-13.22301675,2830.225
     -72.34009277,-13.22301675,2830.225
     -72.34009277,-13.22301675,2830.225
     -72.34009277,-13.22301675,2830.225
     -72.34009277,-13.22301675,2830.225
     -72.34009277,-13.22301675,2830.225
     -72.34009277,-13.22301675,2830.225
     -72.34009277,-13.22301675,2830.225
     -72.34009277,-13.22301675,2830.225
     -72.34009277,-13.22301675,2830.225
     -72.34009277,-13.22301675,2830.225
     -72.34009277,-13.22301675,2830.225
     -72.34009277,-13.22301675,2830.225
     -72.34009277,-13.22301675,2830.225
     -72.34009277,-13.22301675,2830.225
     -72.34009277,-13.22301675,2830.225
     -72.34009277,-13.22301675,2830.225
     -72.34009277,-13.22301675,2830.225
     -72.34009277,-13.22301675,2830.225
     -72.34009277,-13.22301675,2830.225
     -72.34009277,-13.22301675,2830.225
     -72.34009277,-13.22301675,2830.225
     -72.34009277,-13.22301675,2830.225
     -72.34009277,-13.22301675,2830.225
     -72.34009277,-13.22301675,2830.225
     -72.34009277,-13.22301675,2830.225
     -72.34009277,-13.22301675,2830.225
     -72.34009277,-13.22301675,2830.225
     -72.34008918,-13.22302593,2830.154
     -72.34008910,-13.22302877,2830.197
     -72.34009587,-13.22301947,2830.279
     -72.34009925,-13.22301108,2829.963
     -72.34009925,-13.22301108,2829.963
     -72.34010395,-13.22300425,2829.000
     -72.34010395,-13.22300425,2829.000
     -72.34010282,-13.22300240,2828.070
     -72.34010272,-13.22300038,2827.844
     -72.34010272,-13.22300038,2827.844
     -72.34010272,-13.22300038,2827.844
     -72.34010272,-13.22300038,2827.844
     -72.34010272,-13.22300038,2827.844
     -72.34010272,-13.22300038,2827.844
     -72.34010272,-13.22300038,2827.844
     -72.34010272,-13.22300038,2827.844
     -72.34010272,-13.22300038,2827.844
     -72.34010272,-13.22300038,2827.844
     -72.34010272,-13.22300038,2827.844
     -72.34010272,-13.22300038,2827.844
     -72.34010272,-13.22300038,2827.844
     -72.34010272,-13.22300038,2827.844
     -72.34010272,-13.22300038,2827.844
     -72.34010272,-13.22300038,2827.844
     -72.34010272,-13.22300038,2827.844
     -72.34010272,-13.22300038,2827.844
     -72.34010272,-13.22300038,2827.844
     -72.34010272,-13.22300038,2827.844
     -72.34010272,-13.22300038,2827.844
     -72.34010272,-13.22300038,2827.844
     -72.34010272,-13.22300038,2827.844
     -72.34010272,-13.22300038,2827.844
     -72.34010272,-13.22300038,2827.844
     -72.34010272,-13.22300038,2827.844
     -72.34010272,-13.22300038,2827.844
     -72.34010272,-13.22300038,2827.844
     -72.34010272,-13.22300038,2827.844
     -72.34010272,-13.22300038,2827.844
     -72.34010272,-13.22300038,2827.844
     -72.34010272,-13.22300038,2827.844
     -72.34010272,-13.22300038,2827.844
     -72.34010272,-13.22300038,2827.844
     -72.34010272,-13.22300038,2827.844
     -72.34010952,-13.22302495,2827.936
     -72.34010952,-13.22302495,2827.936
     -72.34011310,-13.22303048,2828.103
     -72.34011310,-13.22303048,2828.103
     -72.34011310,-13.22303048,2828.103
     -72.34011310,-13.22303048,2828.103
     -72.34011310,-13.22303048,2828.103
     -72.34011310,-13.22303048,2828.103
     -72.34011310,-13.22303048,2828.103
     -72.34011310,-13.22303048,2828.103
     -72.34011310,-13.22303048,2828.103
     -72.34011310,-13.22303048,2828.103
     -72.34011310,-13.22303048,2828.103
     -72.34011310,-13.22303048,2828.103
     -72.34011310,-13.22303048,2828.103
     -72.34011310,-13.22303048,2828.103
     -72.34011310,-13.22303048,2828.103
     -72.34011310,-13.22303048,2828.103
     -72.34011310,-13.22303048,2828.103
     -72.34011310,-13.22303048,2828.103
     -72.34011310,-13.22303048,2828.103
     -72.34011310,-13.22303048,2828.103
     -72.34011310,-13.22303048,2828.103
     -72.34011310,-13.22303048,2828.103
     -72.34011310,-13.22303048,2828.103
     -72.34011310,-13.22303048,2828.103
     -72.34011310,-13.22303048,2828.103
     -72.34011310,-13.22303048,2828.103
     -72.34011310,-13.22303048,2828.103
     -72.34011310,-13.22303048,2828.103
     -72.34011310,-13.22303048,2828.103
     -72.34011310,-13.22303048,2828.103
     -72.34011310,-13.22303048,2828.103
     -72.34011310,-13.22303048,2828.103
     -72.34011310,-13.22303048,2828.103
     -72.34011310,-13.22303048,2828.103
     -72.34011310,-13.22303048,2828.103
     -72.34011310,-13.22303048,2828.103
     -72.34011310,-13.22303048,2828.103
     -72.34011310,-13.22303048,2828.103
     -72.34011310,-13.22303048,2828.103
     -72.34011310,-13.22303048,2828.103
     -72.34011310,-13.22303048,2828.103
     -72.34011310,-13.22303048,2828.103
     -72.34011310,-13.22303048,2828.103
     -72.34011310,-13.22303048,2828.103
     -72.34011310,-13.22303048,2828.103
     -72.34011310,-13.22303048,2828.103
     -72.34011310,-13.22303048,2828.103
     -72.34011310,-13.22303048,2828.103
     -72.34011310,-13.22303048,2828.103
     -72.34011310,-13.22303048,2828.103
     -72.34011310,-13.22303048,2828.103
     -72.34011310,-13.22303048,2828.103
     -72.34011310,-13.22303048,2828.103
     -72.34011310,-13.22303048,2828.103
     -72.34011310,-13.22303048,2828.103
     -72.34011310,-13.22303048,2828.103
     -72.34011310,-13.22303048,2828.103
     -72.34011310,-13.22303048,2828.103
     -72.34011310,-13.22303048,2828.103
     -72.34011310,-13.22303048,2828.103
     -72.34011310,-13.22303048,2828.103
     -72.34011310,-13.22303048,2828.103
     -72.34011310,-13.22303048,2828.103
     -72.34011310,-13.22303048,2828.103
     -72.34011310,-13.22303048,2828.103
     -72.34011310,-13.22303048,2828.103
     -72.34011310,-13.22303048,2828.103
     -72.34011310,-13.22303048,2828.103
     -72.34011310,-13.22303048,2828.103
     -72.34011310,-13.22303048,2828.103
     -72.34011310,-13.22303048,2828.103
     -72.34011310,-13.22303048,2828.103
     -72.34011310,-13.22303048,2828.103
     -72.34009555,-13.22302722,2825.776
     -72.34009225,-13.22302620,2824.970
     -72.34009225,-13.22302620,2824.970
     -72.34009225,-13.22302620,2824.970
     -72.34009225,-13.22302620,2824.970
     -72.34009225,-13.22302620,2824.970
     -72.34009225,-13.22302620,2824.970
     -72.34009225,-13.22302620,2824.970
     -72.34009225,-13.22302620,2824.970
     -72.34009225,-13.22302620,2824.970
     -72.34009225,-13.22302620,2824.970
     -72.34009225,-13.22302620,2824.970
     -72.34009225,-13.22302620,2824.970
     -72.34009225,-13.22302620,2824.970
     -72.34009225,-13.22302620,2824.970
     -72.34009225,-13.22302620,2824.970
     -72.34009225,-13.22302620,2824.970
     -72.34009225,-13.22302620,2824.970
     -72.34009225,-13.22302620,2824.970
     -72.34009225,-13.22302620,2824.970
     -72.34009225,-13.22302620,2824.970
     -72.34009225,-13.22302620,2824.970
     -72.34009225,-13.22302620,2824.970
     -72.34009225,-13.22302620,2824.970
     -72.34009225,-13.22302620,2824.970
     -72.34009225,-13.22302620,2824.970
     -72.34009225,-13.22302620,2824.970
     -72.34009225,-13.22302620,2824.970
     -72.34009225,-13.22302620,2824.970
     -72.34009225,-13.22302620,2824.970
     -72.34008673,-13.22304227,2823.212
     -72.34007838,-13.22304468,2823.783
     -72.34008467,-13.22304718,2823.154
     -72.34009145,-13.22304405,2822.153
     -72.34010063,-13.22303398,2821.486
     -72.34010838,-13.22302223,2820.458
     -72.34011983,-13.22301447,2818.991
     -72.34013600,-13.22300862,2817.447
     -72.34014823,-13.22299970,2816.959
     -72.34016155,-13.22299077,2815.707
     -72.34016578,-13.22298188,2815.619
     -72.34017215,-13.22297667,2816.104
     -72.34018640,-13.22296308,2815.879
     -72.34019658,-13.22295208,2815.780
     -72.34020443,-13.22294302,2816.595
     -72.34020443,-13.22294302,2816.595
     -72.34020718,-13.22293317,2816.781
     -72.34021117,-13.22292650,2816.937
     -72.34021117,-13.22292650,2816.937
     -72.34021117,-13.22292650,2816.937
     -72.34021117,-13.22292650,2816.937
     -72.34021117,-13.22292650,2816.937
     -72.34021117,-13.22292650,2816.937
     -72.34021117,-13.22292650,2816.937
     -72.34021117,-13.22292650,2816.937
     -72.34021117,-13.22292650,2816.937
     -72.34021117,-13.22292650,2816.937
     -72.34021117,-13.22292650,2816.937
     -72.34021117,-13.22292650,2816.937
     -72.34021117,-13.22292650,2816.937
     -72.34021117,-13.22292650,2816.937
     -72.34021117,-13.22292650,2816.937
     -72.34021117,-13.22292650,2816.937
     -72.34021117,-13.22292650,2816.937
     -72.34021117,-13.22292650,2816.937
     -72.34021117,-13.22292650,2816.937
     -72.34021117,-13.22292650,2816.937
     -72.34021117,-13.22292650,2816.937
     -72.34021117,-13.22292650,2816.937
     -72.34021117,-13.22292650,2816.937
     -72.34021117,-13.22292650,2816.937
     -72.34021117,-13.22292650,2816.937
     -72.34021117,-13.22292650,2816.937
     -72.34021117,-13.22292650,2816.937
     -72.34021117,-13.22292650,2816.937
     -72.34021117,-13.22292650,2816.937
     -72.34021117,-13.22292650,2816.937
     -72.34025988,-13.22288237,2815.534
     -72.34029578,-13.22286467,2815.596
     -72.34034250,-13.22284008,2815.416
     -72.34039417,-13.22282262,2815.094
     -72.34043737,-13.22281282,2814.839
     -72.34047800,-13.22280407,2814.919
     -72.34051158,-13.22279575,2814.513
     -72.34054732,-13.22278548,2814.718
     -72.34058987,-13.22277542,2814.847
     -72.34063342,-13.22276070,2815.302
     -72.34069000,-13.22274795,2815.518
     -72.34074882,-13.22273103,2816.861
     -72.34081288,-13.22271153,2817.423
     -72.34087790,-13.22269798,2818.208
     -72.34094850,-13.22268207,2819.474
     -72.34102145,-13.22266192,2818.987
     -72.34109963,-13.22264275,2820.684
     -72.34118348,-13.22262248,2821.959
     -72.34126153,-13.22260458,2822.438
     -72.34134337,-13.22259207,2824.317
     -72.34142622,-13.22257800,2824.249
     -72.34150925,-13.22256387,2824.145
     -72.34159195,-13.22254497,2823.544
     -72.34167193,-13.22251692,2821.905
     -72.34175207,-13.22248448,2820.461
     -72.34183440,-13.22244997,2819.767
     -72.34191617,-13.22242015,2820.024
     -72.34199705,-13.22239340,2820.826
     -72.34207747,-13.22236935,2820.483
     -72.34216135,-13.22234997,2819.910
     -72.34224082,-13.22233358,2819.488
     -72.34231790,-13.22231895,2819.308
     -72.34239352,-13.22231280,2819.555
     -72.34246375,-13.22230890,2820.040
     -72.34252967,-13.22230640,2819.778
     -72.34258153,-13.22230310,2819.879
     -72.34262035,-13.22230175,2820.967
     -72.34264902,-13.22230367,2821.714
     -72.34267632,-13.22230320,2820.733
     -72.34269930,-13.22230328,2820.346
     -72.34273605,-13.22230490,2820.944
     -72.34278448,-13.22230040,2820.552
     -72.34283287,-13.22229265,2819.942
     -72.34287870,-13.22227607,2819.993
     -72.34291753,-13.22225282,2819.933
     -72.34295755,-13.22222313,2818.567
     -72.34300232,-13.22219185,2818.815
     -72.34304540,-13.22216427,2818.406
     -72.34309178,-13.22213992,2818.385
     -72.34313802,-13.22211882,2818.662
     -72.34318640,-13.22209203,2819.469
     -72.34322885,-13.22206830,2819.957
     -72.34326738,-13.22204298,2820.385
     -72.34330472,-13.22202432,2819.727
     -72.34334382,-13.22199930,2819.842
     -72.34339312,-13.22197432,2820.842
     -72.34345255,-13.22194807,2821.223
     -72.34351575,-13.22191392,2820.789
     -72.34357918,-13.22187198,2820.653
     -72.34364298,-13.22182512,2821.237
     -72.34371240,-13.22177590,2821.655
     -72.34378992,-13.22172552,2821.983
     -72.34386942,-13.22167593,2821.349
     -72.34395412,-13.22162197,2821.573
     -72.34404128,-13.22157452,2821.214
     -72.34413282,-13.22152553,2820.531
     -72.34423013,-13.22148138,2821.639
     -72.34433433,-13.22144210,2822.894
     -72.34444123,-13.22141298,2824.139
     -72.34455170,-13.22140637,2825.354
     -72.34466247,-13.22142000,2826.302
     -72.34477007,-13.22143083,2827.603
     -72.34486500,-13.22143845,2827.840
     -72.34495778,-13.22145443,2829.626
     -72.34503800,-13.22147178,2830.744
     -72.34511665,-13.22149965,2831.740
     -72.34518305,-13.22153872,2831.680
     -72.34524973,-13.22157812,2832.030
     -72.34531742,-13.22161210,2831.814
     -72.34538167,-13.22165047,2831.376
     -72.34544193,-13.22168575,2831.651
     -72.34549717,-13.22171910,2833.112
     -72.34555210,-13.22174520,2832.868
     -72.34560465,-13.22176698,2833.332
     -72.34565100,-13.22178672,2833.977
     -72.34569315,-13.22180390,2834.546
     -72.34572892,-13.22181842,2834.838
     -72.34575708,-13.22183683,2835.955
     -72.34577750,-13.22185358,2836.793
     -72.34580073,-13.22185875,2837.476
     -72.34583280,-13.22185278,2837.293
     -72.34586448,-13.22184435,2837.046
     -72.34589990,-13.22183182,2837.138
     -72.34594208,-13.22182192,2837.218
     -72.34598348,-13.22181248,2837.405
     -72.34602900,-13.22180398,2836.292
     -72.34608032,-13.22179655,2836.297
     -72.34613167,-13.22179423,2836.510
     -72.34618195,-13.22179050,2837.319
     -72.34622322,-13.22178315,2838.136
     -72.34626088,-13.22178197,2838.361
     -72.34629862,-13.22178070,2839.098
     -72.34633817,-13.22178457,2838.677
     -72.34638342,-13.22179073,2837.996
     -72.34643817,-13.22180015,2837.641
     -72.34650357,-13.22181312,2837.913
     -72.34657417,-13.22182618,2838.312
     -72.34664742,-13.22184130,2838.190
     -72.34672400,-13.22185858,2838.644
     -72.34680192,-13.22187513,2837.982
     -72.34688967,-13.22188937,2837.094
     -72.34697783,-13.22188957,2836.218
     -72.34707333,-13.22188322,2835.304
     -72.34717057,-13.22187347,2834.140
     -72.34727082,-13.22185848,2833.829
     -72.34737453,-13.22183527,2832.708
     -72.34748325,-13.22180965,2832.394
     -72.34759485,-13.22178383,2832.104
     -72.34770835,-13.22176282,2831.195
     -72.34782828,-13.22173942,2830.342
     -72.34794340,-13.22172320,2829.858
     -72.34805492,-13.22171962,2830.048
     -72.34816935,-13.22171463,2830.523
     -72.34828427,-13.22171123,2829.970
     -72.34840028,-13.22171208,2829.576
     -72.34851635,-13.22171462,2829.374
     -72.34863483,-13.22171458,2829.303
     -72.34875125,-13.22171798,2829.643
     -72.34887210,-13.22172848,2829.126
     -72.34899280,-13.22174342,2828.645
     -72.34911695,-13.22175598,2828.183
     -72.34924032,-13.22176295,2827.979
     -72.34936770,-13.22174963,2827.837
     -72.34949738,-13.22171732,2827.934
     -72.34963222,-13.22167972,2829.380
     -72.34976312,-13.22163398,2830.199
     -72.34989003,-13.22158520,2830.780
     -72.35001833,-13.22154377,2830.586
     -72.35014920,-13.22150230,2830.089
     -72.35027633,-13.22145868,2830.759
     -72.35040100,-13.22141722,2831.569
     -72.35052075,-13.22137757,2832.885
     -72.35063382,-13.22134503,2833.750
     -72.35073425,-13.22131607,2834.003
     -72.35083025,-13.22128787,2834.488
     -72.35092193,-13.22125998,2835.444
     -72.35101627,-13.22123275,2836.452
     -72.35111563,-13.22121082,2836.291
     -72.35122043,-13.22118663,2836.082
     -72.35132230,-13.22115923,2837.027
     -72.35142487,-13.22112393,2836.913
     -72.35152563,-13.22107385,2836.737
     -72.35162262,-13.22100510,2837.361
     -72.35171985,-13.22093257,2836.203
     -72.35181990,-13.22086305,2835.622
     -72.35192222,-13.22078972,2835.447
     -72.35202183,-13.22071738,2835.147
     -72.35212250,-13.22064270,2835.151
     -72.35222093,-13.22057148,2835.951
     -72.35231777,-13.22050528,2836.737
     -72.35241163,-13.22044017,2837.966
     -72.35250193,-13.22037615,2839.207
     -72.35258695,-13.22030807,2839.041
     -72.35267052,-13.22023885,2839.079
     -72.35275042,-13.22017018,2840.132
     -72.35282722,-13.22009878,2840.784
     -72.35290575,-13.22002953,2842.110
     -72.35298558,-13.21995217,2841.771
     -72.35306603,-13.21987070,2841.833
     -72.35314890,-13.21978855,2841.691
     -72.35322960,-13.21970772,2842.739
     -72.35330903,-13.21963035,2843.174
     -72.35338578,-13.21954947,2842.805
     -72.35346447,-13.21946677,2842.319
     -72.35354665,-13.21938665,2842.699
     -72.35363075,-13.21930602,2842.881
     -72.35371483,-13.21922763,2842.892
     -72.35379892,-13.21913965,2842.234
     -72.35387997,-13.21904778,2842.601
     -72.35396407,-13.21895897,2842.402
     -72.35404710,-13.21887237,2840.981
     -72.35412967,-13.21878835,2840.521
     -72.35420912,-13.21870747,2839.816
     -72.35428263,-13.21862315,2839.673
     -72.35435277,-13.21854047,2839.101
     -72.35442082,-13.21846190,2837.942
     -72.35448820,-13.21838233,2836.939
     -72.35455570,-13.21830797,2837.203
     -72.35462720,-13.21823237,2836.470
     -72.35469867,-13.21816000,2836.526
     -72.35476128,-13.21809407,2836.050
     -72.35481248,-13.21804070,2836.423
     -72.35485122,-13.21799355,2836.964
     -72.35489747,-13.21794630,2837.128
     -72.35493473,-13.21791633,2839.117
     -72.35496692,-13.21788995,2841.831
     -72.35498007,-13.21784493,2842.957
     -72.35499878,-13.21779287,2842.709
     -72.35502178,-13.21773933,2841.382
     -72.35504100,-13.21768595,2840.236
     -72.35506607,-13.21762602,2839.246
     -72.35511227,-13.21758347,2836.054
     -72.35517075,-13.21754717,2832.774
     -72.35523795,-13.21751983,2830.404
     -72.35531713,-13.21751030,2828.190
     -72.35539988,-13.21749417,2825.640
     -72.35548915,-13.21747428,2823.675
     -72.35558143,-13.21744365,2822.732
     -72.35567250,-13.21740673,2822.625
     -72.35576578,-13.21736100,2823.075
     -72.35586212,-13.21730445,2823.481
     -72.35595915,-13.21724608,2823.991
     -72.35605928,-13.21718165,2825.333
     -72.35615667,-13.21711767,2824.856
     -72.35625553,-13.21705685,2825.076
     -72.35635350,-13.21700025,2823.545
     -72.35644965,-13.21694993,2821.369
     -72.35653797,-13.21690348,2819.441
     -72.35661120,-13.21685917,2817.861
     -72.35666705,-13.21682353,2817.583
     -72.35670750,-13.21679842,2817.989
     -72.35674890,-13.21677958,2816.536
     -72.35678987,-13.21675862,2815.510
     -72.35682967,-13.21673493,2813.982
     -72.35687345,-13.21670843,2812.193
     -72.35692082,-13.21667658,2811.531
     -72.35697068,-13.21664460,2810.397
     -72.35702520,-13.21660697,2811.201
     -72.35707508,-13.21656787,2810.785
     -72.35712510,-13.21652790,2810.471
     -72.35716780,-13.21649558,2809.121
     -72.35720778,-13.21646995,2807.970
     -72.35724362,-13.21645263,2806.180
     -72.35727657,-13.21644350,2804.442
     -72.35729860,-13.21643852,2803.464
     -72.35729860,-13.21643852,2803.464
     -72.35729860,-13.21643852,2803.464
     -72.35729860,-13.21643852,2803.464
     -72.35729860,-13.21643852,2803.464
     -72.35729860,-13.21643852,2803.464
     -72.35729860,-13.21643852,2803.464
     -72.35729860,-13.21643852,2803.464
     -72.35729860,-13.21643852,2803.464
     -72.35729860,-13.21643852,2803.464
     -72.35729860,-13.21643852,2803.464
     -72.35729860,-13.21643852,2803.464
     -72.35729860,-13.21643852,2803.464
     -72.35729860,-13.21643852,2803.464
     -72.35729860,-13.21643852,2803.464
     -72.35729860,-13.21643852,2803.464
     -72.35729860,-13.21643852,2803.464
     -72.35731442,-13.21643117,2803.464
     -72.35733070,-13.21642362,2803.464
     -72.35734843,-13.21641332,2801.951
     -72.35738108,-13.21640928,2802.692
     -72.35741723,-13.21639792,2802.712
     -72.35745638,-13.21639120,2802.553
     -72.35750527,-13.21637455,2802.076
     -72.35756807,-13.21635782,2801.780
     -72.35763545,-13.21633367,2802.183
     -72.35770965,-13.21631308,2802.304
     -72.35779163,-13.21629413,2801.645
     -72.35788375,-13.21627273,2801.377
     -72.35797817,-13.21624417,2800.535
     -72.35808003,-13.21621688,2799.568
     -72.35818222,-13.21618815,2798.415
     -72.35828112,-13.21616385,2798.189
     -72.35837960,-13.21614285,2797.933
     -72.35848162,-13.21612082,2797.082
     -72.35858278,-13.21609865,2796.490
     -72.35867825,-13.21607538,2797.183
     -72.35877293,-13.21605507,2796.735
     -72.35886652,-13.21603495,2795.920
     -72.35895507,-13.21601232,2795.802
     -72.35904515,-13.21599155,2795.989
     -72.35913005,-13.21597083,2796.749
     -72.35921555,-13.21595038,2796.399
     -72.35929825,-13.21592985,2796.212
     -72.35938008,-13.21590708,2795.999
     -72.35945908,-13.21588217,2796.175
     -72.35953253,-13.21585570,2796.443
     -72.35960503,-13.21583545,2797.248
     -72.35967805,-13.21581647,2798.323
     -72.35975395,-13.21579255,2798.471
     -72.35982808,-13.21577270,2799.427
     -72.35990155,-13.21576318,2800.283
     -72.35997557,-13.21576145,2800.066
     -72.36004955,-13.21577027,2800.864
     -72.36012238,-13.21579557,2801.330
     -72.36019053,-13.21582340,2803.152
     -72.36026402,-13.21583595,2803.180
     -72.36033052,-13.21583040,2803.119
     -72.36039440,-13.21581258,2802.472
     -72.36045208,-13.21579337,2802.913
     -72.36050433,-13.21578428,2802.489
     -72.36054660,-13.21577598,2801.902
     -72.36058815,-13.21577140,2801.634
     -72.36063123,-13.21577135,2800.572
     -72.36068465,-13.21576982,2799.805
     -72.36073593,-13.21576383,2798.972
     -72.36078918,-13.21575877,2798.077
     -72.36083460,-13.21574482,2796.956
     -72.36087407,-13.21571905,2796.729
     -72.36090687,-13.21568258,2796.298
     -72.36093360,-13.21563992,2795.004
     -72.36095070,-13.21559742,2794.304
     -72.36095838,-13.21554880,2794.275
     -72.36093772,-13.21548940,2794.581
     -72.36091363,-13.21541237,2794.237
     -72.36088855,-13.21533655,2794.045
     -72.36090173,-13.21526575,2795.530
     -72.36092820,-13.21521022,2794.517
     -72.36097427,-13.21517592,2795.702
     -72.36102968,-13.21516358,2795.370
     -72.36109080,-13.21518655,2795.785
     -72.36114670,-13.21525620,2796.240
     -72.36119445,-13.21533747,2797.318
     -72.36123110,-13.21541225,2797.939
     -72.36127472,-13.21547338,2798.371
     -72.36132120,-13.21554188,2797.432
     -72.36137045,-13.21560585,2796.045
     -72.36142583,-13.21566742,2795.431
     -72.36148378,-13.21572693,2797.721
     -72.36154482,-13.21578442,2799.183
     -72.36160420,-13.21584285,2800.114
     -72.36166423,-13.21588022,2802.425
     -72.36172830,-13.21591140,2803.824
     -72.36179753,-13.21593055,2803.999
     -72.36187240,-13.21594080,2804.747
     -72.36195630,-13.21594157,2805.192
     -72.36204298,-13.21593852,2804.890
     -72.36212848,-13.21593787,2805.083
     -72.36221545,-13.21593892,2804.832
     -72.36229797,-13.21594083,2804.606
     -72.36237435,-13.21594457,2804.351
     -72.36245512,-13.21594263,2803.932
     -72.36253997,-13.21593890,2802.653
     -72.36263068,-13.21593193,2802.802
     -72.36272640,-13.21592355,2802.851
     -72.36282553,-13.21591058,2802.072
     -72.36292380,-13.21589903,2801.310
     -72.36302743,-13.21589202,2799.546
     -72.36312882,-13.21587850,2797.613
     -72.36321973,-13.21586703,2796.088
     -72.36330257,-13.21585562,2795.047
     -72.36337188,-13.21584590,2794.944
     -72.36342867,-13.21583445,2794.896
     -72.36346800,-13.21582700,2794.136
     -72.36349467,-13.21582060,2792.941
     -72.36350662,-13.21581912,2792.816
     -72.36350662,-13.21581912,2792.816
     -72.36353127,-13.21581545,2792.816
     -72.36354470,-13.21581345,2792.816
     -72.36355405,-13.21581133,2792.520
     -72.36356338,-13.21581130,2791.646
     -72.36357682,-13.21580933,2791.201
     -72.36359715,-13.21580485,2790.473
     -72.36362622,-13.21579823,2789.199
     -72.36365417,-13.21579335,2788.208
     -72.36368342,-13.21578515,2787.969
     -72.36371447,-13.21577210,2787.968
     -72.36375098,-13.21575738,2787.719
     -72.36379007,-13.21574417,2786.996
     -72.36383320,-13.21572978,2786.009
     -72.36387842,-13.21571452,2785.684
     -72.36392485,-13.21569808,2785.797
     -72.36397608,-13.21567528,2786.262
     -72.36402998,-13.21564952,2787.085
     -72.36409142,-13.21562278,2787.571
     -72.36415993,-13.21559997,2787.574
     -72.36423453,-13.21557612,2787.547
     -72.36431125,-13.21555425,2787.690
     -72.36439425,-13.21553162,2786.782
     -72.36447948,-13.21550775,2786.786
     -72.36456950,-13.21547907,2787.760
     -72.36465907,-13.21545212,2787.485
     -72.36474483,-13.21543307,2787.094
     -72.36482645,-13.21541287,2786.271
     -72.36491433,-13.21539362,2784.613
     -72.36501090,-13.21537528,2782.926
     -72.36510998,-13.21535862,2781.430
     -72.36520667,-13.21534157,2780.157
     -72.36529977,-13.21532337,2778.712
     -72.36539175,-13.21530650,2777.249
     -72.36548318,-13.21528915,2776.218
     -72.36557115,-13.21527482,2775.163
     -72.36565137,-13.21525892,2774.348
     -72.36572363,-13.21524232,2773.247
     -72.36578685,-13.21523287,2771.658
     -72.36582868,-13.21522750,2772.029
     -72.36585092,-13.21522628,2772.674
     -72.36586315,-13.21522845,2773.684
     -72.36586315,-13.21522845,2773.684
     -72.36586315,-13.21522845,2773.684
     -72.36586315,-13.21522845,2773.684
     -72.36586315,-13.21522845,2773.684
     -72.36586315,-13.21522845,2773.684
     -72.36586315,-13.21522845,2773.684
     -72.36587110,-13.21522743,2773.684
     -72.36586998,-13.21522252,2773.912
     -72.36587193,-13.21521698,2773.812
     -72.36587848,-13.21521077,2774.081
     -72.36589123,-13.21520740,2774.417
     -72.36591733,-13.21520450,2773.817
     -72.36595477,-13.21519100,2772.665
     -72.36599668,-13.21517485,2771.485
     -72.36604888,-13.21516053,2770.008
     -72.36610068,-13.21514657,2769.392
     -72.36615525,-13.21512730,2769.318
     -72.36620985,-13.21510753,2769.784
     -72.36627030,-13.21508482,2770.280
     -72.36633702,-13.21506135,2770.644
     -72.36640730,-13.21503548,2771.079
     -72.36648328,-13.21501333,2771.290
     -72.36656362,-13.21499320,2771.183
     -72.36664987,-13.21497533,2771.458
     -72.36674225,-13.21496358,2772.120
     -72.36683477,-13.21496183,2772.536
     -72.36692745,-13.21496980,2772.497
     -72.36701932,-13.21498410,2771.682
     -72.36711182,-13.21500578,2771.168
     -72.36720885,-13.21503815,2771.981
     -72.36730897,-13.21506557,2772.147
     -72.36741417,-13.21509402,2771.831
     -72.36752735,-13.21511845,2771.313
     -72.36764772,-13.21513062,2769.931
     -72.36777405,-13.21513380,2768.047
     -72.36790410,-13.21513018,2765.967
     -72.36803988,-13.21511900,2764.228
     -72.36817590,-13.21510597,2761.678
     -72.36830802,-13.21509365,2758.965
     -72.36843220,-13.21508183,2758.541
     -72.36854917,-13.21507952,2757.530
     -72.36866020,-13.21508507,2757.489
     -72.36876543,-13.21509055,2756.991
     -72.36886777,-13.21508970,2757.327
     -72.36897702,-13.21507875,2756.819
     -72.36908935,-13.21506160,2757.951
     -72.36920285,-13.21504773,2756.321
     -72.36932132,-13.21503380,2754.777
     -72.36944245,-13.21502780,2753.717
     -72.36956452,-13.21501965,2752.577
     -72.36968423,-13.21501310,2751.980
     -72.36980600,-13.21500867,2751.241
     -72.36992840,-13.21500913,2750.096
     -72.37004665,-13.21500977,2749.670
     -72.37015633,-13.21501452,2749.190
     -72.37025650,-13.21501612,2748.863
     -72.37035583,-13.21501442,2749.015
     -72.37045222,-13.21501280,2747.804
     -72.37054235,-13.21500825,2746.857
     -72.37063502,-13.21500267,2746.292
     -72.37072238,-13.21499383,2745.095
     -72.37080883,-13.21497043,2743.450
     -72.37089445,-13.21494630,2741.614
     -72.37097895,-13.21492487,2740.894
     -72.37106530,-13.21490020,2741.221
     -72.37115755,-13.21487887,2741.221
     -72.37124618,-13.21487638,2742.193
     -72.37134008,-13.21487800,2741.832
     -72.37143262,-13.21488275,2741.638
     -72.37152890,-13.21488350,2741.645
     -72.37162480,-13.21488697,2742.681
     -72.37171572,-13.21489108,2743.820
     -72.37181038,-13.21489562,2745.448
     -72.37190988,-13.21490085,2746.182
     -72.37201107,-13.21490365,2746.799
     -72.37211278,-13.21489835,2747.446
     -72.37221408,-13.21489598,2747.828
     -72.37231555,-13.21488890,2747.094
     -72.37241230,-13.21488588,2745.835
     -72.37250418,-13.21488410,2744.785
     -72.37259975,-13.21488608,2743.587
     -72.37269532,-13.21488907,2742.908
     -72.37279575,-13.21488775,2742.148
     -72.37289660,-13.21488178,2741.909
     -72.37299335,-13.21487115,2742.276
     -72.37309068,-13.21485823,2741.812
     -72.37318838,-13.21484703,2741.914
     -72.37328280,-13.21484013,2741.409
     -72.37338045,-13.21483202,2740.499
     -72.37347162,-13.21482290,2739.859
     -72.37355535,-13.21480982,2738.437
     -72.37363775,-13.21479598,2737.396
     -72.37372088,-13.21479082,2735.840
     -72.37380603,-13.21479285,2733.677
     -72.37389085,-13.21479727,2732.664
     -72.37397635,-13.21479933,2731.396
     -72.37406677,-13.21479875,2729.245
     -72.37415592,-13.21479057,2727.815
     -72.37424388,-13.21478545,2727.206
     -72.37433260,-13.21478107,2725.703
     -72.37442080,-13.21477698,2724.206
     -72.37450798,-13.21477348,2722.889
     -72.37459607,-13.21477033,2722.267
     -72.37468020,-13.21476215,2720.936
     -72.37476778,-13.21475387,2719.810
     -72.37485492,-13.21474472,2718.492
     -72.37494820,-13.21473788,2718.823
     -72.37504237,-13.21472998,2718.223
     -72.37514152,-13.21471833,2718.541
     -72.37524005,-13.21470422,2718.032
     -72.37534013,-13.21469425,2718.000
     -72.37544337,-13.21467985,2718.071
     -72.37554937,-13.21467220,2719.343
     -72.37565277,-13.21466473,2720.274
     -72.37575313,-13.21465672,2721.951
     -72.37584723,-13.21464822,2722.095
     -72.37593620,-13.21464622,2722.293
     -72.37601877,-13.21465563,2722.543
     -72.37609278,-13.21466472,2722.891
     -72.37617088,-13.21466505,2723.333
     -72.37625150,-13.21465685,2724.527
     -72.37633835,-13.21464847,2725.723
     -72.37642570,-13.21464153,2726.645
     -72.37650635,-13.21463080,2727.807
     -72.37656817,-13.21462295,2729.826
     -72.37661490,-13.21461253,2732.002
     -72.37663722,-13.21460230,2733.115
     -72.37665568,-13.21458995,2734.412
     -72.37668250,-13.21456663,2733.846
     -72.37672783,-13.21454093,2733.177
     -72.37678008,-13.21451155,2733.499
     -72.37683183,-13.21447488,2732.710
     -72.37689342,-13.21443555,2732.996
     -72.37695523,-13.21438790,2732.964
     -72.37701595,-13.21433663,2732.352
     -72.37708470,-13.21429602,2731.749
     -72.37715733,-13.21426143,2731.393
     -72.37723580,-13.21423260,2730.946
     -72.37731257,-13.21420603,2730.641
     -72.37739020,-13.21418248,2730.503
     -72.37746697,-13.21416002,2729.972
     -72.37753693,-13.21413620,2728.988
     -72.37760795,-13.21411887,2728.318
     -72.37768473,-13.21410277,2727.198
     -72.37776043,-13.21409053,2727.551
     -72.37784022,-13.21407390,2727.969
     -72.37791670,-13.21405850,2726.960
     -72.37799807,-13.21404922,2726.229
     -72.37807367,-13.21404013,2725.955
     -72.37814573,-13.21404255,2725.595
     -72.37821347,-13.21403917,2724.821
     -72.37828070,-13.21403905,2724.292
     -72.37834110,-13.21403898,2723.856
     -72.37839647,-13.21404323,2723.007
     -72.37844992,-13.21404542,2721.875
     -72.37850710,-13.21404335,2721.121
     -72.37856787,-13.21405037,2721.132
     -72.37862483,-13.21406142,2720.167
     -72.37868465,-13.21408183,2720.577
     -72.37874953,-13.21410283,2720.812
     -72.37881812,-13.21412580,2721.536
     -72.37888555,-13.21415222,2722.189
     -72.37895430,-13.21417598,2723.154
     -72.37902153,-13.21419970,2724.166
     -72.37908497,-13.21422313,2724.141
     -72.37914497,-13.21424788,2724.249
     -72.37920407,-13.21427790,2724.607
     -72.37926160,-13.21431618,2725.318
     -72.37932252,-13.21434575,2725.632
     -72.37938783,-13.21436108,2725.732
     -72.37945822,-13.21437033,2726.041
     -72.37952283,-13.21439347,2725.645
     -72.37959100,-13.21442093,2726.152
     -72.37965435,-13.21445045,2726.450
     -72.37971732,-13.21447722,2726.197
     -72.37977933,-13.21449915,2725.956
     -72.37984588,-13.21451367,2725.693
     -72.37991065,-13.21451627,2725.490
     -72.37998007,-13.21451850,2726.076
     -72.38004092,-13.21452223,2726.248
     -72.38010468,-13.21452345,2726.604
     -72.38016978,-13.21452327,2726.787
     -72.38023158,-13.21452445,2726.918
     -72.38028723,-13.21452710,2726.778
     -72.38034118,-13.21453227,2726.935
     -72.38038747,-13.21452937,2726.294
     -72.38043048,-13.21451820,2724.656
     -72.38047082,-13.21450540,2725.124
     -72.38050590,-13.21448992,2724.868
     -72.38053450,-13.21447152,2725.378
     -72.38055272,-13.21444935,2724.626
     -72.38057003,-13.21443478,2724.266
     -72.38057002,-13.21443478,2724.266
     -72.38057002,-13.21443478,2724.266
     -72.38057002,-13.21443478,2724.266
     -72.38057002,-13.21443478,2724.266
     -72.38057002,-13.21443478,2724.266
     -72.38057002,-13.21443478,2724.266
     -72.38057002,-13.21443478,2724.266
     -72.38057002,-13.21443478,2724.266
     -72.38057002,-13.21443478,2724.266
     -72.38057002,-13.21443478,2724.266
     -72.38057002,-13.21443478,2724.266
     -72.38057002,-13.21443478,2724.266
     -72.38056713,-13.21443580,2724.039
     -72.38056713,-13.21443580,2724.039
     -72.38056890,-13.21443887,2723.015
     -72.38056890,-13.21443887,2723.015
     -72.38056827,-13.21443823,2722.907
     -72.38056827,-13.21443823,2722.907
     -72.38056677,-13.21443828,2722.764
     -72.38056677,-13.21443828,2722.764
     -72.38056677,-13.21443828,2722.764
     -72.38056677,-13.21443828,2722.764
     -72.38056677,-13.21443828,2722.764
     -72.38056677,-13.21443828,2722.764
     -72.38056677,-13.21443828,2722.764
     -72.38056677,-13.21443828,2722.764
     -72.38056677,-13.21443828,2722.764
     -72.38056677,-13.21443828,2722.764
     -72.38056677,-13.21443828,2722.764
     -72.38056677,-13.21443828,2722.764
     -72.38056677,-13.21443828,2722.764
     -72.38056677,-13.21443828,2722.764
     -72.38056677,-13.21443828,2722.764
     -72.38056677,-13.21443828,2722.764
     -72.38056677,-13.21443828,2722.764
     -72.38056677,-13.21443828,2722.764
     -72.38056677,-13.21443828,2722.764
     -72.38056677,-13.21443828,2722.764
     -72.38056677,-13.21443828,2722.764
     -72.38056677,-13.21443828,2722.764
     -72.38056677,-13.21443828,2722.764
     -72.38056677,-13.21443828,2722.764
     -72.38056677,-13.21443828,2722.764
     -72.38056677,-13.21443828,2722.764
     -72.38056677,-13.21443828,2722.764
     -72.38056677,-13.21443828,2722.764
     -72.38056677,-13.21443828,2722.764
     -72.38056677,-13.21443828,2722.764
     -72.38056677,-13.21443828,2722.764
     -72.38056677,-13.21443828,2722.764
     -72.38056677,-13.21443828,2722.764
     -72.38056677,-13.21443828,2722.764
     -72.38056677,-13.21443828,2722.764
     -72.38056677,-13.21443828,2722.764
     -72.38056677,-13.21443828,2722.764
     -72.38056677,-13.21443828,2722.764
     -72.38056677,-13.21443828,2722.764
     -72.38056677,-13.21443828,2722.764
     -72.38056677,-13.21443828,2722.764
     -72.38056677,-13.21443828,2722.764
     -72.38056677,-13.21443828,2722.764
     -72.38056677,-13.21443828,2722.764
     -72.38056677,-13.21443828,2722.764
     -72.38056677,-13.21443828,2722.764
     -72.38056677,-13.21443828,2722.764
     -72.38056677,-13.21443828,2722.764
     -72.38057615,-13.21443452,2722.764
     -72.38057615,-13.21443452,2722.764
     -72.38057392,-13.21444637,2723.252
     -72.38057392,-13.21444637,2723.252
     -72.38057392,-13.21444637,2723.252
     -72.38057392,-13.21444637,2723.252
     -72.38058570,-13.21444163,2723.252
     -72.38059180,-13.21443920,2723.252
     -72.38058007,-13.21445092,2724.497
     -72.38056575,-13.21445535,2725.323
     -72.38055598,-13.21445113,2725.601
     -72.38056367,-13.21445567,2725.182
     -72.38057385,-13.21445158,2725.182
     -72.38058258,-13.21443915,2726.823
     -72.38059228,-13.21442748,2726.265
     -72.38060752,-13.21441910,2725.411
     -72.38061845,-13.21441293,2727.334
     -72.38063130,-13.21441072,2727.585
     -72.38064245,-13.21441208,2726.899
     -72.38065377,-13.21441595,2727.048
     -72.38066850,-13.21441940,2726.829
     -72.38068585,-13.21441717,2726.413
     -72.38070120,-13.21441632,2725.804
     -72.38071480,-13.21441842,2725.481
     -72.38073088,-13.21442327,2725.156
     -72.38074398,-13.21442547,2725.813
     -72.38075482,-13.21443415,2725.650
     -72.38077050,-13.21444668,2725.358
     -72.38078180,-13.21445565,2725.165
     -72.38079223,-13.21446580,2725.610
     -72.38080242,-13.21447010,2726.445
     -72.38081307,-13.21447360,2727.166
     -72.38082402,-13.21447622,2727.806
     -72.38083762,-13.21447603,2728.318
     -72.38085310,-13.21448005,2728.788
     -72.38087090,-13.21448165,2729.058
     -72.38088698,-13.21447935,2729.959
     -72.38090230,-13.21447872,2730.100
     -72.38092118,-13.21448103,2731.720
     -72.38093332,-13.21448593,2731.873
     -72.38095098,-13.21448452,2731.653
     -72.38097120,-13.21448492,2731.082
     -72.38098822,-13.21448697,2730.529
     -72.38100507,-13.21448987,2728.029
     -72.38101503,-13.21448862,2729.001
     -72.38102815,-13.21448092,2730.321
     -72.38104275,-13.21448308,2732.828
     -72.38105542,-13.21448380,2732.170
     -72.38106880,-13.21448772,2732.875
     -72.38108368,-13.21449257,2733.369
     -72.38110325,-13.21449457,2733.796
     -72.38112450,-13.21449880,2733.969
     -72.38114608,-13.21450285,2734.559
     -72.38116077,-13.21450943,2735.307
     -72.38117018,-13.21450873,2734.644
     -72.38117783,-13.21451082,2733.666
     -72.38118505,-13.21451408,2733.180
     -72.38119152,-13.21451767,2733.310
     -72.38119837,-13.21452122,2733.111
     -72.38121062,-13.21452668,2733.370
     -72.38122178,-13.21452795,2732.893
     -72.38123413,-13.21453227,2731.713
     -72.38124592,-13.21453635,2729.835
     -72.38126263,-13.21453458,2728.744
     -72.38127608,-13.21453322,2728.363
     -72.38129317,-13.21453383,2728.470
     -72.38131457,-13.21453852,2729.019
     -72.38133078,-13.21454605,2730.527
     -72.38134397,-13.21455040,2731.483
     -72.38135203,-13.21455242,2730.636
     -72.38136445,-13.21455710,2730.028
     -72.38137382,-13.21455527,2730.159
     -72.38138448,-13.21455497,2729.091
     -72.38139703,-13.21455727,2728.909
     -72.38140900,-13.21456482,2729.200
     -72.38142298,-13.21456737,2729.408
     -72.38143947,-13.21457202,2727.451
     -72.38145485,-13.21457873,2725.542
     -72.38147500,-13.21458802,2723.416
     -72.38150083,-13.21460250,2721.519
     -72.38152075,-13.21461100,2718.194
     -72.38153378,-13.21461652,2717.154
     -72.38154867,-13.21461915,2716.697
     -72.38156175,-13.21462297,2716.739
     -72.38157402,-13.21462533,2718.392
     -72.38158962,-13.21462682,2720.296
     -72.38159852,-13.21462230,2720.783
     -72.38161293,-13.21461988,2721.638
     -72.38162550,-13.21462193,2722.042
     -72.38164040,-13.21462668,2723.363
     -72.38165428,-13.21463142,2723.864
     -72.38166818,-13.21463433,2724.565
     -72.38168373,-13.21464105,2725.896
     -72.38169382,-13.21464388,2726.573
     -72.38170175,-13.21464555,2725.771
     -72.38171103,-13.21464723,2725.235
     -72.38172227,-13.21464705,2724.788
     -72.38173372,-13.21464533,2724.970
     -72.38174830,-13.21464658,2725.308
     -72.38176042,-13.21465068,2724.121
     -72.38177287,-13.21465038,2722.396
     -72.38178403,-13.21464703,2720.449
     -72.38179597,-13.21464818,2718.623
     -72.38181168,-13.21465098,2717.564
     -72.38182565,-13.21465182,2717.514
     -72.38183848,-13.21465125,2717.986
     -72.38185005,-13.21464710,2716.979
     -72.38185958,-13.21464317,2717.422
     -72.38187152,-13.21463783,2718.128
     -72.38188360,-13.21463468,2718.307
     -72.38189412,-13.21462805,2718.055
     -72.38190733,-13.21461993,2717.948
     -72.38191288,-13.21461568,2718.186
     -72.38192068,-13.21461298,2718.066
     -72.38193145,-13.21461303,2717.374
     -72.38194037,-13.21460770,2715.991
     -72.38194620,-13.21460188,2715.517
     -72.38194913,-13.21459730,2716.425
     -72.38195593,-13.21459240,2718.029
     -72.38196738,-13.21458893,2718.992
     -72.38197978,-13.21458747,2719.885
     -72.38199527,-13.21458648,2720.736
     -72.38201125,-13.21458623,2721.024
     -72.38202555,-13.21458457,2722.285
     -72.38203883,-13.21458582,2722.615
     -72.38205082,-13.21458543,2721.943
     -72.38206635,-13.21458468,2721.887
     -72.38207863,-13.21458648,2722.004
     -72.38209012,-13.21458965,2720.904
     -72.38210308,-13.21459695,2719.178
     -72.38211633,-13.21460162,2715.667
     -72.38213097,-13.21460207,2714.069
     -72.38214382,-13.21460340,2713.921
     -72.38215518,-13.21461168,2713.764
     -72.38216367,-13.21462255,2712.750
     -72.38217118,-13.21463430,2712.886
     -72.38217995,-13.21464628,2712.118
     -72.38219572,-13.21464998,2711.417
     -72.38220940,-13.21465845,2713.070
     -72.38222207,-13.21466222,2714.486
     -72.38223265,-13.21466892,2715.170
     -72.38224613,-13.21467385,2715.388
     -72.38226363,-13.21467773,2715.879
     -72.38228490,-13.21468175,2715.126
     -72.38230092,-13.21468535,2715.722
     -72.38231408,-13.21468535,2715.733
     -72.38232247,-13.21468787,2715.766
     -72.38233022,-13.21468903,2717.425
     -72.38234370,-13.21468542,2716.841
     -72.38235285,-13.21468145,2717.630
     -72.38236045,-13.21468057,2718.914
     -72.38236738,-13.21468183,2720.863
     -72.38237562,-13.21468053,2721.415
     -72.38237562,-13.21468055,2721.415
     -72.38238387,-13.21468377,2721.919
     -72.38239527,-13.21468350,2721.384
     -72.38239527,-13.21468350,2721.384
     -72.38239527,-13.21468350,2721.384
     -72.38240312,-13.21468478,2721.416
     -72.38240312,-13.21468478,2721.416
     -72.38240312,-13.21468478,2721.416
     -72.38240312,-13.21468478,2721.416
     -72.38240027,-13.21468943,2719.004
     -72.38240193,-13.21469183,2717.405
     -72.38240193,-13.21469183,2717.405
     -72.38240193,-13.21469183,2717.405
     -72.38240193,-13.21469183,2717.405
     -72.38240193,-13.21469183,2717.405
     -72.38240193,-13.21469183,2717.405
     -72.38240193,-13.21469183,2717.405
     -72.38240193,-13.21469183,2717.405
     -72.38240193,-13.21469183,2717.405
     -72.38240193,-13.21469183,2717.405
     -72.38240193,-13.21469183,2717.405
     -72.38239575,-13.21470043,2715.722
     -72.38238475,-13.21470727,2714.807
     -72.38236795,-13.21470925,2714.427
     -72.38235165,-13.21471815,2713.538
     -72.38235165,-13.21471815,2713.538
     -72.38234735,-13.21471903,2712.825
     -72.38234965,-13.21471393,2712.115
     -72.38236443,-13.21470452,2711.998
     -72.38237870,-13.21469712,2711.198
     -72.38239277,-13.21469455,2710.861
     -72.38241573,-13.21469648,2710.170
     -72.38243332,-13.21470367,2710.810
     -72.38245048,-13.21470525,2711.140
     -72.38246732,-13.21470603,2712.269
     -72.38248372,-13.21470157,2711.761
     -72.38249528,-13.21469830,2711.124
     -72.38250678,-13.21469707,2710.104
     -72.38252003,-13.21469908,2710.809
     -72.38252825,-13.21470052,2711.914
     -72.38253818,-13.21470200,2712.276
     -72.38254825,-13.21470322,2712.670
     -72.38255352,-13.21470487,2712.009
     -72.38256150,-13.21470487,2712.043
     -72.38256640,-13.21470905,2712.905
     -72.38256640,-13.21470905,2712.905
     -72.38257102,-13.21470713,2712.979
     -72.38257343,-13.21470915,2712.647
     -72.38257343,-13.21470915,2712.647
     -72.38257480,-13.21471467,2712.650
     -72.38258545,-13.21471947,2712.433
     -72.38259493,-13.21472313,2712.452
     -72.38260080,-13.21472422,2712.244
     -72.38261085,-13.21473010,2713.815
     -72.38261085,-13.21473010,2713.815
     -72.38261435,-13.21473390,2714.568
     -72.38262543,-13.21473745,2715.575
     -72.38263635,-13.21473945,2715.523
     -72.38264597,-13.21473790,2715.781
     -72.38265465,-13.21473757,2716.098
     -72.38266322,-13.21473895,2716.352
     -72.38267358,-13.21473992,2716.279
     -72.38268117,-13.21474207,2716.067
     -72.38268972,-13.21474032,2715.334
     -72.38269968,-13.21474368,2714.617
     -72.38271070,-13.21474315,2713.911
     -72.38272813,-13.21474417,2713.479
     -72.38274250,-13.21474327,2714.135
     -72.38275567,-13.21474353,2714.533
     -72.38276178,-13.21474025,2713.992
     -72.38276968,-13.21473852,2713.471
     -72.38276968,-13.21473852,2713.471
     -72.38276968,-13.21473852,2713.471
     -72.38277345,-13.21473532,2712.925
     -72.38277893,-13.21473687,2713.370
     -72.38278513,-13.21473547,2713.786
     -72.38279252,-13.21473308,2713.968
     -72.38280175,-13.21473417,2714.717
     -72.38280673,-13.21473730,2715.487
     -72.38281247,-13.21474045,2716.098
     -72.38282295,-13.21474112,2716.812
     -72.38282905,-13.21473827,2717.205
     -72.38283742,-13.21473627,2718.237
     -72.38284973,-13.21473193,2718.637
     -72.38286250,-13.21472962,2718.528
     -72.38287068,-13.21473120,2717.527
     -72.38287068,-13.21473120,2717.527
     -72.38287068,-13.21473120,2717.527
     -72.38287068,-13.21473120,2717.527
     -72.38287068,-13.21473120,2717.527
     -72.38287068,-13.21473120,2717.527
     -72.38287068,-13.21473120,2717.527
     -72.38287068,-13.21473120,2717.527
     -72.38287068,-13.21473120,2717.527
     -72.38287068,-13.21473120,2717.527
     -72.38287068,-13.21473120,2717.527
     -72.38287068,-13.21473120,2717.527
     -72.38287068,-13.21473120,2717.527
     -72.38287068,-13.21473120,2717.527
     -72.38287068,-13.21473120,2717.527
     -72.38287068,-13.21473120,2717.527
     -72.38287068,-13.21473120,2717.527
     -72.38287068,-13.21473120,2717.527
     -72.38287068,-13.21473120,2717.527
     -72.38287068,-13.21473120,2717.527
     -72.38287068,-13.21473120,2717.527
     -72.38287068,-13.21473120,2717.527
     -72.38287068,-13.21473120,2717.527
     -72.38287068,-13.21473120,2717.527
     -72.38287068,-13.21473120,2717.527
     -72.38287068,-13.21473120,2717.527
     -72.38287068,-13.21473120,2717.527
     -72.38287068,-13.21473120,2717.527
     -72.38287068,-13.21473120,2717.527
     -72.38287068,-13.21473120,2717.527
     -72.38287068,-13.21473120,2717.527
     -72.38287068,-13.21473120,2717.527
     -72.38287068,-13.21473120,2717.527
     -72.38287068,-13.21473120,2717.527
     -72.38287068,-13.21473120,2717.527
     -72.38287068,-13.21473120,2717.527
     -72.38287068,-13.21473120,2717.527
     -72.38287068,-13.21473120,2717.527
     -72.38287068,-13.21473120,2717.527
     -72.38287068,-13.21473120,2717.527
     -72.38287068,-13.21473120,2717.527
     -72.38287068,-13.21473120,2717.527
     -72.38287068,-13.21473120,2717.527
     -72.38287068,-13.21473120,2717.527
     -72.38287462,-13.21473422,2716.655
     -72.38287462,-13.21473422,2716.655
     -72.38287462,-13.21473422,2716.655
     -72.38287462,-13.21473422,2716.655
     -72.38287462,-13.21473422,2716.655
     -72.38288605,-13.21475138,2715.922
     -72.38288605,-13.21475138,2715.922
     -72.38288605,-13.21475138,2715.922
     -72.38288605,-13.21475138,2715.922
     -72.38288605,-13.21475138,2715.922
     -72.38288605,-13.21475138,2715.922
     -72.38288605,-13.21475138,2715.922
     -72.38288605,-13.21475138,2715.922
     -72.38288605,-13.21475138,2715.922
     -72.38288605,-13.21475138,2715.922
     -72.38288605,-13.21475138,2715.922
     -72.38288605,-13.21475138,2715.922
     -72.38288605,-13.21475138,2715.922
     -72.38288605,-13.21475138,2715.922
     -72.38288605,-13.21475138,2715.922
     -72.38289145,-13.21475832,2714.831
     -72.38289695,-13.21476648,2713.979
     -72.38289852,-13.21477092,2712.797
     -72.38290173,-13.21478155,2711.742
     -72.38290775,-13.21479447,2710.390
     -72.38291408,-13.21481100,2709.560
     -72.38291268,-13.21482507,2709.407
     -72.38291480,-13.21483405,2709.672
     -72.38292042,-13.21484737,2710.179
     -72.38292622,-13.21485987,2710.395
     -72.38293100,-13.21487073,2711.065
     -72.38293627,-13.21488358,2711.723
     -72.38293967,-13.21489782,2712.175
     -72.38293875,-13.21490818,2712.798
     -72.38293882,-13.21491852,2713.204
     -72.38293882,-13.21491852,2713.204
     -72.38293882,-13.21491852,2713.204
     -72.38293882,-13.21491852,2713.204
     -72.38293258,-13.21492667,2712.697
     -72.38292520,-13.21493558,2713.209
     -72.38291497,-13.21494552,2713.816
     -72.38290535,-13.21495542,2714.485
     -72.38289033,-13.21497055,2715.240
     -72.38287255,-13.21497922,2716.814
     -72.38286277,-13.21498692,2716.300
     -72.38285612,-13.21499350,2715.307
     -72.38285612,-13.21499350,2715.307
     -72.38285612,-13.21499350,2715.307
     -72.38285612,-13.21499350,2715.307
     -72.38285612,-13.21499350,2715.307
     -72.38285612,-13.21499350,2715.307
     -72.38285612,-13.21499350,2715.307
     -72.38285612,-13.21499350,2715.307
     -72.38285612,-13.21499350,2715.307
     -72.38285612,-13.21499350,2715.307
     -72.38285612,-13.21499350,2715.307
     -72.38285612,-13.21499350,2715.307
     -72.38285612,-13.21499350,2715.307
     -72.38285930,-13.21501323,2713.760
     -72.38285845,-13.21503207,2714.372
     -72.38285617,-13.21506257,2714.852
     -72.38285158,-13.21508660,2714.516
     -72.38285047,-13.21510138,2712.662
     -72.38285047,-13.21510138,2712.662
     -72.38285240,-13.21511650,2709.285
     -72.38285563,-13.21512615,2707.747
     -72.38285788,-13.21513802,2706.951
     -72.38286322,-13.21514268,2706.188
     -72.38286813,-13.21515008,2705.545
     -72.38287128,-13.21515488,2704.422
     -72.38287793,-13.21515892,2703.135
     -72.38288477,-13.21516423,2702.732
     -72.38289185,-13.21516573,2703.613
     -72.38289908,-13.21516615,2703.882
     -72.38290592,-13.21516925,2703.150
     -72.38291437,-13.21517003,2702.619
     -72.38292163,-13.21517500,2701.838
     -72.38293192,-13.21518285,2700.736
     -72.38294383,-13.21519510,2701.239
     -72.38295468,-13.21520447,2701.898
     -72.38296650,-13.21521398,2702.428
     -72.38297567,-13.21522117,2702.204
     -72.38298703,-13.21522620,2702.648
     -72.38299732,-13.21523083,2703.291
     -72.38299732,-13.21523083,2703.291
     -72.38299732,-13.21523083,2703.291
     -72.38299732,-13.21523083,2703.291
     -72.38299732,-13.21523083,2703.291
     -72.38299387,-13.21522268,2703.572
     -72.38300697,-13.21521857,2703.527
     -72.38301735,-13.21521805,2703.216
     -72.38303015,-13.21521735,2703.256
     -72.38304418,-13.21521958,2702.974
     -72.38305615,-13.21522595,2703.020
     -72.38306683,-13.21523388,2703.153
     -72.38307570,-13.21523767,2702.083
     -72.38307887,-13.21523888,2700.937
     -72.38308068,-13.21523675,2700.229
     -72.38308063,-13.21522998,2700.035
     -72.38308063,-13.21522998,2700.035
     -72.38308063,-13.21522998,2700.035
     -72.38307888,-13.21522502,2699.991
     -72.38307337,-13.21522537,2699.641
     -72.38306713,-13.21522943,2698.441
     -72.38306082,-13.21523183,2698.791
     -72.38305392,-13.21522908,2697.846
     -72.38305392,-13.21522908,2697.846
     -72.38305392,-13.21522908,2697.846
     -72.38305392,-13.21522908,2697.846
     -72.38305392,-13.21522908,2697.846
     -72.38305392,-13.21522908,2697.846
     -72.38305392,-13.21522908,2697.846
     -72.38305392,-13.21522908,2697.846
     -72.38305392,-13.21522908,2697.846
     -72.38305392,-13.21522908,2697.846
     -72.38305392,-13.21522908,2697.846
     -72.38305392,-13.21522908,2697.846
     -72.38305392,-13.21522908,2697.846
     -72.38305392,-13.21522908,2697.846
     -72.38305392,-13.21522908,2697.846
     -72.38305392,-13.21522908,2697.846
     -72.38305392,-13.21522908,2697.846
     -72.38305392,-13.21522908,2697.846
     -72.38305392,-13.21522908,2697.846
     -72.38305392,-13.21522908,2697.846
     -72.38305382,-13.21522507,2696.520
     -72.38304943,-13.21522463,2696.577
     -72.38304943,-13.21522463,2696.577
     -72.38304943,-13.21522463,2696.577
     -72.38304943,-13.21522463,2696.577
     -72.38304943,-13.21522463,2696.577
     -72.38304943,-13.21522463,2696.577
     -72.38304943,-13.21522463,2696.577
     -72.38304943,-13.21522463,2696.577
     -72.38304943,-13.21522463,2696.577
     -72.38304943,-13.21522463,2696.577
     -72.38304943,-13.21522463,2696.577
     -72.38305382,-13.21522320,2697.737
     -72.38305120,-13.21522305,2698.060
     -72.38305017,-13.21522232,2697.479
     -72.38305017,-13.21522232,2697.479
     -72.38305017,-13.21522232,2697.479
     -72.38305017,-13.21522232,2697.479
     -72.38304875,-13.21522113,2697.715
     -72.38304875,-13.21522113,2697.715
     -72.38304875,-13.21522113,2697.715
     -72.38304875,-13.21522113,2697.715
     -72.38304875,-13.21522113,2697.715
     -72.38304875,-13.21522113,2697.715
     -72.38304875,-13.21522113,2697.715
     -72.38304875,-13.21522113,2697.715
     -72.38304875,-13.21522113,2697.715
     -72.38304875,-13.21522113,2697.715
     -72.38304875,-13.21522113,2697.715
     -72.38304875,-13.21522113,2697.715
     -72.38304875,-13.21522113,2697.715
     -72.38304875,-13.21522113,2697.715
     -72.38304875,-13.21522113,2697.715
     -72.38304875,-13.21522113,2697.715
     -72.38304875,-13.21522113,2697.715
     -72.38304875,-13.21522113,2697.715
     -72.38304875,-13.21522113,2697.715
     -72.38304875,-13.21522113,2697.715
     -72.38304875,-13.21522113,2697.715
     -72.38304875,-13.21522113,2697.715
     -72.38304875,-13.21522113,2697.715
     -72.38304875,-13.21522113,2697.715
     -72.38304875,-13.21522113,2697.715
     -72.38304875,-13.21522113,2697.715
     -72.38304875,-13.21522113,2697.715
     -72.38304875,-13.21522113,2697.715
     -72.38304875,-13.21522113,2697.715
     -72.38304875,-13.21522113,2697.715
     -72.38304875,-13.21522113,2697.715
     -72.38304875,-13.21522113,2697.715
     -72.38304875,-13.21522113,2697.715
     -72.38304875,-13.21522113,2697.715
     -72.38304875,-13.21522113,2697.715
     -72.38304875,-13.21522113,2697.715
     -72.38304875,-13.21522113,2697.715
     -72.38304875,-13.21522113,2697.715
     -72.38304875,-13.21522113,2697.715
     -72.38304875,-13.21522113,2697.715
     -72.38304875,-13.21522113,2697.715
     -72.38304875,-13.21522113,2697.715
     -72.38304875,-13.21522113,2697.715
     -72.38304875,-13.21522113,2697.715
     -72.38304875,-13.21522113,2697.715
     -72.38304875,-13.21522113,2697.715
     -72.38304875,-13.21522113,2697.715
     -72.38304875,-13.21522113,2697.715
     -72.38304875,-13.21522113,2697.715
     -72.38304875,-13.21522113,2697.715
     -72.38304875,-13.21522113,2697.715
     -72.38304875,-13.21522113,2697.715
     -72.38304875,-13.21522113,2697.715
     -72.38304875,-13.21522113,2697.715
     -72.38304875,-13.21522113,2697.715
     -72.38304750,-13.21521902,2699.253
     -72.38304750,-13.21521902,2699.253
     -72.38304750,-13.21521902,2699.253
     -72.38304750,-13.21521902,2699.253
     -72.38304750,-13.21521902,2699.253
     -72.38304750,-13.21521902,2699.253
     -72.38304750,-13.21521902,2699.253
     -72.38304750,-13.21521902,2699.253
     -72.38304750,-13.21521902,2699.253
     -72.38304750,-13.21521902,2699.253
     -72.38304750,-13.21521902,2699.253
     -72.38304750,-13.21521902,2699.253
     -72.38304750,-13.21521902,2699.253
     -72.38304750,-13.21521902,2699.253
     -72.38304750,-13.21521902,2699.253
     -72.38304750,-13.21521902,2699.253
     -72.38304750,-13.21521902,2699.253
     -72.38304750,-13.21521902,2699.253
     -72.38304750,-13.21521902,2699.253
     -72.38304750,-13.21521902,2699.253
     -72.38304750,-13.21521902,2699.253
     -72.38304750,-13.21521902,2699.253
     -72.38304750,-13.21521902,2699.253
     -72.38304750,-13.21521902,2699.253
     -72.38304750,-13.21521902,2699.253
     -72.38304750,-13.21521902,2699.253
     -72.38304750,-13.21521902,2699.253
     -72.38304750,-13.21521902,2699.253
     -72.38304750,-13.21521902,2699.253
     -72.38304750,-13.21521902,2699.253
     -72.38304750,-13.21521902,2699.253
     -72.38304750,-13.21521902,2699.253
     -72.38304750,-13.21521902,2699.253
     -72.38304750,-13.21521902,2699.253
     -72.38304750,-13.21521902,2699.253
     -72.38304750,-13.21521902,2699.253
     -72.38304750,-13.21521902,2699.253
     -72.38303633,-13.21522330,2700.148
     -72.38302563,-13.21522982,2701.119
     -72.38301075,-13.21523487,2702.600
     -72.38299390,-13.21523738,2703.517
     -72.38297673,-13.21523768,2704.185
     -72.38295780,-13.21523915,2705.176
     -72.38293927,-13.21523950,2704.783
     -72.38291952,-13.21523735,2704.633
     -72.38290087,-13.21523458,2704.126
     -72.38289078,-13.21523022,2703.745
     -72.38287955,-13.21523018,2703.334
     -72.38287955,-13.21523018,2703.334
     -72.38287542,-13.21523812,2702.573
     -72.38287467,-13.21524065,2701.566
     -72.38286528,-13.21523508,2700.974
     -72.38285338,-13.21522840,2700.891
     -72.38284248,-13.21522500,2700.595
     -72.38283537,-13.21522252,2700.586
     -72.38282757,-13.21522092,2700.802
     -72.38282063,-13.21521192,2701.004
     -72.38281112,-13.21519860,2701.764
     -72.38280225,-13.21518415,2702.080
     -72.38279495,-13.21516863,2702.764
     -72.38279633,-13.21515365,2703.184
     -72.38280247,-13.21514335,2703.412
     -72.38280720,-13.21513608,2703.723
     -72.38280840,-13.21512910,2702.662
     -72.38281162,-13.21511477,2702.064
     -72.38281448,-13.21509880,2701.379
     -72.38281532,-13.21508705,2701.266
     -72.38280973,-13.21507840,2701.196
     -72.38280973,-13.21507840,2701.196
     -72.38280573,-13.21507653,2702.869
     -72.38280082,-13.21506960,2702.979
     -72.38280082,-13.21506960,2702.979
     -72.38280625,-13.21506437,2703.363
     -72.38280625,-13.21506437,2703.363
     -72.38280625,-13.21506437,2703.363
     -72.38280625,-13.21506437,2703.363
     -72.38280625,-13.21506437,2703.363
     -72.38280625,-13.21506437,2703.363
     -72.38280625,-13.21506437,2703.363
     -72.38280625,-13.21506437,2703.363
     -72.38280625,-13.21506437,2703.363
     -72.38280625,-13.21506437,2703.363
     -72.38280625,-13.21506437,2703.363
     -72.38280625,-13.21506437,2703.363
     -72.38280625,-13.21506437,2703.363
     -72.38280625,-13.21506437,2703.363
     -72.38280625,-13.21506437,2703.363
     -72.38280005,-13.21505145,2703.533
     -72.38280005,-13.21505145,2703.533
     -72.38280005,-13.21505145,2703.533
     -72.38280005,-13.21505145,2703.533
     -72.38280005,-13.21505145,2703.533
     -72.38279297,-13.21503717,2704.852
     -72.38279382,-13.21502362,2705.570
     -72.38279380,-13.21502362,2705.570
     -72.38279380,-13.21502362,2705.570
     -72.38279380,-13.21502362,2705.570
     -72.38279380,-13.21502362,2705.570
     -72.38279380,-13.21502362,2705.570
     -72.38279380,-13.21502362,2705.570
     -72.38279380,-13.21502362,2705.570
     -72.38279380,-13.21502362,2705.570
     -72.38279380,-13.21502362,2705.570
     -72.38279380,-13.21502362,2705.570
     -72.38279380,-13.21502362,2705.570
     -72.38279380,-13.21502362,2705.570
     -72.38279380,-13.21502362,2705.570
     -72.38279582,-13.21499870,2706.114
     -72.38280000,-13.21498028,2706.491
     -72.38280465,-13.21496440,2707.282
     -72.38280465,-13.21496440,2707.282
     -72.38280465,-13.21496440,2707.282
     -72.38280465,-13.21496440,2707.282
     -72.38280465,-13.21496440,2707.282
     -72.38280643,-13.21495397,2709.447
     -72.38281172,-13.21494047,2710.288
     -72.38281647,-13.21492793,2712.262
     -72.38281847,-13.21491882,2713.108
     -72.38281620,-13.21491127,2714.504
     -72.38282153,-13.21490313,2716.309
     -72.38282643,-13.21489772,2716.140
     -72.38282643,-13.21489772,2716.140
     -72.38282643,-13.21489772,2716.140
     -72.38283047,-13.21488337,2716.553
     -72.38283047,-13.21488337,2716.553
     -72.38283047,-13.21488337,2716.553
     -72.38283047,-13.21488337,2716.553
     -72.38283047,-13.21488337,2716.553
     -72.38283047,-13.21488337,2716.553
     -72.38283047,-13.21488337,2716.553
     -72.38283047,-13.21488337,2716.553
     -72.38283485,-13.21486377,2717.073
     -72.38283802,-13.21485138,2717.219
     -72.38283728,-13.21484010,2716.439
     -72.38283823,-13.21482737,2716.486
     -72.38283823,-13.21482737,2716.486
     -72.38283823,-13.21482737,2716.486
     -72.38283823,-13.21482737,2716.486
     -72.38283823,-13.21482737,2716.486
     -72.38283823,-13.21482737,2716.486
     -72.38283823,-13.21482737,2716.486
     -72.38283823,-13.21482737,2716.486
     -72.38283823,-13.21482737,2716.486
     -72.38283823,-13.21482737,2716.486
     -72.38283823,-13.21482737,2716.486
     -72.38283823,-13.21482737,2716.486
     -72.38283823,-13.21482737,2716.486
     -72.38283823,-13.21482737,2716.486
     -72.38283823,-13.21482737,2716.486
     -72.38283823,-13.21482737,2716.486
     -72.38283823,-13.21482737,2716.486
     -72.38283823,-13.21482737,2716.486
     -72.38283823,-13.21482737,2716.486
     -72.38283823,-13.21482737,2716.486
     -72.38283823,-13.21482737,2716.486
     -72.38283823,-13.21482737,2716.486
     -72.38283823,-13.21482737,2716.486
     -72.38283823,-13.21482737,2716.486
     -72.38283823,-13.21482737,2716.486
     -72.38284092,-13.21481593,2715.592
     -72.38284938,-13.21481143,2715.500
     -72.38285842,-13.21481113,2714.651
     -72.38287078,-13.21480963,2715.249
     -72.38288210,-13.21480767,2715.805
     -72.38289272,-13.21480822,2715.735
     -72.38289272,-13.21480822,2715.735
     -72.38290487,-13.21480090,2715.486
     -72.38291585,-13.21479450,2715.694
     -72.38293110,-13.21478970,2716.147
     -72.38294310,-13.21478763,2716.672
     -72.38295748,-13.21478330,2718.621
     -72.38295748,-13.21478330,2718.621
     -72.38296433,-13.21478270,2720.131
     -72.38297422,-13.21478527,2720.889
     -72.38298490,-13.21478668,2720.676
     -72.38299543,-13.21478813,2720.987
     -72.38300430,-13.21478823,2721.408
     -72.38301447,-13.21478630,2721.498
     -72.38302585,-13.21478503,2721.600
     -72.38303812,-13.21478332,2721.907
     -72.38305165,-13.21478140,2721.832
     -72.38306493,-13.21478182,2721.471
     -72.38307812,-13.21478175,2720.710
     -72.38309023,-13.21478450,2720.893
     -72.38309885,-13.21479002,2720.459
     -72.38310632,-13.21479607,2720.032
     -72.38310868,-13.21480138,2719.970
     -72.38311117,-13.21480598,2720.314
     -72.38311453,-13.21481167,2720.516
     -72.38311748,-13.21481337,2720.073
     -72.38312335,-13.21481370,2719.828
     -72.38312745,-13.21481417,2719.435
     -72.38312745,-13.21481417,2719.435
     -72.38312917,-13.21481193,2719.050
     -72.38313528,-13.21481168,2718.883
     -72.38314075,-13.21481257,2718.443
     -72.38314538,-13.21481105,2718.160
     -72.38315155,-13.21480657,2718.179
     -72.38315155,-13.21480657,2718.179
     -72.38315558,-13.21480392,2718.118
     -72.38316250,-13.21480152,2717.963
     -72.38316930,-13.21480500,2717.943
     -72.38317828,-13.21480568,2717.916
     -72.38318578,-13.21480825,2717.352
     -72.38319293,-13.21481218,2717.620
     -72.38320308,-13.21481510,2718.186
     -72.38321165,-13.21481808,2717.335
     -72.38321788,-13.21481733,2716.940
     -72.38322535,-13.21481775,2716.774
     -72.38323420,-13.21481558,2716.197
     -72.38324440,-13.21481570,2715.685
     -72.38325107,-13.21481780,2716.083
     -72.38325917,-13.21481920,2716.252
     -72.38326527,-13.21482522,2716.895
     -72.38326527,-13.21482522,2716.895
     -72.38326527,-13.21482522,2716.895
     -72.38326527,-13.21482522,2716.895
     -72.38326527,-13.21482522,2716.895
     -72.38326527,-13.21482522,2716.895
     -72.38326527,-13.21482522,2716.895
     -72.38326527,-13.21482522,2716.895
     -72.38326527,-13.21482522,2716.895
     -72.38326527,-13.21482522,2716.895
     -72.38326527,-13.21482522,2716.895
     -72.38326527,-13.21482522,2716.895
     -72.38326527,-13.21482522,2716.895
     -72.38326527,-13.21482522,2716.895
     -72.38327050,-13.21480808,2716.239
     -72.38327270,-13.21479220,2716.052
     -72.38327743,-13.21477888,2716.796
     -72.38328537,-13.21476600,2717.804
     -72.38328925,-13.21475867,2717.265
     -72.38329515,-13.21475045,2716.412
     -72.38329667,-13.21474477,2716.276
     -72.38329637,-13.21473737,2716.623
     -72.38329967,-13.21473123,2717.610
     -72.38330707,-13.21472198,2718.534
     -72.38331258,-13.21471728,2719.280
     -72.38331258,-13.21471728,2719.280
     -72.38331613,-13.21471902,2717.357
     -72.38332753,-13.21471338,2717.174
     -72.38333223,-13.21470658,2716.701
     -72.38333223,-13.21470658,2716.701
     -72.38333223,-13.21470658,2716.701
     -72.38333837,-13.21469828,2716.237
     -72.38334687,-13.21468685,2715.627
     -72.38335282,-13.21467697,2714.761
     -72.38336222,-13.21467250,2714.822
     -72.38336223,-13.21467250,2714.822
     -72.38336223,-13.21467250,2714.822
     -72.38336590,-13.21466492,2715.169
     -72.38337017,-13.21465627,2714.837
     -72.38337822,-13.21464727,2714.936
     -72.38337822,-13.21464727,2714.936
     -72.38337822,-13.21464727,2714.936
     -72.38338318,-13.21463828,2715.295
     -72.38338417,-13.21462905,2714.895
     -72.38338775,-13.21462567,2715.172
     -72.38339313,-13.21462113,2715.667
     -72.38339783,-13.21461717,2715.920
     -72.38340275,-13.21461038,2716.053
     -72.38341270,-13.21460605,2717.397
     -72.38342127,-13.21460307,2718.133
     -72.38342752,-13.21459642,2718.136
     -72.38343393,-13.21459005,2718.659
     -72.38344217,-13.21458590,2719.370
     -72.38345215,-13.21458432,2719.427
     -72.38346088,-13.21457992,2719.985
     -72.38346870,-13.21457687,2721.374
     -72.38347427,-13.21457697,2722.507
     -72.38348000,-13.21457473,2722.985
     -72.38348145,-13.21456900,2723.748
     -72.38348415,-13.21456227,2723.613
     -72.38348415,-13.21456227,2723.613
     -72.38348415,-13.21456227,2723.613
     -72.38348415,-13.21456227,2723.613
     -72.38348598,-13.21456197,2725.195
     -72.38349217,-13.21456168,2726.862
     -72.38349775,-13.21455600,2727.103
     -72.38350252,-13.21454740,2727.115
     -72.38350597,-13.21453917,2726.947
     -72.38350388,-13.21452717,2725.694
     -72.38350425,-13.21451822,2725.199
     -72.38350533,-13.21451480,2724.818
     -72.38350663,-13.21450888,2724.620
     -72.38351333,-13.21450163,2724.756
     -72.38351933,-13.21449367,2725.041
     -72.38352320,-13.21448152,2726.265
     -72.38353328,-13.21447002,2726.818
     -72.38354300,-13.21446923,2728.194
     -72.38354678,-13.21446903,2728.742
     -72.38354845,-13.21446415,2728.412
     -72.38355097,-13.21445335,2728.251
     -72.38354878,-13.21444192,2727.250
     -72.38355157,-13.21443332,2727.338
     -72.38355498,-13.21442515,2728.156
     -72.38356068,-13.21442018,2729.072
     -72.38356498,-13.21441268,2730.192
     -72.38356565,-13.21440630,2730.656
     -72.38356563,-13.21439938,2729.728
     -72.38356352,-13.21439140,2730.191
     -72.38356162,-13.21438490,2730.802
     -72.38356328,-13.21437488,2731.239
     -72.38356387,-13.21436562,2730.799
     -72.38356438,-13.21435370,2731.641
     -72.38356758,-13.21434327,2732.435
     -72.38356433,-13.21433208,2732.899
     -72.38356650,-13.21432118,2732.538
     -72.38356377,-13.21430635,2731.306
     -72.38356453,-13.21429948,2730.017
     -72.38356683,-13.21429692,2730.257
     -72.38357097,-13.21428615,2728.334
     -72.38357097,-13.21428615,2728.333
     -72.38357147,-13.21427703,2728.406
     -72.38357147,-13.21427703,2728.406
     -72.38357187,-13.21427258,2729.495
     -72.38357560,-13.21426472,2729.895
     -72.38357808,-13.21425732,2730.141
     -72.38358088,-13.21425368,2731.482
     -72.38358677,-13.21424983,2731.699
     -72.38359280,-13.21424308,2731.225
     -72.38360095,-13.21423968,2732.507
     -72.38360538,-13.21423182,2733.140
     -72.38360538,-13.21423182,2733.140
     -72.38361182,-13.21422598,2733.510
     -72.38362127,-13.21422040,2734.364
     -72.38362978,-13.21421433,2734.602
     -72.38363535,-13.21420852,2734.927
     -72.38364543,-13.21420410,2735.227
     -72.38365470,-13.21419785,2735.176
     -72.38366575,-13.21419268,2735.663
     -72.38367113,-13.21418850,2736.533
     -72.38367428,-13.21418013,2736.505
     -72.38368060,-13.21417283,2736.742
     -72.38368920,-13.21416962,2737.812
     -72.38369838,-13.21416483,2739.299
     -72.38369838,-13.21416483,2739.299
     -72.38371078,-13.21416093,2740.341
     -72.38371993,-13.21415413,2740.348
     -72.38372678,-13.21414745,2740.990
     -72.38373918,-13.21414585,2741.608
     -72.38375050,-13.21414275,2741.976
     -72.38375832,-13.21413720,2742.105
     -72.38376875,-13.21413575,2743.454
     -72.38377168,-13.21412830,2743.997
     -72.38377517,-13.21412590,2744.494
     -72.38378825,-13.21412145,2744.351
     -72.38378825,-13.21412145,2744.351
     -72.38378825,-13.21412145,2744.351
     -72.38380172,-13.21412712,2746.076
     -72.38381453,-13.21412868,2744.581
     -72.38383312,-13.21413873,2746.758
     -72.38385288,-13.21414943,2747.529
     -72.38386412,-13.21416880,2747.127
     -72.38386858,-13.21418165,2745.635
     -72.38385640,-13.21418637,2743.515
     -72.38386240,-13.21419843,2745.153
     -72.38386968,-13.21421630,2746.924
     -72.38386542,-13.21422752,2747.357
     -72.38386245,-13.21424528,2746.861
     -72.38385925,-13.21425178,2745.476
     -72.38385408,-13.21425838,2743.666
     -72.38384692,-13.21426582,2741.288
     -72.38384222,-13.21427960,2740.410
     -72.38383757,-13.21429190,2739.501
     -72.38383227,-13.21430465,2740.186
     -72.38381868,-13.21431755,2742.572
     -72.38380527,-13.21432942,2743.772
     -72.38379010,-13.21434157,2744.079
     -72.38378108,-13.21434932,2743.364
     -72.38377322,-13.21435463,2742.353
     -72.38376863,-13.21436048,2741.826
     -72.38376077,-13.21436805,2742.842
     -72.38375830,-13.21437380,2743.296
     -72.38376192,-13.21438082,2742.409
     -72.38376812,-13.21438755,2740.335
     -72.38376775,-13.21439980,2739.670
     -72.38376993,-13.21440575,2740.127
     -72.38377115,-13.21441975,2740.726
     -72.38376868,-13.21443552,2740.929
     -72.38376540,-13.21444792,2740.887
     -72.38376340,-13.21445687,2739.651
     -72.38376133,-13.21446358,2738.897
     -72.38376043,-13.21446968,2739.339
     -72.38375617,-13.21447730,2738.755
     -72.38375165,-13.21448680,2739.359
     -72.38375253,-13.21449625,2739.483
     -72.38375247,-13.21450610,2739.898
     -72.38375185,-13.21451788,2740.710
     -72.38375148,-13.21452838,2740.716
     -72.38375015,-13.21453705,2740.963
     -72.38375215,-13.21454545,2740.968
     -72.38375407,-13.21455338,2741.537
     -72.38375778,-13.21456122,2742.530
     -72.38376245,-13.21456887,2742.589
     -72.38376455,-13.21457477,2743.050
     -72.38376458,-13.21458107,2743.454
     -72.38376205,-13.21459127,2743.409
     -72.38375800,-13.21459948,2743.202
     -72.38376010,-13.21460493,2742.138
     -72.38375850,-13.21460952,2742.197
     -72.38375362,-13.21461682,2742.749
     -72.38375387,-13.21462517,2743.094
     -72.38375468,-13.21463507,2742.025
     -72.38375928,-13.21464378,2741.353
     -72.38376237,-13.21465237,2740.919
     -72.38376488,-13.21466163,2740.742
     -72.38376170,-13.21467087,2740.555
     -72.38376260,-13.21468157,2740.080
     -72.38376285,-13.21468755,2739.636
     -72.38376285,-13.21468755,2739.636
     -72.38376035,-13.21469490,2739.324
     -72.38375857,-13.21470507,2738.815
     -72.38376043,-13.21471492,2739.134
     -72.38375975,-13.21472610,2739.789
     -72.38376053,-13.21473580,2740.284
     -72.38376053,-13.21473580,2740.284
     -72.38375988,-13.21474257,2740.666
     -72.38375862,-13.21475405,2740.509
     -72.38375422,-13.21476717,2740.427
     -72.38374365,-13.21478377,2741.963
     -72.38374155,-13.21479845,2743.741
     -72.38374280,-13.21481093,2743.965
     -72.38374432,-13.21482033,2744.862
     -72.38374657,-13.21483073,2743.546
     -72.38375017,-13.21483905,2743.132
     -72.38375188,-13.21484313,2742.310
     -72.38375505,-13.21484823,2741.825
     -72.38375870,-13.21485590,2742.196
     -72.38376507,-13.21486327,2742.108
     -72.38377487,-13.21487033,2742.281
     -72.38378088,-13.21487688,2742.617
     -72.38379043,-13.21487925,2741.474
     -72.38379897,-13.21488673,2741.897
     -72.38380775,-13.21489000,2742.252
     -72.38380775,-13.21489000,2742.252
     -72.38381608,-13.21488628,2741.455
     -72.38382763,-13.21489420,2741.246
     -72.38383945,-13.21489922,2740.829
     -72.38385482,-13.21490183,2741.223
     -72.38386643,-13.21490653,2741.502
     -72.38387283,-13.21491035,2741.556
     -72.38388307,-13.21491767,2742.104
     -72.38388982,-13.21492720,2742.166
     -72.38389783,-13.21493110,2742.512
     -72.38390437,-13.21493800,2742.005
     -72.38391173,-13.21494162,2741.647
     -72.38392162,-13.21494478,2741.371
     -72.38392955,-13.21494918,2741.484
     -72.38393912,-13.21495102,2742.009
     -72.38394625,-13.21495580,2742.500
     -72.38395290,-13.21495873,2742.853
     -72.38396332,-13.21495952,2743.263
     -72.38397138,-13.21496437,2743.734
     -72.38398148,-13.21496800,2744.244
     -72.38398847,-13.21497353,2744.176
     -72.38399682,-13.21497780,2744.497
     -72.38400348,-13.21498243,2744.856
     -72.38401268,-13.21498158,2745.498
     -72.38401925,-13.21498640,2745.456
     -72.38403025,-13.21498792,2746.090
     -72.38404100,-13.21499132,2746.880
     -72.38404757,-13.21499538,2746.921
     -72.38405453,-13.21500063,2747.267
     -72.38406348,-13.21500323,2747.653
     -72.38407190,-13.21500585,2747.447
     -72.38408177,-13.21501137,2746.679
     -72.38408177,-13.21501137,2746.679
     -72.38408645,-13.21501187,2745.410
     -72.38409530,-13.21501388,2745.555
     -72.38410100,-13.21501262,2746.200
     -72.38410623,-13.21501047,2746.070
     -72.38410623,-13.21501047,2746.070
     -72.38410623,-13.21501047,2746.070
     -72.38411227,-13.21500933,2746.218
     -72.38411870,-13.21501348,2746.966
     -72.38412482,-13.21501882,2747.541
     -72.38413352,-13.21501927,2747.688
     -72.38414365,-13.21501453,2748.495
     -72.38414365,-13.21501453,2748.495
     -72.38414972,-13.21501290,2747.847
     -72.38416167,-13.21501683,2747.633
     -72.38417142,-13.21501543,2747.288
     -72.38417632,-13.21502195,2747.202
     -72.38418720,-13.21502603,2747.583
     -72.38419737,-13.21502995,2746.540
     -72.38420842,-13.21503138,2746.115
     -72.38421907,-13.21503478,2746.422
     -72.38423005,-13.21503450,2746.591
     -72.38424263,-13.21503598,2746.710
     -72.38425430,-13.21503792,2747.398
     -72.38426303,-13.21504162,2747.168
     -72.38427043,-13.21504388,2746.893
     -72.38427855,-13.21504755,2746.699
     -72.38428700,-13.21505163,2746.926
     -72.38429600,-13.21505565,2747.043
     -72.38430482,-13.21505972,2746.851
     -72.38431708,-13.21506207,2747.133
     -72.38432627,-13.21506940,2747.060
     -72.38433307,-13.21507622,2747.120
     -72.38433865,-13.21508020,2747.396
     -72.38434442,-13.21508307,2747.958
     -72.38434965,-13.21508508,2747.869
     -72.38435875,-13.21508505,2747.636
     -72.38436303,-13.21508682,2747.183
     -72.38436827,-13.21509072,2746.531
     -72.38437655,-13.21509368,2746.186
     -72.38438502,-13.21509813,2746.329
     -72.38439372,-13.21510208,2746.713
     -72.38440507,-13.21510640,2747.452
     -72.38441627,-13.21511118,2748.178
     -72.38442318,-13.21511467,2748.514
     -72.38443192,-13.21511448,2748.727
     -72.38443803,-13.21511383,2748.250
     -72.38444447,-13.21511547,2748.609
     -72.38444832,-13.21511695,2749.459
     -72.38445387,-13.21511823,2749.871
     -72.38445855,-13.21511713,2749.438
     -72.38446315,-13.21511432,2749.410
     -72.38446517,-13.21511232,2749.012
     -72.38446752,-13.21511135,2748.269
     -72.38447087,-13.21511092,2747.614
     -72.38447085,-13.21511092,2747.614
     -72.38447458,-13.21511230,2747.785
     -72.38448202,-13.21511522,2747.554
     -72.38448702,-13.21511703,2747.862
     -72.38448800,-13.21512237,2747.754
     -72.38449075,-13.21512792,2748.195
     -72.38449075,-13.21512792,2748.195
     -72.38449075,-13.21512792,2748.195
     -72.38449645,-13.21512428,2748.906
     -72.38450667,-13.21512090,2749.206
     -72.38451860,-13.21511783,2749.632
     -72.38452607,-13.21511930,2749.595
     -72.38453862,-13.21511982,2750.061
     -72.38454857,-13.21512388,2749.592
     -72.38455895,-13.21512457,2750.078
     -72.38456737,-13.21512865,2749.693
     -72.38457590,-13.21513008,2749.663
     -72.38458387,-13.21513198,2749.548
     -72.38459477,-13.21513132,2749.187
     -72.38460742,-13.21513343,2749.254
     -72.38462152,-13.21513172,2749.106
     -72.38463250,-13.21513263,2748.637
     -72.38464557,-13.21513258,2748.469
     -72.38465505,-13.21513442,2748.662
     -72.38466235,-13.21513758,2748.789
     -72.38467387,-13.21514158,2749.149
     -72.38468565,-13.21514592,2749.793
     -72.38469445,-13.21514718,2750.545
     -72.38470738,-13.21514990,2750.859
     -72.38472207,-13.21515243,2751.244
     -72.38473283,-13.21515728,2751.736
     -72.38474353,-13.21515752,2752.029
     -72.38475298,-13.21515927,2752.660
     -72.38476333,-13.21516093,2752.903
     -72.38477402,-13.21516095,2754.170
     -72.38478293,-13.21516187,2753.957
     -72.38479225,-13.21516230,2753.749
     -72.38480472,-13.21516323,2753.486
     -72.38481593,-13.21516045,2752.869
     -72.38482982,-13.21516052,2752.877
     -72.38484322,-13.21515980,2751.545
     -72.38485557,-13.21515905,2750.682
     -72.38487043,-13.21515883,2749.482
     -72.38488292,-13.21515603,2748.974
     -72.38489723,-13.21515733,2748.525
     -72.38490812,-13.21515820,2748.320
     -72.38491505,-13.21515890,2748.240
     -72.38492442,-13.21515983,2747.501
     -72.38493733,-13.21515880,2747.860
     -72.38494890,-13.21515470,2748.399
     -72.38495955,-13.21515530,2748.722
     -72.38496890,-13.21515657,2748.899
     -72.38498097,-13.21515365,2748.805
     -72.38499637,-13.21515092,2748.131
     -72.38500977,-13.21514833,2746.970
     -72.38502252,-13.21514382,2746.541
     -72.38503372,-13.21513645,2747.130
     -72.38504247,-13.21512755,2747.500
     -72.38505135,-13.21512238,2748.078
     -72.38505757,-13.21511907,2749.219
     -72.38506010,-13.21511598,2749.853
     -72.38506635,-13.21511602,2750.117
     -72.38507315,-13.21511927,2751.546
     -72.38507693,-13.21511712,2752.105
     -72.38507840,-13.21511417,2752.033
     -72.38508110,-13.21510992,2752.405
     -72.38508585,-13.21510623,2752.550
     -72.38509178,-13.21510070,2752.698
     -72.38509983,-13.21509560,2752.493
     -72.38510567,-13.21509322,2752.610
     -72.38511225,-13.21508932,2753.177
     -72.38511840,-13.21508170,2753.393
     -72.38512220,-13.21507753,2753.887
     -72.38512113,-13.21507625,2754.035
     -72.38512702,-13.21507122,2753.808
     -72.38513598,-13.21506567,2753.515
     -72.38514460,-13.21506270,2753.236
     -72.38515140,-13.21505790,2752.867
     -72.38515965,-13.21505368,2753.314
     -72.38516763,-13.21504475,2753.683
     -72.38516900,-13.21504088,2754.430
     -72.38517207,-13.21503582,2754.979
     -72.38517955,-13.21502622,2755.207
     -72.38518235,-13.21501985,2754.570
     -72.38519047,-13.21500952,2754.968
     -72.38518892,-13.21501107,2754.719
     -72.38518892,-13.21501107,2754.719
     -72.38518892,-13.21501107,2754.719
     -72.38519022,-13.21500523,2754.936
     -72.38519430,-13.21499868,2755.255
     -72.38519890,-13.21499027,2754.808
     -72.38520568,-13.21498250,2755.078
     -72.38520568,-13.21498250,2755.078
     -72.38520898,-13.21497912,2754.438
     -72.38520898,-13.21497912,2754.438
     -72.38520898,-13.21497912,2754.438
     -72.38521710,-13.21497227,2753.938
     -72.38521710,-13.21497227,2753.938
     -72.38522425,-13.21496278,2754.210
     -72.38523303,-13.21495270,2754.176
     -72.38524227,-13.21494258,2754.406
     -72.38524227,-13.21494258,2754.407
     -72.38525095,-13.21493668,2754.148
     -72.38525858,-13.21492655,2753.698
     -72.38527032,-13.21492020,2754.141
     -72.38527032,-13.21492020,2754.141
     -72.38528230,-13.21491398,2754.818
     -72.38529567,-13.21490630,2755.129
     -72.38530795,-13.21490233,2755.857
     -72.38531885,-13.21489723,2755.960
     -72.38531885,-13.21489723,2755.960
     -72.38532653,-13.21489272,2756.241
     -72.38532653,-13.21489272,2756.241
     -72.38532653,-13.21489272,2756.241
     -72.38533792,-13.21488735,2755.935
     -72.38535147,-13.21488158,2756.588
     -72.38536183,-13.21487730,2757.188
     -72.38537025,-13.21487185,2757.470
     -72.38538403,-13.21486665,2757.778
     -72.38539737,-13.21486415,2758.614
     -72.38540767,-13.21486338,2758.727
     -72.38541768,-13.21486392,2758.733
     -72.38543035,-13.21486608,2758.987
     -72.38544297,-13.21486380,2759.030
     -72.38544980,-13.21486137,2758.659
     -72.38545985,-13.21485980,2758.357
     -72.38546705,-13.21485795,2758.140
     -72.38547518,-13.21485653,2758.162
     -72.38548233,-13.21485090,2758.342
     -72.38548233,-13.21485090,2758.342
     -72.38548325,-13.21484440,2758.824
     -72.38548853,-13.21483893,2758.943
     -72.38548852,-13.21483895,2758.943
     -72.38548852,-13.21483895,2758.943
     -72.38549562,-13.21483137,2758.981
     -72.38550480,-13.21482217,2759.007
     -72.38550480,-13.21482217,2759.007
     -72.38550480,-13.21482217,2759.007
     -72.38550480,-13.21482217,2759.007
     -72.38551590,-13.21481632,2759.064
     -72.38551590,-13.21481632,2759.064
     -72.38553052,-13.21480422,2759.276
     -72.38554427,-13.21479260,2758.784
     -72.38555492,-13.21478162,2757.794
     -72.38556695,-13.21476798,2757.442
     -72.38556695,-13.21476798,2757.442
     -72.38556985,-13.21475723,2756.888
     -72.38557357,-13.21474715,2756.504
     -72.38557600,-13.21473603,2755.791
     -72.38558272,-13.21472745,2756.221
     -72.38559123,-13.21472057,2756.481
     -72.38559412,-13.21471263,2756.329
     -72.38559613,-13.21470595,2755.841
     -72.38559552,-13.21469822,2755.987
     -72.38559488,-13.21468850,2756.116
     -72.38559488,-13.21468850,2756.116
     -72.38559592,-13.21467697,2755.351
     -72.38560418,-13.21466540,2754.994
     -72.38560418,-13.21466540,2754.994
     -72.38560418,-13.21466540,2754.994
     -72.38560418,-13.21466540,2754.994
     -72.38559997,-13.21466817,2756.787
     -72.38559433,-13.21467132,2757.221
     -72.38559127,-13.21467783,2758.593
     -72.38558815,-13.21468087,2760.407
     -72.38558028,-13.21468135,2761.990
     -72.38557968,-13.21467665,2762.870
     -72.38558302,-13.21466877,2763.287
     -72.38558302,-13.21466877,2763.287
     -72.38558302,-13.21466877,2763.287
     -72.38558302,-13.21466877,2763.287
     -72.38558302,-13.21466877,2763.287
     -72.38558302,-13.21466877,2763.287
     -72.38558302,-13.21466877,2763.287
     -72.38558302,-13.21466877,2763.287
     -72.38558302,-13.21466877,2763.287
     -72.38558302,-13.21466877,2763.287
     -72.38558302,-13.21466877,2763.287
     -72.38557288,-13.21466912,2763.684
     -72.38556212,-13.21466632,2764.074
     -72.38554887,-13.21466710,2764.429
     -72.38553753,-13.21467023,2764.316
     -72.38552863,-13.21467305,2763.427
     -72.38551903,-13.21467768,2763.093
     -72.38550568,-13.21468185,2762.759
     -72.38549618,-13.21468085,2762.802
     -72.38548828,-13.21468247,2762.110
     -72.38547800,-13.21468423,2761.613
     -72.38546905,-13.21468280,2761.515
     -72.38545870,-13.21468118,2762.010
     -72.38544590,-13.21468472,2762.417
     -72.38543402,-13.21468860,2762.636
     -72.38542153,-13.21469047,2763.033
     -72.38541425,-13.21469457,2763.724
     -72.38540347,-13.21469752,2764.616
     -72.38539613,-13.21469625,2765.341
     -72.38539143,-13.21469803,2765.473
     -72.38538835,-13.21469613,2765.840
     -72.38538017,-13.21469703,2766.532
     -72.38537558,-13.21469517,2766.186
     -72.38537202,-13.21469525,2766.034
     -72.38536862,-13.21469358,2766.140
     -72.38536158,-13.21469377,2765.988
     -72.38535650,-13.21469527,2765.360
     -72.38535287,-13.21468978,2765.902
     -72.38534918,-13.21468440,2766.495
     -72.38534353,-13.21468020,2766.800
     -72.38533425,-13.21467498,2767.665
     -72.38532210,-13.21467268,2769.007
     -72.38531333,-13.21467595,2769.429
     -72.38530017,-13.21467362,2769.673
     -72.38529070,-13.21466898,2770.034
     -72.38528040,-13.21466418,2769.652
     -72.38527088,-13.21465815,2769.712
     -72.38526023,-13.21465380,2770.730
     -72.38524933,-13.21465342,2770.602
     -72.38523342,-13.21465683,2770.522
     -72.38521815,-13.21465913,2770.686
     -72.38519963,-13.21466175,2770.626
     -72.38518317,-13.21465967,2769.941
     -72.38516803,-13.21465992,2769.994
     -72.38515443,-13.21465682,2770.292
     -72.38514438,-13.21465067,2769.976
     -72.38513373,-13.21464512,2769.562
     -72.38512373,-13.21463585,2769.499
     -72.38511612,-13.21463255,2769.607
     -72.38510973,-13.21462713,2769.357
     -72.38510470,-13.21462330,2768.568
     -72.38509627,-13.21461978,2767.972
     -72.38509225,-13.21461627,2767.349
     -72.38508675,-13.21461513,2765.355
     -72.38507470,-13.21461283,2765.882
     -72.38506527,-13.21460540,2767.317
     -72.38505670,-13.21460078,2767.748
     -72.38504418,-13.21460115,2767.990
     -72.38503340,-13.21459703,2768.951
     -72.38502213,-13.21459588,2770.178
     -72.38501212,-13.21459282,2770.400
     -72.38500680,-13.21458322,2771.127
     -72.38499695,-13.21457985,2771.847
     -72.38498703,-13.21457577,2772.529
     -72.38497773,-13.21456818,2773.490
     -72.38497133,-13.21455893,2774.031
     -72.38496462,-13.21455020,2774.761
     -72.38496060,-13.21454063,2775.389
     -72.38495465,-13.21452995,2775.643
     -72.38494883,-13.21452230,2776.083
     -72.38494440,-13.21451497,2775.807
     -72.38493992,-13.21450357,2775.283
     -72.38493992,-13.21450357,2775.283
     -72.38493992,-13.21450357,2775.283
     -72.38495083,-13.21449265,2773.912
     -72.38495127,-13.21448080,2773.743
     -72.38495275,-13.21446668,2773.798
     -72.38494978,-13.21445513,2773.922
     -72.38494850,-13.21444400,2773.731
     -72.38494990,-13.21443438,2772.631
     -72.38494813,-13.21442853,2771.765
     -72.38494540,-13.21442287,2771.516
     -72.38494355,-13.21441867,2772.206
     -72.38493715,-13.21441078,2772.756
     -72.38493107,-13.21439813,2772.417
     -72.38491543,-13.21438773,2772.700
     -72.38490207,-13.21438438,2773.202
     -72.38489458,-13.21437527,2773.582
     -72.38488457,-13.21436692,2772.414
     -72.38487373,-13.21436577,2773.747
     -72.38486417,-13.21436777,2773.678
     -72.38485775,-13.21436725,2774.750
     -72.38485033,-13.21436248,2775.656
     -72.38484558,-13.21435778,2774.908
     -72.38483753,-13.21435882,2775.875
     -72.38482958,-13.21435902,2776.077
     -72.38482462,-13.21435847,2775.927
     -72.38481850,-13.21435597,2775.126
     -72.38480798,-13.21435835,2774.756
     -72.38479120,-13.21436208,2775.269
     -72.38477515,-13.21436553,2776.127
     -72.38476518,-13.21436333,2776.323
     -72.38475583,-13.21436368,2776.339
     -72.38474583,-13.21436280,2776.201
     -72.38473977,-13.21435737,2776.632
     -72.38473452,-13.21435385,2775.344
     -72.38472585,-13.21434808,2775.077
     -72.38471747,-13.21434355,2774.844
     -72.38471342,-13.21434082,2775.202
     -72.38470732,-13.21433475,2774.886
     -72.38470200,-13.21432805,2774.345
     -72.38469457,-13.21432085,2774.092
     -72.38469000,-13.21431160,2774.425
     -72.38468437,-13.21430167,2775.019
     -72.38468073,-13.21429090,2775.707
     -72.38467360,-13.21428165,2776.715
     -72.38466853,-13.21427395,2777.437
     -72.38466733,-13.21426318,2778.250
     -72.38466758,-13.21425132,2779.066
     -72.38466758,-13.21425132,2779.066
     -72.38467100,-13.21423947,2778.642
     -72.38467145,-13.21422780,2778.155
     -72.38467230,-13.21421925,2778.284
     -72.38467088,-13.21421333,2778.544
     -72.38467348,-13.21420552,2778.730
     -72.38467625,-13.21419343,2779.198
     -72.38468090,-13.21418563,2778.853
     -72.38468707,-13.21417677,2778.029
     -72.38468707,-13.21417677,2778.029
     -72.38468707,-13.21417677,2778.029
     -72.38468923,-13.21417110,2777.713
     -72.38469092,-13.21416292,2777.127
     -72.38469092,-13.21416292,2777.127
     -72.38469092,-13.21416292,2777.127
     -72.38469092,-13.21416292,2777.127
     -72.38469092,-13.21416292,2777.127
     -72.38469092,-13.21416292,2777.127
     -72.38469092,-13.21416292,2777.127
     -72.38469092,-13.21416292,2777.127
     -72.38469092,-13.21416292,2777.127
     -72.38469092,-13.21416292,2777.127
     -72.38469092,-13.21416292,2777.127
     -72.38469092,-13.21416292,2777.127
     -72.38469092,-13.21416292,2777.127
     -72.38469658,-13.21415157,2776.811
     -72.38469985,-13.21413598,2776.335
     -72.38470198,-13.21411817,2775.833
     -72.38470558,-13.21409627,2774.649
     -72.38470803,-13.21408235,2774.346
     -72.38471553,-13.21407315,2774.235
     -72.38472022,-13.21406435,2775.489
     -72.38472022,-13.21406435,2775.489
     -72.38472022,-13.21406435,2775.489
     -72.38472022,-13.21406435,2775.489
     -72.38472022,-13.21406435,2775.489
     -72.38472022,-13.21406435,2775.489
     -72.38472022,-13.21406435,2775.489
     -72.38472022,-13.21406435,2775.489
     -72.38472022,-13.21406435,2775.489
     -72.38472022,-13.21406435,2775.489
     -72.38472022,-13.21406435,2775.489
     -72.38472022,-13.21406435,2775.489
     -72.38472022,-13.21406435,2775.489
     -72.38472342,-13.21405617,2777.773
     -72.38472342,-13.21405617,2777.773
     -72.38472927,-13.21404980,2778.368
     -72.38472927,-13.21404980,2778.368
     -72.38472927,-13.21404980,2778.368
     -72.38472927,-13.21404980,2778.368
     -72.38472927,-13.21404980,2778.368
     -72.38472927,-13.21404980,2778.368
     -72.38474278,-13.21403902,2778.069
     -72.38475482,-13.21403032,2778.031
     -72.38475482,-13.21403032,2778.031
     -72.38475482,-13.21403032,2778.031
     -72.38475482,-13.21403032,2778.031
     -72.38475482,-13.21403032,2778.031
     -72.38475482,-13.21403032,2778.031
     -72.38475482,-13.21403032,2778.031
     -72.38475482,-13.21403032,2778.031
     -72.38476550,-13.21400932,2778.872
     -72.38476550,-13.21400932,2778.872
     -72.38476550,-13.21400932,2778.872
     -72.38476550,-13.21400932,2778.872
     -72.38476550,-13.21400932,2778.872
     -72.38477513,-13.21398950,2779.914
     -72.38477513,-13.21398950,2779.913
     -72.38478863,-13.21396852,2779.937
     -72.38480553,-13.21395405,2780.099
     -72.38480553,-13.21395405,2780.099
     -72.38480553,-13.21395405,2780.099
     -72.38482233,-13.21393242,2780.146
     -72.38482872,-13.21391638,2779.200
     -72.38483872,-13.21390033,2778.913
     -72.38484850,-13.21388592,2777.434
     -72.38485503,-13.21387312,2777.027
     -72.38485503,-13.21387312,2777.027
     -72.38485503,-13.21387312,2777.027
     -72.38485503,-13.21387312,2777.027
     -72.38485503,-13.21387312,2777.027
     -72.38485503,-13.21387312,2777.027
     -72.38485503,-13.21387312,2777.027
     -72.38485503,-13.21387312,2777.027
     -72.38485503,-13.21387312,2777.027
     -72.38485503,-13.21387312,2777.027
     -72.38486018,-13.21385927,2777.220
     -72.38486018,-13.21385927,2777.220
     -72.38486018,-13.21385927,2777.220
     -72.38486018,-13.21385927,2777.220
     -72.38486018,-13.21385927,2777.220
     -72.38486018,-13.21385927,2777.220
     -72.38486018,-13.21385927,2777.220
     -72.38486018,-13.21385927,2777.220
     -72.38486018,-13.21385927,2777.220
     -72.38486018,-13.21385927,2777.220
     -72.38486018,-13.21385927,2777.220
     -72.38486018,-13.21385927,2777.220
     -72.38486018,-13.21385927,2777.220
     -72.38486018,-13.21385927,2777.220
     -72.38486018,-13.21385927,2777.220
     -72.38486018,-13.21385927,2777.220
     -72.38486018,-13.21385927,2777.220
     -72.38486018,-13.21385927,2777.220
     -72.38486018,-13.21385927,2777.220
     -72.38486018,-13.21385927,2777.220
     -72.38486018,-13.21385927,2777.220
     -72.38486018,-13.21385927,2777.220
     -72.38486018,-13.21385927,2777.220
     -72.38486018,-13.21385927,2777.220
     -72.38486018,-13.21385927,2777.220
     -72.38486018,-13.21385927,2777.220
     -72.38486018,-13.21385927,2777.220
     -72.38486018,-13.21385927,2777.220
     -72.38486018,-13.21385927,2777.220
     -72.38486018,-13.21385927,2777.220
     -72.38486018,-13.21385927,2777.220
     -72.38487040,-13.21384220,2779.007
     -72.38487063,-13.21383253,2779.854
     -72.38487207,-13.21382342,2780.235
     -72.38487433,-13.21381258,2781.231
     -72.38487827,-13.21379965,2782.692
     -72.38488393,-13.21378578,2782.284
     -72.38488883,-13.21377453,2782.031
     -72.38489318,-13.21376442,2782.610
     -72.38489947,-13.21375388,2783.182
     -72.38490507,-13.21374845,2784.301
     -72.38491240,-13.21374088,2784.854
     -72.38491240,-13.21374088,2784.854
     -72.38491403,-13.21373173,2784.495
     -72.38491627,-13.21372205,2784.094
     -72.38491438,-13.21371520,2784.217
     -72.38491438,-13.21371520,2784.217
     -72.38491438,-13.21371520,2784.217
     -72.38491310,-13.21370777,2785.468
     -72.38491738,-13.21370263,2786.554
     -72.38492328,-13.21369560,2787.111
     -72.38492328,-13.21369560,2787.111
     -72.38493288,-13.21369180,2786.953
     -72.38494267,-13.21368512,2786.389
     -72.38495192,-13.21367628,2786.116
     -72.38496207,-13.21366578,2785.470
     -72.38496978,-13.21365977,2785.671
     -72.38497640,-13.21365468,2785.063
     -72.38498248,-13.21364880,2784.177
     -72.38498248,-13.21364880,2784.177
     -72.38499118,-13.21364875,2783.412
     -72.38499875,-13.21364450,2783.463
     -72.38500888,-13.21363848,2783.158
     -72.38501978,-13.21363248,2782.755
     -72.38502632,-13.21362753,2782.790
     -72.38502682,-13.21362167,2782.896
     -72.38502812,-13.21361242,2783.753
     -72.38502812,-13.21361242,2783.753
     -72.38503458,-13.21360283,2784.829
     -72.38503745,-13.21359477,2784.915
     -72.38503745,-13.21359477,2784.915
     -72.38503787,-13.21358692,2785.944
     -72.38504005,-13.21357615,2787.081
     -72.38503990,-13.21356755,2788.454
     -72.38504142,-13.21355973,2789.455
     -72.38504883,-13.21355153,2790.048
     -72.38504565,-13.21353818,2788.526
     -72.38504247,-13.21352515,2787.796
     -72.38504055,-13.21351682,2787.333
     -72.38504245,-13.21350740,2787.503
     -72.38504822,-13.21349783,2788.290
     -72.38505190,-13.21349223,2788.332
     -72.38505190,-13.21349223,2788.332
     -72.38505190,-13.21349223,2788.332
     -72.38505190,-13.21349223,2788.332
     -72.38505190,-13.21349223,2788.332
     -72.38505190,-13.21349223,2788.332
     -72.38505190,-13.21349223,2788.332
     -72.38505190,-13.21349223,2788.332
     -72.38505190,-13.21349223,2788.332
     -72.38505190,-13.21349223,2788.332
     -72.38505422,-13.21349992,2789.548
     -72.38505805,-13.21350098,2789.713
     -72.38506285,-13.21349892,2790.342
     -72.38506705,-13.21349842,2791.689
     -72.38507110,-13.21349562,2792.763
     -72.38507110,-13.21349562,2792.763
     -72.38507110,-13.21349562,2792.763
     -72.38507110,-13.21349562,2792.763
     -72.38507110,-13.21349562,2792.763
     -72.38507110,-13.21349562,2792.763
     -72.38507077,-13.21348110,2792.002
     -72.38507077,-13.21348110,2792.002
     -72.38507077,-13.21348110,2792.002
     -72.38507077,-13.21348110,2792.002
     -72.38507077,-13.21348110,2792.002
     -72.38507077,-13.21348110,2792.002
     -72.38507077,-13.21348110,2792.002
     -72.38507077,-13.21348110,2792.002
     -72.38507077,-13.21348110,2792.002
     -72.38507077,-13.21348110,2792.002
     -72.38507077,-13.21348110,2792.002
     -72.38507077,-13.21348110,2792.002
     -72.38507077,-13.21348110,2792.002
     -72.38507077,-13.21348110,2792.002
     -72.38507077,-13.21348110,2792.002
     -72.38507077,-13.21348110,2792.002
     -72.38507077,-13.21348110,2792.002
     -72.38506723,-13.21345420,2793.122
     -72.38506840,-13.21343488,2794.272
     -72.38506847,-13.21341167,2796.070
     -72.38506718,-13.21338623,2797.620
     -72.38506358,-13.21335707,2798.121
     -72.38506558,-13.21333052,2797.250
     -72.38506382,-13.21331495,2797.113
     -72.38506675,-13.21329988,2797.499
     -72.38506920,-13.21329505,2798.411
     -72.38507137,-13.21329027,2799.162
     -72.38506933,-13.21328427,2799.228
     -72.38506987,-13.21327728,2799.556
     -72.38507198,-13.21327140,2799.308
     -72.38507277,-13.21326590,2798.449
     -72.38507472,-13.21326205,2798.157
     -72.38508048,-13.21325462,2797.511
     -72.38508408,-13.21324952,2797.918
     -72.38508472,-13.21324277,2797.527
     -72.38508472,-13.21324277,2797.527
     -72.38508452,-13.21323920,2798.450
     -72.38508452,-13.21323920,2798.450
     -72.38508452,-13.21323920,2798.450
     -72.38508452,-13.21323920,2798.450
     -72.38508050,-13.21322988,2798.224
     -72.38508050,-13.21322988,2798.224
     -72.38508050,-13.21322988,2798.224
     -72.38508050,-13.21322988,2798.224
     -72.38508050,-13.21322988,2798.224
     -72.38507623,-13.21322135,2797.268
     -72.38507395,-13.21320990,2797.145
     -72.38507007,-13.21320105,2796.604
     -72.38507007,-13.21320105,2796.604
     -72.38506645,-13.21319607,2795.919
     -72.38506738,-13.21318762,2795.503
     -72.38506872,-13.21317898,2795.080
     -72.38506885,-13.21316763,2795.392
     -72.38506885,-13.21316763,2795.392
     -72.38506885,-13.21316763,2795.392
     -72.38506885,-13.21316763,2795.392
     -72.38507427,-13.21315205,2794.939
     -72.38507427,-13.21315205,2794.939
     -72.38507427,-13.21315205,2794.939
     -72.38507863,-13.21313503,2794.624
     -72.38507863,-13.21313503,2794.624
     -72.38508423,-13.21311477,2794.991
     -72.38508423,-13.21311477,2794.991
     -72.38508508,-13.21310080,2795.065
     -72.38508508,-13.21310080,2795.065
     -72.38508508,-13.21310080,2795.065
     -72.38508508,-13.21310080,2795.065
     -72.38508508,-13.21310080,2795.065
     -72.38508508,-13.21310080,2795.065
     -72.38508508,-13.21310080,2795.065
     -72.38508508,-13.21310080,2795.065
     -72.38508508,-13.21310080,2795.065
     -72.38508508,-13.21310080,2795.065
     -72.38508508,-13.21310080,2795.065
     -72.38508508,-13.21310080,2795.065
     -72.38508508,-13.21310080,2795.065
     -72.38508508,-13.21310080,2795.065
     -72.38508508,-13.21310080,2795.065
     -72.38508508,-13.21310080,2795.065
     -72.38508508,-13.21310080,2795.065
     -72.38508508,-13.21310080,2795.065
     -72.38508508,-13.21310080,2795.065
     -72.38508508,-13.21310080,2795.065
     -72.38508508,-13.21310080,2795.065
     -72.38508508,-13.21310080,2795.065
     -72.38508508,-13.21310080,2795.065
     -72.38509372,-13.21307717,2795.558
     -72.38509372,-13.21307717,2795.558
     -72.38509372,-13.21307717,2795.558
     -72.38509372,-13.21307717,2795.558
     -72.38509372,-13.21307717,2795.558
     -72.38509372,-13.21307717,2795.558
     -72.38509372,-13.21307717,2795.558
     -72.38509372,-13.21307717,2795.558
     -72.38509778,-13.21305200,2797.362
     -72.38509778,-13.21305200,2797.362
     -72.38509778,-13.21305200,2797.362
     -72.38509778,-13.21305200,2797.362
     -72.38509778,-13.21305200,2797.362
     -72.38509778,-13.21305200,2797.362
     -72.38509778,-13.21305200,2797.362
     -72.38509778,-13.21305200,2797.362
     -72.38509778,-13.21305200,2797.362
     -72.38509778,-13.21305200,2797.362
     -72.38509778,-13.21305200,2797.362
     -72.38510795,-13.21302213,2797.467
     -72.38511613,-13.21299910,2797.231
     -72.38512463,-13.21297553,2797.648
     -72.38512463,-13.21297553,2797.648
     -72.38512463,-13.21297553,2797.648
     -72.38512463,-13.21297553,2797.648
     -72.38512463,-13.21297553,2797.648
     -72.38512463,-13.21297553,2797.648
     -72.38512463,-13.21297553,2797.648
     -72.38512463,-13.21297553,2797.648
     -72.38512463,-13.21297553,2797.648
     -72.38512463,-13.21297553,2797.648
     -72.38512463,-13.21297553,2797.648
     -72.38512842,-13.21295177,2798.325
     -72.38512842,-13.21295177,2798.325
     -72.38512842,-13.21295177,2798.325
     -72.38512842,-13.21295177,2798.325
     -72.38512842,-13.21295177,2798.325
     -72.38512842,-13.21295177,2798.325
     -72.38513565,-13.21292838,2798.721
     -72.38513565,-13.21292837,2798.721
     -72.38513565,-13.21292837,2798.721
     -72.38513565,-13.21292837,2798.721
     -72.38513565,-13.21292837,2798.721
     -72.38514217,-13.21290865,2798.387
     -72.38514217,-13.21290865,2798.387
     -72.38514217,-13.21290865,2798.387
     -72.38515227,-13.21288975,2797.855
     -72.38516107,-13.21287350,2797.840
     -72.38516107,-13.21287350,2797.840
     -72.38517095,-13.21285517,2798.003
     -72.38518030,-13.21283740,2797.623
     -72.38518948,-13.21281853,2798.014
     -72.38519917,-13.21280362,2797.695
     -72.38520928,-13.21278903,2797.809
     -72.38521838,-13.21277445,2797.925
     -72.38523070,-13.21275650,2798.077
     -72.38524218,-13.21273432,2797.041
     -72.38524218,-13.21273432,2797.041
     -72.38525257,-13.21271505,2798.071
     -72.38526095,-13.21270125,2798.969
     -72.38527405,-13.21268745,2800.084
     -72.38527405,-13.21268745,2800.084
     -72.38527405,-13.21268745,2800.084
     -72.38527405,-13.21268745,2800.084
     -72.38528102,-13.21267417,2800.491
     -72.38528102,-13.21267417,2800.491
     -72.38528102,-13.21267417,2800.491
     -72.38528102,-13.21267417,2800.491
     -72.38529630,-13.21265285,2802.326
     -72.38531117,-13.21263285,2802.877
     -72.38532525,-13.21261540,2804.164
     -72.38532525,-13.21261540,2804.164
     -72.38533787,-13.21260067,2806.433
     -72.38533788,-13.21260067,2806.433
     -72.38534575,-13.21258743,2806.650
     -72.38534575,-13.21258743,2806.649
     -72.38534575,-13.21258743,2806.649
     -72.38534575,-13.21258743,2806.649
     -72.38534575,-13.21258743,2806.649
     -72.38534575,-13.21258743,2806.649
     -72.38534575,-13.21258743,2806.649
     -72.38535690,-13.21257262,2805.685
     -72.38536592,-13.21255942,2804.922
     -72.38537557,-13.21254977,2803.654
     -72.38537557,-13.21254977,2803.654
     -72.38537557,-13.21254977,2803.654
     -72.38538398,-13.21253520,2802.678
     -72.38538398,-13.21253520,2802.678
     -72.38538398,-13.21253520,2802.678
     -72.38538398,-13.21253520,2802.678
     -72.38538398,-13.21253520,2802.678
     -72.38538398,-13.21253520,2802.678
     -72.38538398,-13.21253520,2802.678
     -72.38538398,-13.21253520,2802.678
     -72.38538398,-13.21253520,2802.678
     -72.38538398,-13.21253520,2802.678
     -72.38538398,-13.21253520,2802.678
     -72.38538903,-13.21252248,2802.669
     -72.38538903,-13.21252248,2802.669
     -72.38538903,-13.21252248,2802.669
     -72.38539255,-13.21251142,2803.622
     -72.38539255,-13.21251142,2803.622
     -72.38539255,-13.21251142,2803.622
     -72.38539255,-13.21251142,2803.622
     -72.38539255,-13.21251142,2803.622
     -72.38539255,-13.21251142,2803.622
     -72.38539255,-13.21251142,2803.622
     -72.38539255,-13.21251142,2803.622
     -72.38539255,-13.21251142,2803.622
     -72.38539255,-13.21251142,2803.622
     -72.38539255,-13.21251142,2803.622
     -72.38539255,-13.21251142,2803.622
     -72.38539255,-13.21251142,2803.622
     -72.38539255,-13.21251142,2803.622
     -72.38539660,-13.21249475,2804.181
     -72.38540075,-13.21248037,2804.279
     -72.38540075,-13.21248037,2804.279
     -72.38540075,-13.21248037,2804.279
     -72.38540075,-13.21248037,2804.279
     -72.38540075,-13.21248037,2804.279
     -72.38540075,-13.21248037,2804.279
     -72.38540075,-13.21248037,2804.279
     -72.38540075,-13.21248037,2804.279
     -72.38540075,-13.21248037,2804.279
     -72.38540075,-13.21248037,2804.279
     -72.38540075,-13.21248037,2804.279
     -72.38540075,-13.21248037,2804.279
     -72.38541122,-13.21246612,2807.059
     -72.38541122,-13.21246612,2807.059
     -72.38541122,-13.21246612,2807.059
     -72.38541122,-13.21246612,2807.059
     -72.38541122,-13.21246612,2807.059
     -72.38541122,-13.21246612,2807.059
     -72.38541122,-13.21246612,2807.059
     -72.38541122,-13.21246612,2807.059
     -72.38541122,-13.21246612,2807.059
     -72.38541122,-13.21246612,2807.059
     -72.38541122,-13.21246612,2807.059
     -72.38541122,-13.21246612,2807.059
     -72.38541122,-13.21246612,2807.059
     -72.38541122,-13.21246612,2807.059
     -72.38541122,-13.21246612,2807.059
     -72.38541122,-13.21246612,2807.059
     -72.38541122,-13.21246612,2807.059
     -72.38541122,-13.21246612,2807.059
     -72.38541122,-13.21246612,2807.059
     -72.38541122,-13.21246612,2807.059
     -72.38541122,-13.21246612,2807.059
     -72.38541122,-13.21246612,2807.059
     -72.38541122,-13.21246612,2807.059
     -72.38541122,-13.21246612,2807.059
     -72.38542522,-13.21244782,2807.656
     -72.38543875,-13.21243333,2808.044
     -72.38543875,-13.21243333,2808.044
     -72.38543875,-13.21243333,2808.044
     -72.38543875,-13.21243333,2808.044
     -72.38545607,-13.21241655,2807.814
     -72.38545607,-13.21241655,2807.814
     -72.38547453,-13.21240003,2808.082
     -72.38548792,-13.21237938,2808.528
     -72.38548792,-13.21237938,2808.528
     -72.38548792,-13.21237938,2808.528
     -72.38548792,-13.21237938,2808.528
     -72.38548792,-13.21237938,2808.528
     -72.38548792,-13.21237938,2808.528
     -72.38548792,-13.21237938,2808.528
     -72.38548792,-13.21237938,2808.528
     -72.38548792,-13.21237938,2808.528
     -72.38548792,-13.21237938,2808.528
     -72.38548792,-13.21237938,2808.528
     -72.38550420,-13.21236155,2809.343
     -72.38552027,-13.21234570,2810.313
     -72.38553497,-13.21232785,2811.405
     -72.38555063,-13.21230905,2812.414
     -72.38556740,-13.21229210,2812.859
     -72.38558550,-13.21227670,2813.260
     -72.38560405,-13.21225642,2812.998
     -72.38560405,-13.21225642,2812.998
     -72.38560405,-13.21225642,2812.998
     -72.38560405,-13.21225642,2812.998
     -72.38560405,-13.21225642,2812.998
     -72.38560405,-13.21225642,2812.998
     -72.38560405,-13.21225642,2812.998
     -72.38560405,-13.21225642,2812.998
     -72.38560405,-13.21225642,2812.998
     -72.38560405,-13.21225642,2812.998
     -72.38560405,-13.21225642,2812.998
     -72.38560405,-13.21225642,2812.998
     -72.38560405,-13.21225642,2812.998
     -72.38560405,-13.21225642,2812.998
     -72.38560405,-13.21225642,2812.998
     -72.38560405,-13.21225642,2812.998
     -72.38560405,-13.21225642,2812.998
     -72.38560405,-13.21225642,2812.998
     -72.38560405,-13.21225642,2812.998
     -72.38560405,-13.21225642,2812.998
     -72.38560405,-13.21225642,2812.998
     -72.38560405,-13.21225642,2812.998
     -72.38560405,-13.21225642,2812.998
     -72.38560405,-13.21225642,2812.998
     -72.38560405,-13.21225642,2812.998
     -72.38560405,-13.21225642,2812.998
     -72.38560405,-13.21225642,2812.998
     -72.38560405,-13.21225642,2812.998
     -72.38560405,-13.21225642,2812.998
     -72.38560405,-13.21225642,2812.998
     -72.38560457,-13.21224943,2814.701
     -72.38560373,-13.21224733,2815.760
     -72.38560800,-13.21223867,2815.742
     -72.38560800,-13.21223867,2815.742
     -72.38560800,-13.21223867,2815.742
     -72.38560800,-13.21223867,2815.742
     -72.38560800,-13.21223867,2815.742
     -72.38560800,-13.21223867,2815.742
     -72.38560800,-13.21223867,2815.742
     -72.38560800,-13.21223867,2815.742
     -72.38560800,-13.21223867,2815.742
     -72.38560800,-13.21223867,2815.742
     -72.38560800,-13.21223867,2815.742
     -72.38560800,-13.21223867,2815.742
     -72.38560800,-13.21223867,2815.742
     -72.38560800,-13.21223867,2815.742
     -72.38560800,-13.21223867,2815.742
     -72.38562473,-13.21222447,2816.113
     -72.38562473,-13.21222447,2816.113
     -72.38562473,-13.21222447,2816.113
     -72.38562473,-13.21222447,2816.113
     -72.38562473,-13.21222447,2816.113
     -72.38562473,-13.21222447,2816.113
     -72.38562473,-13.21222447,2816.113
     -72.38562473,-13.21222447,2816.113
     -72.38562473,-13.21222447,2816.113
     -72.38562473,-13.21222447,2816.113
     -72.38562473,-13.21222447,2816.113
     -72.38562473,-13.21222447,2816.113
     -72.38562473,-13.21222447,2816.113
     -72.38562473,-13.21222447,2816.113
     -72.38562473,-13.21222447,2816.113
     -72.38562473,-13.21222447,2816.113
     -72.38562473,-13.21222447,2816.113
     -72.38562473,-13.21222447,2816.113
     -72.38562473,-13.21222447,2816.113
     -72.38562473,-13.21222447,2816.113
     -72.38562473,-13.21222447,2816.113
     -72.38562473,-13.21222447,2816.113
     -72.38562473,-13.21222447,2816.113
     -72.38562473,-13.21222447,2816.113
     -72.38562473,-13.21222447,2816.113
     -72.38562473,-13.21222447,2816.113
     -72.38562473,-13.21222447,2816.113
     -72.38562473,-13.21222447,2816.113
     -72.38563757,-13.21220275,2816.107
     -72.38564630,-13.21218580,2816.031
     -72.38566252,-13.21217085,2816.325
     -72.38566253,-13.21217085,2816.325
     -72.38566253,-13.21217085,2816.325
     -72.38566253,-13.21217085,2816.325
     -72.38566253,-13.21217085,2816.325
     -72.38566253,-13.21217085,2816.325
     -72.38566253,-13.21217085,2816.325
     -72.38566253,-13.21217085,2816.325
     -72.38566937,-13.21215443,2816.689
     -72.38567107,-13.21214100,2817.197
     -72.38567163,-13.21212388,2816.620
     -72.38567522,-13.21211060,2816.233
     -72.38567980,-13.21209872,2816.022
     -72.38568280,-13.21209018,2815.625
     -72.38568463,-13.21208075,2815.565
     -72.38568600,-13.21207262,2816.153
     -72.38568403,-13.21206802,2816.491
     -72.38568403,-13.21206802,2816.491
     -72.38568228,-13.21206247,2816.239
     -72.38568142,-13.21205692,2816.069
     -72.38568088,-13.21205053,2815.906
     -72.38568088,-13.21205053,2815.906
     -72.38567870,-13.21204115,2816.081
     -72.38568143,-13.21203040,2816.496
     -72.38568168,-13.21202170,2817.598
     -72.38568293,-13.21201360,2818.176
     -72.38568293,-13.21201360,2818.175
     -72.38568293,-13.21201360,2818.175
     -72.38568293,-13.21201360,2818.175
     -72.38568293,-13.21201360,2818.175
     -72.38568293,-13.21201360,2818.175
     -72.38568293,-13.21201360,2818.175
     -72.38568293,-13.21201360,2818.175
     -72.38568293,-13.21201360,2818.175
     -72.38567503,-13.21200513,2819.221
     -72.38567503,-13.21200513,2819.221
     -72.38567288,-13.21199602,2819.762
     -72.38567288,-13.21199602,2819.762
     -72.38566893,-13.21198380,2820.711
     -72.38566893,-13.21198380,2820.711
     -72.38566893,-13.21198380,2820.711
     -72.38566893,-13.21198380,2820.711
     -72.38566893,-13.21198380,2820.711
     -72.38566325,-13.21195942,2820.881
     -72.38566325,-13.21195942,2820.881
     -72.38566325,-13.21195942,2820.881
     -72.38566325,-13.21195942,2820.881
     -72.38566325,-13.21195942,2820.881
     -72.38566325,-13.21195942,2820.881
     -72.38566325,-13.21195942,2820.881
     -72.38566325,-13.21195942,2820.881
     -72.38565768,-13.21193187,2822.151
     -72.38565228,-13.21191312,2822.942
     -72.38565228,-13.21191312,2822.941
     -72.38565228,-13.21191312,2822.941
     -72.38565228,-13.21191312,2822.941
     -72.38565228,-13.21191312,2822.941
     -72.38565228,-13.21191312,2822.941
     -72.38565228,-13.21191312,2822.941
     -72.38565228,-13.21191312,2822.941
     -72.38565528,-13.21189410,2822.940
     -72.38565815,-13.21187885,2822.933
     -72.38565765,-13.21186553,2822.681
     -72.38565842,-13.21185263,2821.664
     -72.38566093,-13.21184157,2820.641
     -72.38566093,-13.21184155,2820.641
     -72.38566565,-13.21183323,2820.781
     -72.38566565,-13.21183323,2820.781
     -72.38566842,-13.21182292,2821.088
     -72.38566842,-13.21182292,2821.088
     -72.38567067,-13.21181533,2822.297
     -72.38567067,-13.21181533,2822.297
     -72.38567067,-13.21181533,2822.297
     -72.38567067,-13.21181533,2822.297
     -72.38567067,-13.21181533,2822.297
     -72.38567067,-13.21181533,2822.297
     -72.38567067,-13.21181533,2822.297
     -72.38567067,-13.21181533,2822.297
     -72.38567067,-13.21181533,2822.297
     -72.38567067,-13.21181533,2822.297
     -72.38567067,-13.21181533,2822.297
     -72.38567067,-13.21181533,2822.297
     -72.38567067,-13.21181533,2822.297
     -72.38567067,-13.21181533,2822.297
     -72.38567067,-13.21181533,2822.297
     -72.38567067,-13.21181533,2822.297
     -72.38567067,-13.21181533,2822.297
     -72.38567323,-13.21179705,2821.142
     -72.38567323,-13.21179705,2821.142
     -72.38567290,-13.21178128,2820.896
     -72.38567455,-13.21176533,2820.510
     -72.38567353,-13.21175045,2820.519
     -72.38567188,-13.21173960,2820.680
     -72.38567188,-13.21173960,2820.680
     -72.38566985,-13.21173067,2821.823
     -72.38566985,-13.21173067,2821.823
     -72.38566985,-13.21173067,2821.823
     -72.38566985,-13.21173067,2821.823
     -72.38566403,-13.21171657,2822.237
     -72.38566302,-13.21170323,2822.902
     -72.38566302,-13.21170323,2822.902
     -72.38566302,-13.21170323,2822.902
     -72.38566198,-13.21169227,2822.792
     -72.38566198,-13.21169227,2822.792
     -72.38566198,-13.21169227,2822.792
     -72.38566213,-13.21167702,2823.201
     -72.38566213,-13.21167702,2823.201
     -72.38566213,-13.21167702,2823.201
     -72.38566078,-13.21166063,2823.683
     -72.38566078,-13.21166063,2823.683
     -72.38565440,-13.21164817,2824.648
     -72.38565440,-13.21164817,2824.648
     -72.38565440,-13.21164817,2824.648
     -72.38565440,-13.21164817,2824.648
     -72.38565440,-13.21164817,2824.648
     -72.38565440,-13.21164817,2824.648
     -72.38565440,-13.21164817,2824.648
     -72.38565440,-13.21164817,2824.648
     -72.38565440,-13.21164817,2824.648
     -72.38565440,-13.21164817,2824.648
     -72.38565440,-13.21164817,2824.648
     -72.38565440,-13.21164817,2824.648
     -72.38565440,-13.21164817,2824.648
     -72.38565440,-13.21164817,2824.648
     -72.38565440,-13.21164817,2824.648
     -72.38565792,-13.21163055,2823.552
     -72.38565792,-13.21163055,2823.552
     -72.38565792,-13.21163055,2823.552
     -72.38565792,-13.21163055,2823.552
     -72.38565792,-13.21163055,2823.552
     -72.38564878,-13.21161883,2824.037
     -72.38564878,-13.21161883,2824.037
     -72.38564878,-13.21161883,2824.037
     -72.38564878,-13.21161883,2824.037
     -72.38564878,-13.21161883,2824.037
     -72.38564878,-13.21161883,2824.037
     -72.38564878,-13.21161883,2824.037
     -72.38564878,-13.21161883,2824.037
     -72.38564878,-13.21161883,2824.037
     -72.38563235,-13.21159400,2825.859
     -72.38561762,-13.21157272,2826.704
     -72.38561762,-13.21157272,2826.705
     -72.38561762,-13.21157272,2826.705
     -72.38560667,-13.21155392,2828.537
     -72.38560667,-13.21155392,2828.537
     -72.38559413,-13.21154200,2830.487
     -72.38557942,-13.21153498,2831.077
     -72.38557210,-13.21152515,2831.321
     -72.38556822,-13.21151497,2830.686
     -72.38556283,-13.21150123,2830.080
     -72.38555758,-13.21149255,2831.002
     -72.38555352,-13.21148597,2831.836
     -72.38554925,-13.21148170,2832.809
     -72.38554248,-13.21147535,2833.309
     -72.38553808,-13.21147008,2833.074
     -72.38553207,-13.21146263,2832.813
     -72.38553207,-13.21146263,2832.813
     -72.38553207,-13.21146263,2832.813
     -72.38553123,-13.21145973,2833.052
     -72.38553325,-13.21145357,2833.413
     -72.38554093,-13.21144430,2836.300
     -72.38554093,-13.21144430,2836.299
     -72.38554093,-13.21144430,2836.299
     -72.38552400,-13.21143712,2838.259
     -72.38551292,-13.21142345,2838.580
     -72.38550690,-13.21141425,2836.563
     -72.38550847,-13.21140467,2835.527
     -72.38550847,-13.21140467,2835.527
     -72.38551415,-13.21138273,2835.155
     -72.38551415,-13.21138273,2835.155
     -72.38551415,-13.21138273,2835.155
     -72.38552438,-13.21136652,2835.317
     -72.38554008,-13.21137112,2836.406
     -72.38554648,-13.21137445,2836.812
     -72.38554648,-13.21137445,2836.812
     -72.38555792,-13.21137242,2837.485
     -72.38557063,-13.21137153,2838.094
     -72.38558590,-13.21136857,2838.088
     -72.38559820,-13.21136323,2838.005
     -72.38561262,-13.21136130,2838.547
     -72.38562597,-13.21136283,2838.904
     -72.38562597,-13.21136283,2838.905
     -72.38562597,-13.21136283,2838.905
     -72.38563087,-13.21136218,2839.253
     -72.38563645,-13.21135648,2838.304
     -72.38563645,-13.21135648,2838.304
     -72.38563645,-13.21135648,2838.304
     -72.38563645,-13.21135648,2838.304
     -72.38563513,-13.21135185,2837.335
     -72.38562178,-13.21135072,2837.019
     -72.38560492,-13.21135032,2837.221
     -72.38558740,-13.21135193,2837.341
     -72.38557060,-13.21135512,2837.030
     -72.38555608,-13.21136153,2837.526
     -72.38554480,-13.21136398,2837.091
     -72.38553718,-13.21136953,2836.125
     -72.38552983,-13.21137200,2835.337
     -72.38552983,-13.21137200,2835.337
     -72.38552983,-13.21137200,2835.337
     -72.38552425,-13.21136235,2834.884
     -72.38552425,-13.21136235,2834.884
     -72.38552425,-13.21136235,2834.884
     -72.38552425,-13.21136235,2834.884
     -72.38552425,-13.21136235,2834.884
     -72.38552425,-13.21136235,2834.884
     -72.38552425,-13.21136235,2834.884
     -72.38553165,-13.21135177,2835.413
     -72.38553165,-13.21135177,2835.413
     -72.38553165,-13.21135177,2835.413
     -72.38553165,-13.21135177,2835.413
     -72.38553165,-13.21135177,2835.413
     -72.38553165,-13.21135177,2835.413
     -72.38553165,-13.21135177,2835.413
     -72.38553165,-13.21135177,2835.413
     -72.38553165,-13.21135177,2835.413
     -72.38553165,-13.21135177,2835.413
     -72.38553165,-13.21135177,2835.413
     -72.38553165,-13.21135177,2835.413
     -72.38553792,-13.21131885,2836.371
     -72.38553792,-13.21131885,2836.371
     -72.38553792,-13.21131885,2836.371
     -72.38553792,-13.21131885,2836.371
     -72.38553792,-13.21131885,2836.371
     -72.38553792,-13.21131885,2836.371
     -72.38553792,-13.21131885,2836.371
     -72.38553247,-13.21129787,2839.223
     -72.38553247,-13.21129787,2839.224
     -72.38553247,-13.21129787,2839.224
     -72.38553247,-13.21129787,2839.224
     -72.38552503,-13.21127990,2840.209
     -72.38551627,-13.21127005,2840.505
     -72.38551627,-13.21127005,2840.505
     -72.38550645,-13.21125315,2840.730
     -72.38550080,-13.21124243,2841.530
     -72.38548673,-13.21123635,2842.196
     -72.38548673,-13.21123635,2842.196
     -72.38547468,-13.21122780,2842.750
     -72.38546785,-13.21122013,2842.625
     -72.38546785,-13.21122013,2842.625
     -72.38546785,-13.21122013,2842.625
     -72.38545768,-13.21121260,2842.816
     -72.38545167,-13.21120848,2842.158
     -72.38545167,-13.21120848,2842.158
     -72.38545167,-13.21120848,2842.158
     -72.38545167,-13.21120848,2842.158
     -72.38545167,-13.21120848,2842.158
     -72.38545167,-13.21120848,2842.158
     -72.38545167,-13.21120848,2842.158
     -72.38545223,-13.21119190,2841.380
     -72.38545223,-13.21119190,2841.380
     -72.38545452,-13.21117058,2839.979
     -72.38545452,-13.21117058,2839.979
     -72.38545452,-13.21117058,2839.979
     -72.38545452,-13.21117058,2839.979
     -72.38545452,-13.21117058,2839.979
     -72.38545452,-13.21117058,2839.979
     -72.38544612,-13.21115842,2839.866
     -72.38543435,-13.21115133,2839.727
     -72.38543435,-13.21115133,2839.728
     -72.38543435,-13.21115133,2839.728
     -72.38543435,-13.21115133,2839.728
     -72.38543435,-13.21115133,2839.728
     -72.38543435,-13.21115133,2839.728
     -72.38543435,-13.21115133,2839.728
     -72.38543435,-13.21115133,2839.728
     -72.38543435,-13.21115133,2839.728
     -72.38543435,-13.21115133,2839.728
     -72.38543435,-13.21115133,2839.728
     -72.38543435,-13.21115133,2839.728
     -72.38543435,-13.21115133,2839.728
     -72.38543435,-13.21115133,2839.728
     -72.38543435,-13.21115133,2839.728
     -72.38543435,-13.21115133,2839.728
     -72.38543435,-13.21115133,2839.728
     -72.38544038,-13.21113077,2839.862
     -72.38544038,-13.21113077,2839.862
     -72.38544243,-13.21111372,2840.459
     -72.38544647,-13.21109970,2840.834
     -72.38544580,-13.21108235,2841.138
     -72.38544595,-13.21106797,2842.292
     -72.38545078,-13.21105203,2842.248
     -72.38545505,-13.21103842,2842.668
     -72.38545505,-13.21103842,2842.668
     -72.38545975,-13.21103235,2843.802
     -72.38545975,-13.21103235,2843.802
     -72.38545975,-13.21103235,2843.802
     -72.38546943,-13.21102873,2842.392
     -72.38548030,-13.21102600,2842.261
     -72.38549413,-13.21102228,2841.644
     -72.38550807,-13.21102135,2841.122
     -72.38552208,-13.21102377,2840.774
     -72.38553592,-13.21102733,2840.764
     -72.38555020,-13.21102922,2840.332
     -72.38555020,-13.21102922,2840.332
     -72.38555020,-13.21102922,2840.332
     -72.38555020,-13.21102922,2840.332
     -72.38555020,-13.21102922,2840.332
     -72.38555020,-13.21102922,2840.332
     -72.38555020,-13.21102922,2840.332
     -72.38555020,-13.21102922,2840.332
     -72.38555020,-13.21102922,2840.332
     -72.38555020,-13.21102922,2840.332
     -72.38555020,-13.21102922,2840.332
     -72.38555020,-13.21102922,2840.332
     -72.38555555,-13.21101448,2839.676
     -72.38556445,-13.21100503,2839.553
     -72.38557282,-13.21099583,2840.285
     -72.38557282,-13.21099583,2840.285
     -72.38557282,-13.21099583,2840.285
     -72.38557282,-13.21099583,2840.285
     -72.38557282,-13.21099583,2840.285
     -72.38557282,-13.21099583,2840.285
     -72.38557282,-13.21099583,2840.285
     -72.38558012,-13.21098542,2839.131
     -72.38558012,-13.21098542,2839.131
     -72.38558012,-13.21098542,2839.131
     -72.38558012,-13.21098542,2839.131
     -72.38558012,-13.21098542,2839.131
     -72.38558012,-13.21098542,2839.131
     -72.38558012,-13.21098542,2839.131
     -72.38558012,-13.21098542,2839.131
     -72.38558012,-13.21098542,2839.131
     -72.38558012,-13.21098542,2839.131
     -72.38558012,-13.21098542,2839.131
     -72.38558012,-13.21098542,2839.131
     -72.38558012,-13.21098542,2839.131
     -72.38558012,-13.21098542,2839.131
     -72.38558012,-13.21098542,2839.131
     -72.38558012,-13.21098542,2839.131
     -72.38558012,-13.21098542,2839.131
     -72.38558012,-13.21098542,2839.131
     -72.38558012,-13.21098542,2839.131
     -72.38558012,-13.21098542,2839.131
     -72.38558012,-13.21098542,2839.131
     -72.38558003,-13.21096958,2840.203
     -72.38558003,-13.21096958,2840.203
     -72.38558003,-13.21096958,2840.203
     -72.38558003,-13.21096958,2840.203
     -72.38558003,-13.21096958,2840.203
     -72.38558003,-13.21096958,2840.203
     -72.38558003,-13.21096958,2840.203
     -72.38558003,-13.21096958,2840.203
     -72.38558003,-13.21096958,2840.203
     -72.38558102,-13.21095697,2842.173
     -72.38558258,-13.21094228,2842.329
     -72.38558258,-13.21094228,2842.329
     -72.38558258,-13.21094228,2842.329
     -72.38558258,-13.21094228,2842.329
     -72.38558258,-13.21094228,2842.329
     -72.38558258,-13.21094228,2842.329
     -72.38558258,-13.21094228,2842.329
     -72.38558258,-13.21094228,2842.329
     -72.38558258,-13.21094228,2842.329
     -72.38558258,-13.21094228,2842.329
     -72.38558258,-13.21094228,2842.329
     -72.38558830,-13.21091213,2841.286
     -72.38558830,-13.21091213,2841.286
     -72.38558830,-13.21091213,2841.286
     -72.38558830,-13.21091213,2841.286
     -72.38559182,-13.21088635,2841.513
     -72.38559182,-13.21088635,2841.513
     -72.38559623,-13.21086508,2841.347
     -72.38559623,-13.21086508,2841.347
     -72.38559597,-13.21084807,2842.446
     -72.38559635,-13.21083157,2842.776
     -72.38559635,-13.21083157,2842.776
     -72.38560090,-13.21080812,2843.163
     -72.38561108,-13.21079642,2843.938
     -72.38561857,-13.21077348,2844.823
     -72.38561855,-13.21077348,2844.823
     -72.38561855,-13.21077348,2844.823
     -72.38562887,-13.21073997,2846.402
     -72.38562887,-13.21073998,2846.402
     -72.38563708,-13.21072483,2848.460
     -72.38563708,-13.21072483,2848.460
     -72.38563708,-13.21072483,2848.460
     -72.38565180,-13.21070345,2849.268
     -72.38565180,-13.21070345,2849.268
     -72.38565180,-13.21070345,2849.268
     -72.38565180,-13.21070345,2849.268
     -72.38565180,-13.21070345,2849.268
     -72.38565180,-13.21070345,2849.268
     -72.38565180,-13.21070345,2849.268
     -72.38565180,-13.21070345,2849.268
     -72.38565180,-13.21070345,2849.268
     -72.38565180,-13.21070345,2849.268
     -72.38565180,-13.21070345,2849.268
     -72.38565180,-13.21070345,2849.268
     -72.38565180,-13.21070345,2849.268
     -72.38565180,-13.21070345,2849.268
     -72.38565180,-13.21070345,2849.268
     -72.38565180,-13.21070345,2849.268
     -72.38565180,-13.21070345,2849.268
     -72.38565180,-13.21070345,2849.268
     -72.38565180,-13.21070345,2849.268
     -72.38565180,-13.21070345,2849.268
     -72.38565593,-13.21069245,2850.625
     -72.38565565,-13.21067997,2851.506
     -72.38565565,-13.21067997,2851.506
     -72.38565565,-13.21067997,2851.506
     -72.38565565,-13.21067997,2851.506
     -72.38565565,-13.21067997,2851.506
     -72.38565565,-13.21067997,2851.506
     -72.38565565,-13.21067997,2851.506
     -72.38565565,-13.21067997,2851.506
     -72.38565565,-13.21067997,2851.506
     -72.38565565,-13.21067997,2851.506
     -72.38565565,-13.21067997,2851.506
     -72.38565565,-13.21067997,2851.506
     -72.38565565,-13.21067997,2851.506
     -72.38565565,-13.21067997,2851.506
     -72.38565565,-13.21067997,2851.506
     -72.38565565,-13.21067997,2851.506
     -72.38566502,-13.21065367,2850.691
     -72.38566553,-13.21063072,2848.024
     -72.38566863,-13.21059823,2844.956
     -72.38568193,-13.21058140,2846.563
     -72.38568193,-13.21058140,2846.563
     -72.38568193,-13.21058140,2846.563
     -72.38570800,-13.21055343,2850.475
     -72.38570800,-13.21055343,2850.475
     -72.38570800,-13.21055343,2850.475
     -72.38570800,-13.21055343,2850.475
     -72.38570800,-13.21055343,2850.475
     -72.38570800,-13.21055343,2850.475
     -72.38570800,-13.21055343,2850.475
     -72.38570800,-13.21055343,2850.475
     -72.38570800,-13.21055343,2850.475
     -72.38570800,-13.21055343,2850.475
     -72.38570800,-13.21055343,2850.475
     -72.38570800,-13.21055343,2850.475
     -72.38570800,-13.21055343,2850.475
     -72.38570800,-13.21055343,2850.475
     -72.38570800,-13.21055343,2850.475
     -72.38570800,-13.21055343,2850.475
     -72.38571913,-13.21053550,2851.236
     -72.38571913,-13.21053550,2851.236
     -72.38572132,-13.21052087,2850.186
     -72.38571905,-13.21050348,2846.189
     -72.38571477,-13.21047380,2845.193
     -72.38573958,-13.21045195,2843.611
     -72.38577048,-13.21044035,2841.067
     -72.38578495,-13.21043692,2843.175
     -72.38579237,-13.21043390,2848.073
     -72.38578595,-13.21042835,2853.643
     -72.38578595,-13.21042837,2853.643
     -72.38578595,-13.21042837,2853.643
     -72.38578595,-13.21042837,2853.643
     -72.38578595,-13.21042837,2853.643
     -72.38578595,-13.21042837,2853.643
     -72.38578595,-13.21042837,2853.643
     -72.38578595,-13.21042837,2853.643
     -72.38578595,-13.21042837,2853.643
     -72.38578595,-13.21042837,2853.643
     -72.38578595,-13.21042837,2853.643
     -72.38578595,-13.21042837,2853.643
     -72.38578595,-13.21042837,2853.643
     -72.38578595,-13.21042837,2853.643
     -72.38578595,-13.21042837,2853.643
     -72.38578595,-13.21042837,2853.643
     -72.38578595,-13.21042837,2853.643
     -72.38578595,-13.21042837,2853.643
     -72.38578595,-13.21042837,2853.643
     -72.38578595,-13.21042837,2853.643
     -72.38578595,-13.21042837,2853.643
     -72.38578595,-13.21042837,2853.643
     -72.38578595,-13.21042837,2853.643
     -72.38578595,-13.21042837,2853.643
     -72.38578595,-13.21042837,2853.643
     -72.38578595,-13.21042837,2853.643
     -72.38578595,-13.21042837,2853.643
     -72.38578595,-13.21042837,2853.643
     -72.38578595,-13.21042837,2853.643
     -72.38578595,-13.21042837,2853.643
     -72.38578595,-13.21042837,2853.643
     -72.38578595,-13.21042837,2853.643
     -72.38578595,-13.21042837,2853.643
     -72.38578595,-13.21042837,2853.643
     -72.38578595,-13.21042837,2853.643
     -72.38578595,-13.21042837,2853.643
     -72.38578595,-13.21042837,2853.643
     -72.38578595,-13.21042837,2853.643
     -72.38578595,-13.21042837,2853.643
     -72.38578595,-13.21042837,2853.643
     -72.38578595,-13.21042837,2853.643
     -72.38578477,-13.21041235,2852.933
     -72.38578583,-13.21040243,2853.634
     -72.38578583,-13.21040243,2853.634
     -72.38580237,-13.21039498,2854.121
     -72.38580880,-13.21037767,2855.824
     -72.38580880,-13.21037767,2855.824
     -72.38580880,-13.21037767,2855.824
     -72.38580880,-13.21037767,2855.824
     -72.38580962,-13.21037142,2855.348
     -72.38580962,-13.21037142,2855.348
     -72.38580962,-13.21037142,2855.348
     -72.38580962,-13.21037142,2855.348
     -72.38580962,-13.21037142,2855.348
     -72.38580962,-13.21037142,2855.348
     -72.38580962,-13.21037142,2855.348
     -72.38580962,-13.21037142,2855.348
     -72.38581800,-13.21035492,2857.430
     -72.38581800,-13.21035492,2857.429
     -72.38581845,-13.21034417,2859.738
     -72.38581075,-13.21032813,2860.762
     -72.38580072,-13.21030850,2860.469
     -72.38579012,-13.21028560,2859.132
     -72.38578125,-13.21026263,2859.356
     -72.38577897,-13.21024837,2859.657
     -72.38577673,-13.21024415,2860.091
     -72.38577630,-13.21023722,2859.429
     -72.38578442,-13.21023430,2857.739
     -72.38579005,-13.21023017,2855.321
     -72.38578862,-13.21023360,2855.032
     -72.38578292,-13.21023768,2855.135
     -72.38577457,-13.21024100,2855.427
     -72.38576423,-13.21024072,2857.095
     -72.38575220,-13.21024098,2859.243
     -72.38573908,-13.21023828,2861.286
     -72.38572807,-13.21023232,2862.216
     -72.38572395,-13.21022062,2861.541
     -72.38572677,-13.21021007,2860.086
     -72.38572675,-13.21021007,2860.086
     -72.38572675,-13.21021007,2860.086
     -72.38572505,-13.21020670,2859.966
     -72.38572505,-13.21020670,2859.966
     -72.38572375,-13.21020897,2860.054
     -72.38571760,-13.21020560,2860.483
     -72.38570547,-13.21020088,2860.706
     -72.38569840,-13.21019342,2859.788
     -72.38569497,-13.21018518,2859.452
     -72.38569087,-13.21017870,2859.358
     -72.38568423,-13.21017213,2858.937
     -72.38567930,-13.21016620,2859.360
     -72.38567312,-13.21016085,2859.229
     -72.38566057,-13.21015522,2859.065
     -72.38565240,-13.21014713,2859.996
     -72.38564622,-13.21014372,2860.502
     -72.38563742,-13.21013873,2859.798
     -72.38563535,-13.21013260,2860.896
     -72.38563913,-13.21012330,2861.531
     -72.38563983,-13.21011148,2861.767
     -72.38564233,-13.21010052,2861.622
     -72.38564265,-13.21008850,2861.783
     -72.38564202,-13.21007792,2862.086
     -72.38564328,-13.21006907,2862.371
     -72.38564408,-13.21005735,2862.133
     -72.38564555,-13.21004698,2862.340
     -72.38564895,-13.21004387,2862.972
     -72.38565432,-13.21004243,2863.774
     -72.38565748,-13.21004302,2864.640
     -72.38566168,-13.21003793,2865.064
     -72.38566500,-13.21003375,2865.316
     -72.38566673,-13.21002933,2865.709
     -72.38567352,-13.21002678,2866.890
     -72.38567352,-13.21002678,2866.890
     -72.38567887,-13.21001960,2866.427
     -72.38568118,-13.21001513,2865.124
     -72.38568062,-13.21001185,2866.769
     -72.38569255,-13.21001345,2867.168
     -72.38570263,-13.21001222,2866.412
     -72.38570913,-13.21001130,2866.078
     -72.38571872,-13.21001253,2864.559
     -72.38572183,-13.21001348,2863.952
     -72.38572127,-13.21000960,2863.270
     -72.38572443,-13.21000585,2863.753
     -72.38572443,-13.21000585,2863.753
     -72.38572443,-13.21000585,2863.753
     -72.38572025,-13.20999995,2863.805
     -72.38571600,-13.20998930,2863.648
     -72.38571008,-13.20998217,2863.540
     -72.38570253,-13.20997640,2863.341
     -72.38569793,-13.20997315,2863.198
     -72.38569053,-13.20996907,2862.154
     -72.38568365,-13.20996693,2862.065
     -72.38567878,-13.20996830,2860.775
     -72.38567020,-13.20997185,2860.452
     -72.38567020,-13.20997185,2860.451
     -72.38567020,-13.20997185,2860.451
     -72.38567020,-13.20997185,2860.451
     -72.38567020,-13.20997185,2860.451
     -72.38567020,-13.20997185,2860.451
     -72.38566618,-13.20996207,2860.884
     -72.38566618,-13.20996207,2860.884
     -72.38566618,-13.20996207,2860.884
     -72.38565795,-13.20994580,2861.815
     -72.38564785,-13.20993465,2862.939
     -72.38564015,-13.20992230,2862.922
     -72.38563703,-13.20991253,2862.957
     -72.38563543,-13.20990222,2863.079
     -72.38563260,-13.20989372,2863.236
     -72.38563660,-13.20988013,2862.330
     -72.38563660,-13.20988013,2862.330
     -72.38565132,-13.20986313,2865.314
     -72.38565132,-13.20986313,2865.314
     -72.38566308,-13.20984512,2867.472
     -72.38566613,-13.20983323,2868.887
     -72.38566613,-13.20983323,2868.887
     -72.38566427,-13.20982288,2872.012
     -72.38566852,-13.20981637,2872.429
     -72.38566852,-13.20981637,2872.430
     -72.38566852,-13.20981637,2872.430
     -72.38567768,-13.20981587,2872.781
     -72.38567768,-13.20981587,2872.781
     -72.38567768,-13.20981587,2872.781
     -72.38567768,-13.20981587,2872.781
     -72.38567768,-13.20981587,2872.781
     -72.38567768,-13.20981587,2872.781
     -72.38567768,-13.20981587,2872.781
     -72.38567768,-13.20981587,2872.781
     -72.38567768,-13.20981587,2872.781
     -72.38567768,-13.20981587,2872.781
     -72.38567768,-13.20981587,2872.781
     -72.38567768,-13.20981587,2872.781
     -72.38567768,-13.20981587,2872.781
     -72.38567768,-13.20981587,2872.781
     -72.38567768,-13.20981587,2872.781
     -72.38567223,-13.20980195,2874.485
     -72.38566738,-13.20979385,2875.140
     -72.38566207,-13.20978395,2876.394
     -72.38565505,-13.20977618,2877.712
     -72.38565505,-13.20977618,2877.712
     -72.38565460,-13.20975712,2879.648
     -72.38565460,-13.20975712,2879.648
     -72.38565460,-13.20975712,2879.648
     -72.38565460,-13.20975712,2879.648
     -72.38565472,-13.20974812,2879.801
     -72.38565472,-13.20974812,2879.801
     -72.38565472,-13.20974812,2879.801
     -72.38565472,-13.20974812,2879.801
     -72.38565472,-13.20974812,2879.801
     -72.38565472,-13.20974812,2879.801
     -72.38566442,-13.20973495,2880.160
     -72.38565968,-13.20971760,2879.548
     -72.38565968,-13.20971760,2879.548
     -72.38565968,-13.20971760,2879.548
     -72.38565968,-13.20971760,2879.548
     -72.38565968,-13.20971760,2879.548
     -72.38565968,-13.20971760,2879.548
     -72.38565968,-13.20971760,2879.548
     -72.38565968,-13.20971760,2879.548
     -72.38565968,-13.20971760,2879.548
     -72.38565968,-13.20971760,2879.548
     -72.38565968,-13.20971760,2879.548
     -72.38565968,-13.20971760,2879.548
     -72.38565968,-13.20971760,2879.548
     -72.38565968,-13.20971760,2879.548
     -72.38565968,-13.20971760,2879.548
     -72.38565968,-13.20971760,2879.548
     -72.38565968,-13.20971760,2879.548
     -72.38567697,-13.20969505,2879.628
     -72.38567697,-13.20969505,2879.627
     -72.38567697,-13.20969505,2879.627
     -72.38570723,-13.20966003,2874.872
     -72.38573548,-13.20961767,2870.798
     -72.38574782,-13.20959017,2867.703
     -72.38575945,-13.20957233,2865.830
     -72.38576228,-13.20955950,2864.170
     -72.38576890,-13.20955477,2864.225
     -72.38577620,-13.20954713,2863.671
     -72.38577645,-13.20953567,2862.477
     -72.38577760,-13.20952718,2862.066
     -72.38577952,-13.20952738,2863.324
     -72.38577892,-13.20952597,2864.428
     -72.38577778,-13.20952530,2864.900
     -72.38576988,-13.20952252,2864.895
     -72.38576318,-13.20951282,2864.235
     -72.38575292,-13.20951125,2864.344
     -72.38575312,-13.20951238,2865.345
     -72.38575948,-13.20951403,2865.606
     -72.38575948,-13.20951403,2865.607
     -72.38577037,-13.20951645,2868.339
     -72.38577037,-13.20951645,2868.340
     -72.38577832,-13.20951388,2867.945
     -72.38579260,-13.20951272,2865.412
     -72.38579262,-13.20951272,2865.411
     -72.38579045,-13.20950923,2864.626
     -72.38577247,-13.20949800,2866.919
     -72.38576080,-13.20949467,2869.336
     -72.38575125,-13.20949443,2869.990
     -72.38575125,-13.20949443,2869.989
     -72.38575125,-13.20949443,2869.989
     -72.38575125,-13.20949443,2869.989
     -72.38575125,-13.20949443,2869.989
     -72.38575125,-13.20949443,2869.989
     -72.38575125,-13.20949443,2869.989
     -72.38575125,-13.20949443,2869.989
     -72.38575125,-13.20949443,2869.989
     -72.38575125,-13.20949443,2869.989
     -72.38575125,-13.20949443,2869.989
     -72.38575125,-13.20949443,2869.989
     -72.38574977,-13.20948373,2869.176
     -72.38574977,-13.20948373,2869.176
     -72.38574977,-13.20948373,2869.176
     -72.38576225,-13.20946983,2870.983
     -72.38577325,-13.20946257,2872.716
     -72.38577325,-13.20946257,2872.717
     -72.38578462,-13.20945038,2873.247
     -72.38578462,-13.20945038,2873.248
     -72.38578462,-13.20945038,2873.248
     -72.38578462,-13.20945038,2873.248
     -72.38578462,-13.20945038,2873.248
     -72.38578462,-13.20945038,2873.248
     -72.38580905,-13.20943798,2871.755
     -72.38580905,-13.20943798,2871.755
     -72.38580905,-13.20943798,2871.755
     -72.38580905,-13.20943798,2871.755
     -72.38580905,-13.20943798,2871.755
     -72.38580905,-13.20943798,2871.755
     -72.38580905,-13.20943798,2871.755
     -72.38580905,-13.20943798,2871.755
     -72.38580905,-13.20943798,2871.755
     -72.38580905,-13.20943798,2871.755
     -72.38580905,-13.20943798,2871.755
     -72.38580905,-13.20943798,2871.755
     -72.38580905,-13.20943798,2871.755
     -72.38580905,-13.20943798,2871.755
     -72.38580905,-13.20943798,2871.755
     -72.38580905,-13.20943798,2871.755
     -72.38580905,-13.20943798,2871.755
     -72.38580905,-13.20943798,2871.755
     -72.38580905,-13.20943798,2871.755
     -72.38580905,-13.20943798,2871.755
     -72.38580905,-13.20943798,2871.755
     -72.38580905,-13.20943798,2871.755
     -72.38580905,-13.20943798,2871.755
     -72.38580905,-13.20943798,2871.755
     -72.38580905,-13.20943798,2871.755
     -72.38580905,-13.20943798,2871.755
     -72.38580905,-13.20943798,2871.755
     -72.38580905,-13.20943798,2871.755
     -72.38580905,-13.20943798,2871.755
     -72.38580905,-13.20943798,2871.755
     -72.38582650,-13.20942030,2873.575
     -72.38584630,-13.20939383,2871.005
     -72.38584630,-13.20939383,2871.005
     -72.38584630,-13.20939383,2871.005
     -72.38584630,-13.20939383,2871.005
     -72.38589050,-13.20936335,2868.756
     -72.38592523,-13.20933833,2866.745
     -72.38593955,-13.20932540,2869.154
     -72.38593955,-13.20932540,2869.154
     -72.38593955,-13.20932540,2869.154
     -72.38594628,-13.20931808,2869.115
     -72.38594628,-13.20931808,2869.115
     -72.38594628,-13.20931808,2869.115
     -72.38594628,-13.20931808,2869.115
     -72.38594628,-13.20931808,2869.115
     -72.38594628,-13.20931808,2869.115
     -72.38594628,-13.20931808,2869.115
     -72.38594628,-13.20931808,2869.115
     -72.38594628,-13.20931808,2869.115
     -72.38594628,-13.20931808,2869.115
     -72.38594628,-13.20931808,2869.115
     -72.38594628,-13.20931808,2869.115
     -72.38594628,-13.20931808,2869.115
     -72.38594628,-13.20931808,2869.115
     -72.38594628,-13.20931808,2869.115
     -72.38594628,-13.20931808,2869.115
     -72.38594628,-13.20931808,2869.115
     -72.38594628,-13.20931808,2869.115
     -72.38594628,-13.20931808,2869.115
     -72.38594628,-13.20931808,2869.115
     -72.38594628,-13.20931808,2869.115
     -72.38594628,-13.20931808,2869.115
     -72.38594628,-13.20931808,2869.115
     -72.38594628,-13.20931808,2869.115
     -72.38594628,-13.20931808,2869.115
     -72.38593913,-13.20929122,2869.326
     -72.38593913,-13.20929122,2869.326
     -72.38593913,-13.20929122,2869.326
     -72.38593913,-13.20929122,2869.326
     -72.38593913,-13.20929122,2869.326
     -72.38593913,-13.20929122,2869.326
     -72.38593913,-13.20929122,2869.326
     -72.38593913,-13.20929122,2869.326
     -72.38594583,-13.20927343,2869.769
     -72.38594110,-13.20925368,2870.648
     -72.38593785,-13.20923040,2872.026
     -72.38594053,-13.20920957,2872.375
     -72.38594053,-13.20920957,2872.375
     -72.38594053,-13.20920957,2872.375
     -72.38594053,-13.20920957,2872.375
     -72.38594118,-13.20918872,2873.840
     -72.38594120,-13.20918872,2873.840
     -72.38594120,-13.20918872,2873.840
     -72.38594120,-13.20918872,2873.840
     -72.38594120,-13.20918872,2873.840
     -72.38594120,-13.20918872,2873.840
     -72.38594120,-13.20918872,2873.840
     -72.38594120,-13.20918872,2873.840
     -72.38594120,-13.20918872,2873.840
     -72.38594120,-13.20918872,2873.840
     -72.38594120,-13.20918872,2873.840
     -72.38594120,-13.20918872,2873.840
     -72.38594120,-13.20918872,2873.840
     -72.38594120,-13.20918872,2873.840
     -72.38594120,-13.20918872,2873.840
     -72.38594120,-13.20918872,2873.840
     -72.38594120,-13.20918872,2873.840
     -72.38594120,-13.20918872,2873.840
     -72.38594120,-13.20918872,2873.840
     -72.38594120,-13.20918872,2873.840
     -72.38594120,-13.20918872,2873.840
     -72.38594120,-13.20918872,2873.840
     -72.38594120,-13.20918872,2873.840
     -72.38594120,-13.20918872,2873.840
     -72.38594120,-13.20918872,2873.840
     -72.38594120,-13.20918872,2873.840
     -72.38594120,-13.20918872,2873.840
     -72.38594120,-13.20918872,2873.840
     -72.38594120,-13.20918872,2873.840
     -72.38595323,-13.20917580,2874.936
     -72.38595323,-13.20917580,2874.936
     -72.38595323,-13.20917580,2874.936
     -72.38595323,-13.20917580,2874.936
     -72.38595323,-13.20917580,2874.936
     -72.38595323,-13.20917580,2874.936
     -72.38595323,-13.20917580,2874.936
     -72.38595323,-13.20917580,2874.936
     -72.38595323,-13.20917580,2874.936
     -72.38595323,-13.20917580,2874.936
     -72.38595323,-13.20917580,2874.936
     -72.38595323,-13.20917580,2874.936
     -72.38595323,-13.20917580,2874.936
     -72.38595323,-13.20917580,2874.936
     -72.38595323,-13.20917580,2874.936
     -72.38595772,-13.20915695,2876.084
     -72.38596728,-13.20913643,2873.826
     -72.38596728,-13.20913643,2873.826
     -72.38596728,-13.20913643,2873.826
     -72.38596728,-13.20913643,2873.826
     -72.38596728,-13.20913643,2873.826
     -72.38596728,-13.20913643,2873.826
     -72.38596728,-13.20913643,2873.826
     -72.38596728,-13.20913643,2873.826
     -72.38596728,-13.20913643,2873.826
     -72.38596728,-13.20913643,2873.826
     -72.38596728,-13.20913643,2873.826
     -72.38596728,-13.20913643,2873.826
     -72.38596728,-13.20913643,2873.826
     -72.38596728,-13.20913643,2873.826
     -72.38596728,-13.20913643,2873.826
     -72.38596728,-13.20913643,2873.826
     -72.38596728,-13.20913643,2873.826
     -72.38598245,-13.20911842,2872.826
     -72.38598245,-13.20911842,2872.826
     -72.38598245,-13.20911842,2872.826
     -72.38598245,-13.20911842,2872.826
     -72.38598245,-13.20911842,2872.826
     -72.38598245,-13.20911842,2872.826
     -72.38598245,-13.20911842,2872.826
     -72.38599080,-13.20909912,2872.887
     -72.38599903,-13.20908485,2873.575
     -72.38599903,-13.20908485,2873.575
     -72.38599903,-13.20908485,2873.575
     -72.38601698,-13.20907210,2873.375
     -72.38601698,-13.20907210,2873.375
     -72.38601698,-13.20907210,2873.375
     -72.38601698,-13.20907210,2873.375
     -72.38601698,-13.20907210,2873.375
     -72.38601698,-13.20907210,2873.375
     -72.38603705,-13.20907080,2874.452
     -72.38605362,-13.20906747,2875.157
     -72.38605362,-13.20906747,2875.157
     -72.38607488,-13.20905323,2876.132
     -72.38609283,-13.20904178,2876.886
     -72.38611050,-13.20903442,2877.949
     -72.38611050,-13.20903442,2877.950
     -72.38611050,-13.20903442,2877.950
     -72.38611050,-13.20903442,2877.950
     -72.38611050,-13.20903442,2877.950
     -72.38611050,-13.20903442,2877.950
     -72.38611050,-13.20903442,2877.950
     -72.38611050,-13.20903442,2877.950
     -72.38611050,-13.20903442,2877.950
     -72.38613368,-13.20902177,2877.252
     -72.38613368,-13.20902177,2877.252
     -72.38613368,-13.20902177,2877.252
     -72.38613368,-13.20902177,2877.252
     -72.38613368,-13.20902177,2877.252
     -72.38615677,-13.20900760,2877.260
     -72.38617623,-13.20899762,2876.934
     -72.38619628,-13.20898892,2877.228
     -72.38620698,-13.20897635,2876.506
     -72.38620698,-13.20897633,2876.506
     -72.38620698,-13.20897633,2876.506
     -72.38623188,-13.20896390,2876.626
     -72.38624543,-13.20895755,2877.312
     -72.38624543,-13.20895755,2877.312
     -72.38624543,-13.20895755,2877.312
     -72.38624543,-13.20895755,2877.312
     -72.38624993,-13.20894863,2879.448
     -72.38626017,-13.20894865,2879.821
     -72.38626017,-13.20894865,2879.821
     -72.38626017,-13.20894865,2879.821
     -72.38626017,-13.20894865,2879.821
     -72.38626017,-13.20894865,2879.821
     -72.38626017,-13.20894865,2879.821
     -72.38626017,-13.20894865,2879.821
     -72.38626017,-13.20894865,2879.821
     -72.38626017,-13.20894865,2879.821
     -72.38626017,-13.20894865,2879.821
     -72.38626017,-13.20894865,2879.821
     -72.38626017,-13.20894865,2879.821
     -72.38627507,-13.20892368,2884.520
     -72.38627507,-13.20892368,2884.520
     -72.38627507,-13.20892368,2884.520
     -72.38627507,-13.20892368,2884.520
     -72.38627507,-13.20892368,2884.520
     -72.38627507,-13.20892368,2884.520
     -72.38627507,-13.20892368,2884.520
     -72.38627378,-13.20892388,2885.440
     -72.38627515,-13.20892330,2888.028
     -72.38627515,-13.20892330,2888.028
     -72.38627515,-13.20892330,2888.028
     -72.38627515,-13.20892330,2888.028
     -72.38627515,-13.20892330,2888.028
     -72.38627515,-13.20892330,2888.028
     -72.38627515,-13.20892330,2888.028
     -72.38627515,-13.20892330,2888.028
     -72.38627515,-13.20892330,2888.028
     -72.38627515,-13.20892330,2888.028
     -72.38627515,-13.20892330,2888.028
     -72.38627515,-13.20892330,2888.028
     -72.38627515,-13.20892330,2888.028
     -72.38627515,-13.20892330,2888.028
     -72.38627515,-13.20892330,2888.028
     -72.38627515,-13.20892330,2888.028
     -72.38627515,-13.20892330,2888.028
     -72.38627515,-13.20892330,2888.028
     -72.38627515,-13.20892330,2888.028
     -72.38627515,-13.20892330,2888.028
     -72.38628632,-13.20891560,2888.890
     -72.38628632,-13.20891560,2888.890
     -72.38628632,-13.20891560,2888.890
     -72.38628632,-13.20891560,2888.890
     -72.38628632,-13.20891560,2888.890
     -72.38628632,-13.20891560,2888.890
     -72.38628632,-13.20891560,2888.890
     -72.38628632,-13.20891560,2888.890
     -72.38628632,-13.20891560,2888.890
     -72.38628632,-13.20891560,2888.890
     -72.38628632,-13.20891560,2888.890
     -72.38628632,-13.20891560,2888.890
     -72.38628632,-13.20891560,2888.890
     -72.38628632,-13.20891560,2888.890
     -72.38628632,-13.20891560,2888.890
     -72.38628632,-13.20891560,2888.890
     -72.38628632,-13.20891560,2888.890
     -72.38628777,-13.20890942,2889.699
     -72.38628777,-13.20890942,2889.699
     -72.38628777,-13.20890942,2889.699
     -72.38628777,-13.20890942,2889.699
     -72.38628777,-13.20890942,2889.699
     -72.38628777,-13.20890942,2889.699
     -72.38628777,-13.20890942,2889.699
     -72.38628777,-13.20890942,2889.699
     -72.38628777,-13.20890942,2889.699
     -72.38628777,-13.20890942,2889.699
     -72.38628777,-13.20890942,2889.699
     -72.38628777,-13.20890942,2889.699
     -72.38628777,-13.20890942,2889.699
     -72.38629088,-13.20889482,2891.117
     -72.38629088,-13.20889482,2891.117
     -72.38629088,-13.20889482,2891.117
     -72.38629088,-13.20889482,2891.117
     -72.38629088,-13.20889482,2891.117
     -72.38629088,-13.20889482,2891.117
     -72.38630173,-13.20887740,2890.346
     -72.38630173,-13.20887740,2890.346
     -72.38630173,-13.20887740,2890.346
     -72.38631668,-13.20885965,2890.819
     -72.38631668,-13.20885965,2890.819
     -72.38632637,-13.20884235,2890.316
     -72.38633610,-13.20882713,2890.542
     -72.38634527,-13.20881148,2891.321
     -72.38634527,-13.20881148,2891.321
     -72.38634527,-13.20881148,2891.321
     -72.38634527,-13.20881148,2891.321
     -72.38634527,-13.20881148,2891.321
     -72.38637788,-13.20880097,2892.850
     -72.38639958,-13.20878927,2893.261
     -72.38639958,-13.20878927,2893.261
     -72.38642033,-13.20878018,2893.241
     -72.38643897,-13.20876888,2893.480
     -72.38643897,-13.20876888,2893.480
     -72.38643897,-13.20876888,2893.480
     -72.38643897,-13.20876888,2893.480
     -72.38643897,-13.20876888,2893.480
     -72.38643897,-13.20876888,2893.480
     -72.38643897,-13.20876888,2893.480
     -72.38643897,-13.20876888,2893.480
     -72.38645863,-13.20876167,2894.674
     -72.38645863,-13.20876167,2894.674
     -72.38645863,-13.20876167,2894.674
     -72.38645863,-13.20876167,2894.674
     -72.38645863,-13.20876167,2894.674
     -72.38645863,-13.20876167,2894.674
     -72.38645863,-13.20876167,2894.674
     -72.38645863,-13.20876167,2894.674
     -72.38645863,-13.20876167,2894.674
     -72.38645863,-13.20876167,2894.674
     -72.38645863,-13.20876167,2894.674
     -72.38645863,-13.20876167,2894.674
     -72.38645863,-13.20876167,2894.674
     -72.38645863,-13.20876167,2894.674
     -72.38645863,-13.20876167,2894.674
     -72.38645863,-13.20876167,2894.674
     -72.38645863,-13.20876167,2894.674
     -72.38645863,-13.20876167,2894.674
     -72.38645863,-13.20876167,2894.674
     -72.38646872,-13.20874938,2894.941
     -72.38647588,-13.20874342,2895.464
     -72.38647588,-13.20874342,2895.463
     -72.38647588,-13.20874342,2895.463
     -72.38647588,-13.20874342,2895.463
     -72.38647588,-13.20874342,2895.463
     -72.38647588,-13.20874342,2895.463
     -72.38647588,-13.20874342,2895.463
     -72.38647588,-13.20874342,2895.463
     -72.38647588,-13.20874342,2895.463
     -72.38647588,-13.20874342,2895.463
     -72.38647588,-13.20874342,2895.463
     -72.38647588,-13.20874342,2895.463
     -72.38647588,-13.20874342,2895.463
     -72.38647588,-13.20874342,2895.463
     -72.38647588,-13.20874342,2895.463
     -72.38647588,-13.20874342,2895.463
     -72.38647588,-13.20874342,2895.463
     -72.38647588,-13.20874342,2895.463
     -72.38647588,-13.20874342,2895.463
     -72.38647588,-13.20874342,2895.463
     -72.38647588,-13.20874342,2895.463
     -72.38647588,-13.20874342,2895.463
     -72.38647588,-13.20874342,2895.463
     -72.38647588,-13.20874342,2895.463
     -72.38647588,-13.20874342,2895.463
     -72.38647588,-13.20874342,2895.463
     -72.38647588,-13.20874342,2895.463
     -72.38647588,-13.20874342,2895.463
     -72.38647588,-13.20874342,2895.463
     -72.38647588,-13.20874342,2895.463
     -72.38647588,-13.20874342,2895.463
     -72.38647588,-13.20874342,2895.463
     -72.38647588,-13.20874342,2895.463
     -72.38647588,-13.20874342,2895.463
     -72.38647588,-13.20874342,2895.463
     -72.38647588,-13.20874342,2895.463
     -72.38647588,-13.20874342,2895.463
     -72.38647588,-13.20874342,2895.463
     -72.38648118,-13.20875375,2896.758
     -72.38648605,-13.20875950,2896.358
     -72.38648605,-13.20875950,2896.358
     -72.38648605,-13.20875950,2896.358
     -72.38648605,-13.20875950,2896.358
     -72.38648605,-13.20875950,2896.358
     -72.38648605,-13.20875950,2896.358
     -72.38648605,-13.20875950,2896.358
     -72.38648605,-13.20875950,2896.358
     -72.38648605,-13.20875950,2896.358
     -72.38648605,-13.20875950,2896.358
     -72.38648605,-13.20875950,2896.358
     -72.38648605,-13.20875950,2896.358
     -72.38648605,-13.20875950,2896.358
     -72.38648605,-13.20875950,2896.358
     -72.38648605,-13.20875950,2896.358
     -72.38648605,-13.20875950,2896.358
     -72.38648605,-13.20875950,2896.358
     -72.38648605,-13.20875950,2896.358
     -72.38648605,-13.20875950,2896.358
     -72.38648605,-13.20875950,2896.358
     -72.38648605,-13.20875950,2896.358
     -72.38648605,-13.20875950,2896.358
     -72.38648605,-13.20875950,2896.358
     -72.38648605,-13.20875950,2896.358
     -72.38648605,-13.20875950,2896.358
     -72.38648605,-13.20875950,2896.358
     -72.38648605,-13.20875950,2896.358
     -72.38648605,-13.20875950,2896.358
     -72.38648605,-13.20875950,2896.358
     -72.38648605,-13.20875950,2896.358
     -72.38648605,-13.20875950,2896.358
     -72.38648605,-13.20875950,2896.358
     -72.38648605,-13.20875950,2896.358
     -72.38648605,-13.20875950,2896.358
     -72.38648605,-13.20875950,2896.358
     -72.38648605,-13.20875950,2896.358
     -72.38648605,-13.20875950,2896.358
     -72.38648605,-13.20875950,2896.358
     -72.38648605,-13.20875950,2896.358
     -72.38647838,-13.20875987,2897.466
     -72.38647663,-13.20875077,2898.619
     -72.38647663,-13.20875077,2898.618
     -72.38647663,-13.20875077,2898.618
     -72.38647663,-13.20875077,2898.618
     -72.38647663,-13.20875077,2898.618
     -72.38647663,-13.20875077,2898.618
     -72.38647663,-13.20875077,2898.618
     -72.38647663,-13.20875077,2898.618
     -72.38647663,-13.20875077,2898.618
     -72.38647663,-13.20875077,2898.618
     -72.38647663,-13.20875077,2898.618
     -72.38647663,-13.20875077,2898.618
     -72.38647663,-13.20875077,2898.618
     -72.38647663,-13.20875077,2898.618
     -72.38647663,-13.20875077,2898.618
     -72.38647663,-13.20875077,2898.618
     -72.38647663,-13.20875077,2898.618
     -72.38647663,-13.20875077,2898.618
     -72.38647663,-13.20875077,2898.618
     -72.38647663,-13.20875077,2898.618
     -72.38647663,-13.20875077,2898.618
     -72.38647663,-13.20875077,2898.618
     -72.38647663,-13.20875077,2898.618
     -72.38647663,-13.20875077,2898.618
     -72.38647663,-13.20875077,2898.618
     -72.38647663,-13.20875077,2898.618
     -72.38647663,-13.20875077,2898.618
     -72.38647663,-13.20875077,2898.618
     -72.38647663,-13.20875077,2898.618
     -72.38647663,-13.20875077,2898.618
     -72.38647663,-13.20875077,2898.618
     -72.38647663,-13.20875077,2898.618
     -72.38647663,-13.20875077,2898.618
     -72.38647663,-13.20875077,2898.618
     -72.38647663,-13.20875077,2898.618
     -72.38647663,-13.20875077,2898.618
     -72.38647663,-13.20875077,2898.618
     -72.38647663,-13.20875077,2898.618
     -72.38647663,-13.20875077,2898.618
     -72.38647985,-13.20873945,2900.065
     -72.38648318,-13.20873915,2902.094
     -72.38648318,-13.20873915,2902.094
     -72.38648318,-13.20873915,2902.094
     -72.38648318,-13.20873915,2902.094
     -72.38648318,-13.20873915,2902.094
     -72.38648318,-13.20873915,2902.094
     -72.38648318,-13.20873915,2902.094
     -72.38648318,-13.20873915,2902.094
     -72.38648318,-13.20873915,2902.094
     -72.38648318,-13.20873915,2902.094
     -72.38648318,-13.20873915,2902.094
     -72.38648318,-13.20873915,2902.094
     -72.38648318,-13.20873915,2902.094
     -72.38648318,-13.20873915,2902.094
     -72.38648318,-13.20873915,2902.094
     -72.38648318,-13.20873915,2902.094
     -72.38648318,-13.20873915,2902.094
     -72.38648318,-13.20873915,2902.094
     -72.38648318,-13.20873915,2902.094
     -72.38648318,-13.20873915,2902.094
     -72.38648318,-13.20873915,2902.094
     -72.38648318,-13.20873915,2902.094
     -72.38648318,-13.20873915,2902.094
     -72.38648318,-13.20873915,2902.094
     -72.38648318,-13.20873915,2902.094
     -72.38648318,-13.20873915,2902.094
     -72.38648318,-13.20873915,2902.094
     -72.38648318,-13.20873915,2902.094
     -72.38648318,-13.20873915,2902.094
     -72.38648318,-13.20873915,2902.094
     -72.38648318,-13.20873915,2902.094
     -72.38648318,-13.20873915,2902.094
     -72.38648318,-13.20873915,2902.094
     -72.38648318,-13.20873915,2902.094
     -72.38648318,-13.20873915,2902.094
     -72.38648318,-13.20873915,2902.094
     -72.38648318,-13.20873915,2902.094
     -72.38648318,-13.20873915,2902.094
     -72.38648318,-13.20873915,2902.094
     -72.38648318,-13.20873915,2902.094
     -72.38648318,-13.20873915,2902.094
     -72.38648318,-13.20873915,2902.094
     -72.38648318,-13.20873915,2902.094
     -72.38648318,-13.20873915,2902.094
     -72.38648318,-13.20873915,2902.094
     -72.38648318,-13.20873915,2902.094
     -72.38648318,-13.20873915,2902.094
     -72.38648318,-13.20873915,2902.094
     -72.38648318,-13.20873915,2902.094
     -72.38648318,-13.20873915,2902.094
     -72.38648318,-13.20873915,2902.094
     -72.38648318,-13.20873915,2902.094
     -72.38648318,-13.20873915,2902.094
     -72.38648318,-13.20873915,2902.094
     -72.38648318,-13.20873915,2902.094
     -72.38648318,-13.20873915,2902.094
     -72.38648318,-13.20873915,2902.094
     -72.38648318,-13.20873915,2902.094
     -72.38648318,-13.20873915,2902.094
     -72.38648318,-13.20873915,2902.094
     -72.38648318,-13.20873915,2902.094
     -72.38648318,-13.20873915,2902.094
     -72.38648318,-13.20873915,2902.094
     -72.38648318,-13.20873915,2902.094
     -72.38648318,-13.20873915,2902.094
     -72.38648318,-13.20873915,2902.094
     -72.38648318,-13.20873915,2902.094
     -72.38648318,-13.20873915,2902.094
     -72.38648318,-13.20873915,2902.094
     -72.38648318,-13.20873915,2902.094
     -72.38648318,-13.20873915,2902.094
     -72.38648318,-13.20873915,2902.094
     -72.38648318,-13.20873915,2902.094
     -72.38648318,-13.20873915,2902.094
     -72.38648318,-13.20873915,2902.094
     -72.38648318,-13.20873915,2902.094
     -72.38648318,-13.20873915,2902.094
     -72.38648318,-13.20873915,2902.094
     -72.38648318,-13.20873915,2902.094
     -72.38648318,-13.20873915,2902.094
     -72.38648318,-13.20873915,2902.094
     -72.38648318,-13.20873915,2902.094
     -72.38648318,-13.20873915,2902.094
     -72.38648318,-13.20873915,2902.094
     -72.38648318,-13.20873915,2902.094
     -72.38648318,-13.20873915,2902.094
     -72.38648318,-13.20873915,2902.094
     -72.38648318,-13.20873915,2902.094
     -72.38648318,-13.20873915,2902.094
     -72.38647945,-13.20874410,2905.028
     -72.38647945,-13.20874410,2905.028
     -72.38647945,-13.20874410,2905.028
     -72.38647945,-13.20874410,2905.028
     -72.38647945,-13.20874410,2905.028
     -72.38647945,-13.20874410,2905.028
     -72.38647945,-13.20874410,2905.028
     -72.38647945,-13.20874410,2905.028
     -72.38647945,-13.20874410,2905.028
     -72.38647945,-13.20874410,2905.028
     -72.38647945,-13.20874410,2905.028
     -72.38647945,-13.20874410,2905.028
     -72.38647945,-13.20874410,2905.028
     -72.38647945,-13.20874410,2905.028
     -72.38647945,-13.20874410,2905.028
     -72.38647945,-13.20874410,2905.028
     -72.38647945,-13.20874410,2905.028
     -72.38647945,-13.20874410,2905.028
     -72.38647945,-13.20874410,2905.028
     -72.38647945,-13.20874410,2905.028
     -72.38647945,-13.20874410,2905.028
     -72.38647945,-13.20874410,2905.028
     -72.38647945,-13.20874410,2905.028
     -72.38647945,-13.20874410,2905.028
     -72.38647913,-13.20874525,2907.330
     -72.38647913,-13.20874525,2907.330
     -72.38647625,-13.20873747,2908.825
     -72.38648982,-13.20873190,2909.007
     -72.38650183,-13.20872810,2909.739
     -72.38650183,-13.20872810,2909.739
     -72.38650183,-13.20872810,2909.739
     -72.38650183,-13.20872810,2909.739
     -72.38650183,-13.20872810,2909.739
     -72.38650183,-13.20872810,2909.739
     -72.38650183,-13.20872810,2909.739
     -72.38650183,-13.20872810,2909.739
     -72.38650183,-13.20872810,2909.739
     -72.38650183,-13.20872810,2909.739
     -72.38650183,-13.20872810,2909.739
     -72.38650183,-13.20872810,2909.739
     -72.38650183,-13.20872810,2909.739
     -72.38650183,-13.20872810,2909.739
     -72.38650183,-13.20872810,2909.739
     -72.38650183,-13.20872810,2909.739
     -72.38650183,-13.20872810,2909.739
     -72.38650183,-13.20872810,2909.739
     -72.38650183,-13.20872810,2909.739
     -72.38650183,-13.20872810,2909.739
     -72.38650183,-13.20872810,2909.739
     -72.38650183,-13.20872810,2909.739
     -72.38650183,-13.20872810,2909.739
     -72.38650183,-13.20872810,2909.739
     -72.38650183,-13.20872810,2909.739
     -72.38650183,-13.20872810,2909.739
     -72.38650183,-13.20872810,2909.739
     -72.38650183,-13.20872810,2909.739
     -72.38650183,-13.20872810,2909.739
     -72.38650183,-13.20872810,2909.739
     -72.38650183,-13.20872810,2909.739
     -72.38650183,-13.20872810,2909.739
     -72.38650183,-13.20872810,2909.739
     -72.38650183,-13.20872810,2909.739
     -72.38650183,-13.20872810,2909.739
     -72.38650183,-13.20872810,2909.739
     -72.38650183,-13.20872810,2909.739
     -72.38650183,-13.20872810,2909.739
     -72.38650183,-13.20872810,2909.739
     -72.38650183,-13.20872810,2909.739
     -72.38650183,-13.20872810,2909.739
     -72.38650183,-13.20872810,2909.739
     -72.38650183,-13.20872810,2909.739
     -72.38650183,-13.20872810,2909.739
     -72.38650183,-13.20872810,2909.739
     -72.38650183,-13.20872810,2909.739
     -72.38650183,-13.20872810,2909.739
     -72.38650183,-13.20872810,2909.739
     -72.38650183,-13.20872810,2909.739
     -72.38650183,-13.20872810,2909.739
     -72.38650183,-13.20872810,2909.739
     -72.38650183,-13.20872810,2909.739
     -72.38650183,-13.20872810,2909.739
     -72.38650183,-13.20872810,2909.739
     -72.38650183,-13.20872810,2909.739
     -72.38650183,-13.20872810,2909.739
     -72.38650183,-13.20872810,2909.739
     -72.38650183,-13.20872810,2909.739
     -72.38650183,-13.20872810,2909.739
     -72.38650183,-13.20872810,2909.739
     -72.38650183,-13.20872810,2909.739
     -72.38650183,-13.20872810,2909.739
     -72.38650183,-13.20872810,2909.739
     -72.38650183,-13.20872810,2909.739
     -72.38650183,-13.20872810,2909.739
     -72.38650183,-13.20872810,2909.739
     -72.38650183,-13.20872810,2909.739
     -72.38650183,-13.20872810,2909.739
     -72.38650183,-13.20872810,2909.739
     -72.38650183,-13.20872810,2909.739
     -72.38650183,-13.20872810,2909.739
     -72.38650183,-13.20872810,2909.739
     -72.38650183,-13.20872810,2909.739
     -72.38650183,-13.20872810,2909.739
     -72.38650183,-13.20872810,2909.739
     -72.38650183,-13.20872810,2909.739
     -72.38650183,-13.20872810,2909.739
     -72.38650183,-13.20872810,2909.739
     -72.38650183,-13.20872810,2909.739
     -72.38650183,-13.20872810,2909.739
     -72.38650183,-13.20872810,2909.739
     -72.38650183,-13.20872810,2909.739
     -72.38650183,-13.20872810,2909.739
     -72.38650183,-13.20872810,2909.739
     -72.38650183,-13.20872810,2909.739
     -72.38650183,-13.20872810,2909.739
     -72.38650183,-13.20872810,2909.739
     -72.38650183,-13.20872810,2909.739
     -72.38650183,-13.20872810,2909.739
     -72.38650183,-13.20872810,2909.739
     -72.38650183,-13.20872810,2909.739
     -72.38650183,-13.20872810,2909.739
     -72.38650183,-13.20872810,2909.739
     -72.38650183,-13.20872810,2909.739
     -72.38650183,-13.20872810,2909.739
     -72.38650183,-13.20872810,2909.739
     -72.38650183,-13.20872810,2909.739
     -72.38650183,-13.20872810,2909.739
     -72.38650183,-13.20872810,2909.739
     -72.38650183,-13.20872810,2909.739
     -72.38650183,-13.20872810,2909.739
     -72.38650183,-13.20872810,2909.739
     -72.38650183,-13.20872810,2909.739
     -72.38650183,-13.20872810,2909.739
     -72.38650183,-13.20872810,2909.739
     -72.38650183,-13.20872810,2909.739
     -72.38650183,-13.20872810,2909.739
     -72.38650183,-13.20872810,2909.739
     -72.38650183,-13.20872810,2909.739
     -72.38650183,-13.20872810,2909.739
     -72.38650183,-13.20872810,2909.739
     -72.38650183,-13.20872810,2909.739
     -72.38650183,-13.20872810,2909.739
     -72.38650183,-13.20872810,2909.739
     -72.38650183,-13.20872810,2909.739
     -72.38650183,-13.20872810,2909.739
     -72.38650183,-13.20872810,2909.739
     -72.38650183,-13.20872810,2909.739
     -72.38650183,-13.20872810,2909.739
     -72.38650183,-13.20872810,2909.739
     -72.38650183,-13.20872810,2909.739
     -72.38650183,-13.20872810,2909.739
     -72.38650183,-13.20872810,2909.739
     -72.38650183,-13.20872810,2909.739
     -72.38650183,-13.20872810,2909.739
     -72.38650183,-13.20872810,2909.739
     -72.38650183,-13.20872810,2909.739
     -72.38650183,-13.20872810,2909.739
     -72.38650183,-13.20872810,2909.739
     -72.38650183,-13.20872810,2909.739
     -72.38650183,-13.20872810,2909.739
     -72.38650183,-13.20872810,2909.739
     -72.38650183,-13.20872810,2909.739
     -72.38650183,-13.20872810,2909.739
     -72.38650183,-13.20872810,2909.739
     -72.38650183,-13.20872810,2909.739
     -72.38650183,-13.20872810,2909.739
     -72.38650183,-13.20872810,2909.739
     -72.38650183,-13.20872810,2909.739
     -72.38650183,-13.20872810,2909.739
     -72.38650183,-13.20872810,2909.739
     -72.38650183,-13.20872810,2909.739
     -72.38650183,-13.20872810,2909.739
     -72.38650183,-13.20872810,2909.739
     -72.38650183,-13.20872810,2909.739
     -72.38650183,-13.20872810,2909.739
     -72.38650183,-13.20872810,2909.739
     -72.38650183,-13.20872810,2909.739
     -72.38650183,-13.20872810,2909.739
     -72.38650183,-13.20872810,2909.739
     -72.38650183,-13.20872810,2909.739
     -72.38650183,-13.20872810,2909.739
     -72.38650183,-13.20872810,2909.739
     -72.38650183,-13.20872810,2909.739
     -72.38650183,-13.20872810,2909.739
     -72.38650183,-13.20872810,2909.739
     -72.38650183,-13.20872810,2909.739
     -72.38650183,-13.20872810,2909.739
     -72.38650183,-13.20872810,2909.739
     -72.38650183,-13.20872810,2909.739
     -72.38650183,-13.20872810,2909.739
     -72.38650183,-13.20872810,2909.739
     -72.38650183,-13.20872810,2909.739
     -72.38650183,-13.20872810,2909.739
     -72.38650183,-13.20872810,2909.739
     -72.38650183,-13.20872810,2909.739
     -72.38650183,-13.20872810,2909.739
     -72.38650183,-13.20872810,2909.739
     -72.38650183,-13.20872810,2909.739
     -72.38650183,-13.20872810,2909.739
     -72.38650183,-13.20872810,2909.739
     -72.38650183,-13.20872810,2909.739
     -72.38650183,-13.20872810,2909.739
     -72.38650183,-13.20872810,2909.739
     -72.38650183,-13.20872810,2909.739
     -72.38650183,-13.20872810,2909.739
     -72.38650183,-13.20872810,2909.739
     -72.38650183,-13.20872810,2909.739
     -72.38650183,-13.20872810,2909.739
     -72.38650183,-13.20872810,2909.739
     -72.38650183,-13.20872810,2909.739
     -72.38650183,-13.20872810,2909.739
     -72.38650183,-13.20872810,2909.739
     -72.38650183,-13.20872810,2909.739
     -72.38650183,-13.20872810,2909.739
     -72.38650183,-13.20872810,2909.739
     -72.38650183,-13.20872810,2909.739
     -72.38650183,-13.20872810,2909.739
     -72.38650183,-13.20872810,2909.739
     -72.38650183,-13.20872810,2909.739
     -72.38650183,-13.20872810,2909.739
     -72.38650183,-13.20872810,2909.739
     -72.38650183,-13.20872810,2909.739
     -72.38650183,-13.20872810,2909.739
     -72.38650183,-13.20872810,2909.739
     -72.38650183,-13.20872810,2909.739
     -72.38650183,-13.20872810,2909.739
     -72.38650183,-13.20872810,2909.739
     -72.38650183,-13.20872810,2909.739
     -72.38650183,-13.20872810,2909.739
     -72.38650183,-13.20872810,2909.739
     -72.38650183,-13.20872810,2909.739
     -72.38650183,-13.20872810,2909.739
     -72.38650183,-13.20872810,2909.739
     -72.38650183,-13.20872810,2909.739
     -72.38650183,-13.20872810,2909.739
     -72.38650183,-13.20872810,2909.739
     -72.38650183,-13.20872810,2909.739
     -72.38650183,-13.20872810,2909.739
     -72.38650183,-13.20872810,2909.739
     -72.38650183,-13.20872810,2909.739
     -72.38650183,-13.20872810,2909.739
     -72.38649888,-13.20873330,2909.007
     -72.38649888,-13.20873330,2909.007
     -72.38649888,-13.20873330,2909.007
     -72.38649888,-13.20873330,2909.007
     -72.38649888,-13.20873330,2909.007
     -72.38649888,-13.20873330,2909.007
     -72.38649888,-13.20873330,2909.007
     -72.38649888,-13.20873330,2909.007
     -72.38649888,-13.20873330,2909.007
     -72.38649888,-13.20873330,2909.007
     -72.38649888,-13.20873330,2909.007
     -72.38649888,-13.20873330,2909.007
     -72.38649888,-13.20873330,2909.007
     -72.38649888,-13.20873330,2909.007
     -72.38649888,-13.20873330,2909.007
     -72.38649888,-13.20873330,2909.007
     -72.38649888,-13.20873330,2909.007
     -72.38649888,-13.20873330,2909.007
     -72.38649888,-13.20873330,2909.007
     -72.38649888,-13.20873330,2909.007
     -72.38649888,-13.20873330,2909.007
     -72.38649888,-13.20873330,2909.007
     -72.38649888,-13.20873330,2909.007
     -72.38649888,-13.20873330,2909.007
     -72.38649888,-13.20873330,2909.007
     -72.38649888,-13.20873330,2909.007
     -72.38649888,-13.20873330,2909.007
     -72.38649888,-13.20873330,2909.007
     -72.38649888,-13.20873330,2909.007
     -72.38649888,-13.20873330,2909.007
     -72.38649888,-13.20873330,2909.007
     -72.38649888,-13.20873330,2909.007
     -72.38649888,-13.20873330,2909.007
     -72.38649888,-13.20873330,2909.007
     -72.38649888,-13.20873330,2909.007
     -72.38649888,-13.20873330,2909.007
     -72.38649888,-13.20873330,2909.007
     -72.38649888,-13.20873330,2909.007
     -72.38649888,-13.20873330,2909.007
     -72.38649888,-13.20873330,2909.007
     -72.38649888,-13.20873330,2909.007
     -72.38649888,-13.20873330,2909.007
     -72.38649888,-13.20873330,2909.007
     -72.38649888,-13.20873330,2909.007
     -72.38649888,-13.20873330,2909.007
     -72.38649888,-13.20873330,2909.007
     -72.38649888,-13.20873330,2909.007
     -72.38649888,-13.20873330,2909.007
     -72.38649888,-13.20873330,2909.007
     -72.38649888,-13.20873330,2909.007
     -72.38649888,-13.20873330,2909.007
     -72.38649888,-13.20873330,2909.007
     -72.38649888,-13.20873330,2909.007
     -72.38649888,-13.20873330,2909.007
     -72.38649888,-13.20873330,2909.007
     -72.38649888,-13.20873330,2909.007
     -72.38649888,-13.20873330,2909.007
     -72.38649888,-13.20873330,2909.007
     -72.38649888,-13.20873330,2909.007
     -72.38650568,-13.20873210,2910.209
     -72.38651645,-13.20872957,2911.867
     -72.38651645,-13.20872957,2911.867
     -72.38651645,-13.20872957,2911.867
     -72.38651645,-13.20872957,2911.867
     -72.38651645,-13.20872957,2911.867
     -72.38651645,-13.20872957,2911.867
     -72.38651645,-13.20872957,2911.867
     -72.38651645,-13.20872957,2911.867
     -72.38651645,-13.20872957,2911.867
     -72.38651645,-13.20872957,2911.867
     -72.38651645,-13.20872957,2911.867
     -72.38651645,-13.20872957,2911.867
     -72.38651645,-13.20872957,2911.867
     -72.38652587,-13.20872905,2912.657
     -72.38652587,-13.20872905,2912.657
     -72.38652587,-13.20872905,2912.657
     -72.38652587,-13.20872905,2912.657
     -72.38652587,-13.20872905,2912.657
     -72.38652587,-13.20872905,2912.657
     -72.38652587,-13.20872905,2912.657
     -72.38652587,-13.20872905,2912.657
     -72.38652587,-13.20872905,2912.657
     -72.38652587,-13.20872905,2912.657
     -72.38652587,-13.20872905,2912.657
     -72.38652587,-13.20872905,2912.657
     -72.38652587,-13.20872905,2912.657
     -72.38652587,-13.20872905,2912.657
     -72.38652587,-13.20872905,2912.657
     -72.38652587,-13.20872905,2912.657
     -72.38652587,-13.20872905,2912.657
     -72.38652587,-13.20872905,2912.657
     -72.38652587,-13.20872905,2912.657
     -72.38652587,-13.20872905,2912.657
     -72.38652587,-13.20872905,2912.657
     -72.38652587,-13.20872905,2912.657
     -72.38652587,-13.20872905,2912.657
     -72.38652587,-13.20872905,2912.657
     -72.38652587,-13.20872905,2912.657
     -72.38652587,-13.20872905,2912.657
     -72.38652587,-13.20872905,2912.657
     -72.38652587,-13.20872905,2912.657
     -72.38652587,-13.20872905,2912.657
     -72.38652587,-13.20872905,2912.657
     -72.38652587,-13.20872905,2912.657
     -72.38652587,-13.20872905,2912.657
     -72.38652587,-13.20872905,2912.657
     -72.38652587,-13.20872905,2912.657
     -72.38652587,-13.20872905,2912.657
     -72.38652587,-13.20872905,2912.657
     -72.38652587,-13.20872905,2912.657
     -72.38652587,-13.20872905,2912.657
     -72.38652587,-13.20872905,2912.657
     -72.38652587,-13.20872905,2912.657
     -72.38652587,-13.20872905,2912.657
     -72.38652587,-13.20872905,2912.657
     -72.38652587,-13.20872905,2912.657
     -72.38652587,-13.20872905,2912.657
     -72.38652587,-13.20872905,2912.657
     -72.38652587,-13.20872905,2912.657
     -72.38652587,-13.20872905,2912.657
     -72.38652587,-13.20872905,2912.657
     -72.38652587,-13.20872905,2912.657
     -72.38652587,-13.20872905,2912.657
     -72.38652587,-13.20872905,2912.657
     -72.38652587,-13.20872905,2912.657
     -72.38652587,-13.20872905,2912.657
     -72.38652587,-13.20872905,2912.657
     -72.38652587,-13.20872905,2912.657
     -72.38652587,-13.20872905,2912.657
     -72.38652587,-13.20872905,2912.657
     -72.38652587,-13.20872905,2912.657
     -72.38652587,-13.20872905,2912.657
     -72.38652587,-13.20872905,2912.657
     -72.38652587,-13.20872905,2912.657
     -72.38652587,-13.20872905,2912.657
     -72.38652587,-13.20872905,2912.657
     -72.38652587,-13.20872905,2912.657
     -72.38652587,-13.20872905,2912.657
     -72.38652587,-13.20872905,2912.657
     -72.38652587,-13.20872905,2912.657
     -72.38652587,-13.20872905,2912.657
     -72.38652587,-13.20872905,2912.657
     -72.38652587,-13.20872905,2912.657
     -72.38652587,-13.20872905,2912.657
     -72.38652587,-13.20872905,2912.657
     -72.38652587,-13.20872905,2912.657
     -72.38652587,-13.20872905,2912.657
     -72.38652587,-13.20872905,2912.657
     -72.38652587,-13.20872905,2912.657
     -72.38652587,-13.20872905,2912.657
     -72.38652587,-13.20872905,2912.657
     -72.38652587,-13.20872905,2912.657
     -72.38652587,-13.20872905,2912.657
     -72.38652587,-13.20872905,2912.657
     -72.38652587,-13.20872905,2912.657
     -72.38652587,-13.20872905,2912.657
     -72.38652587,-13.20872905,2912.657
     -72.38652587,-13.20872905,2912.657
     -72.38652587,-13.20872905,2912.657
     -72.38652587,-13.20872905,2912.657
     -72.38652587,-13.20872905,2912.657
     -72.38652587,-13.20872905,2912.657
     -72.38652587,-13.20872905,2912.657
     -72.38652587,-13.20872905,2912.657
     -72.38652587,-13.20872905,2912.657
     -72.38652587,-13.20872905,2912.657
     -72.38652587,-13.20872905,2912.657
     -72.38652587,-13.20872905,2912.657
     -72.38652587,-13.20872905,2912.657
     -72.38652587,-13.20872905,2912.657
     -72.38652587,-13.20872905,2912.657
     -72.38652587,-13.20872905,2912.657
     -72.38652587,-13.20872905,2912.657
     -72.38652587,-13.20872905,2912.657
     -72.38652587,-13.20872905,2912.657
     -72.38652587,-13.20872905,2912.657
     -72.38652587,-13.20872905,2912.657
     -72.38652587,-13.20872905,2912.657
     -72.38652587,-13.20872905,2912.657
     -72.38652587,-13.20872905,2912.657
     -72.38652587,-13.20872905,2912.657
     -72.38652587,-13.20872905,2912.657
     -72.38652587,-13.20872905,2912.657
     -72.38652587,-13.20872905,2912.657
     -72.38652587,-13.20872905,2912.657
     -72.38652587,-13.20872905,2912.657
     -72.38652587,-13.20872905,2912.657
     -72.38652587,-13.20872905,2912.657
     -72.38652587,-13.20872905,2912.657
     -72.38652587,-13.20872905,2912.657
     -72.38652587,-13.20872905,2912.657
     -72.38652587,-13.20872905,2912.657
     -72.38652587,-13.20872905,2912.657
     -72.38652587,-13.20872905,2912.657
     -72.38652587,-13.20872905,2912.657
     -72.38652587,-13.20872905,2912.657
     -72.38652587,-13.20872905,2912.657
     -72.38652587,-13.20872905,2912.657
     -72.38652587,-13.20872905,2912.657
     -72.38652587,-13.20872905,2912.657
     -72.38652587,-13.20872905,2912.657
     -72.38652587,-13.20872905,2912.657
     -72.38652587,-13.20872905,2912.657
     -72.38652587,-13.20872905,2912.657
     -72.38652587,-13.20872905,2912.657
     -72.38652587,-13.20872905,2912.657
     -72.38652587,-13.20872905,2912.657
     -72.38652587,-13.20872905,2912.657
     -72.38652587,-13.20872905,2912.657
     -72.38652587,-13.20872905,2912.657
     -72.38652587,-13.20872905,2912.657
     -72.38652587,-13.20872905,2912.657
     -72.38652587,-13.20872905,2912.657
     -72.38652587,-13.20872905,2912.657
     -72.38652587,-13.20872905,2912.657
     -72.38652587,-13.20872905,2912.657
     -72.38652587,-13.20872905,2912.657
     -72.38652587,-13.20872905,2912.657
     -72.38652587,-13.20872905,2912.657
     -72.38652587,-13.20872905,2912.657
     -72.38652587,-13.20872905,2912.657
     -72.38652587,-13.20872905,2912.657
     -72.38652587,-13.20872905,2912.657
     -72.38652587,-13.20872905,2912.657
     -72.38652587,-13.20872905,2912.657
     -72.38652587,-13.20872905,2912.657
     -72.38652587,-13.20872905,2912.657
     -72.38652587,-13.20872905,2912.657
     -72.38652587,-13.20872905,2912.657
     -72.38652587,-13.20872905,2912.657
     -72.38652587,-13.20872905,2912.657
     -72.38652587,-13.20872905,2912.657
     -72.38652587,-13.20872905,2912.657
     -72.38652587,-13.20872905,2912.657
     -72.38652587,-13.20872905,2912.657
     -72.38652587,-13.20872905,2912.657
     -72.38652587,-13.20872905,2912.657
     -72.38652587,-13.20872905,2912.657
     -72.38652587,-13.20872905,2912.657
     -72.38652587,-13.20872905,2912.657
     -72.38652587,-13.20872905,2912.657
     -72.38652587,-13.20872905,2912.657
     -72.38652587,-13.20872905,2912.657
     -72.38652587,-13.20872905,2912.657
     -72.38652587,-13.20872905,2912.657
     -72.38652587,-13.20872905,2912.657
     -72.38652587,-13.20872905,2912.657
     -72.38652587,-13.20872905,2912.657
     -72.38652587,-13.20872905,2912.657
     -72.38652587,-13.20872905,2912.657
     -72.38652587,-13.20872905,2912.657
     -72.38652587,-13.20872905,2912.657
     -72.38652587,-13.20872905,2912.657
     -72.38652587,-13.20872905,2912.657
     -72.38652587,-13.20872905,2912.657
     -72.38652587,-13.20872905,2912.657
     -72.38652587,-13.20872905,2912.657
     -72.38652587,-13.20872905,2912.657
     -72.38652587,-13.20872905,2912.657
     -72.38652587,-13.20872905,2912.657
     -72.38652587,-13.20872905,2912.657
     -72.38652587,-13.20872905,2912.657
     -72.38652587,-13.20872905,2912.657
     -72.38652587,-13.20872905,2912.657
     -72.38652587,-13.20872905,2912.657
     -72.38652587,-13.20872905,2912.657
     -72.38652587,-13.20872905,2912.657
     -72.38652587,-13.20872905,2912.657
     -72.38652587,-13.20872905,2912.657
     -72.38652587,-13.20872905,2912.657
     -72.38652587,-13.20872905,2912.657
     -72.38652587,-13.20872905,2912.657
     -72.38652587,-13.20872905,2912.657
     -72.38652587,-13.20872905,2912.657
     -72.38652587,-13.20872905,2912.657
     -72.38652587,-13.20872905,2912.657
     -72.38652587,-13.20872905,2912.657
     -72.38652587,-13.20872905,2912.657
     -72.38652587,-13.20872905,2912.657
     -72.38652587,-13.20872905,2912.657
     -72.38652587,-13.20872905,2912.657
     -72.38652587,-13.20872905,2912.657
     -72.38652587,-13.20872905,2912.657
     -72.38652587,-13.20872905,2912.657
     -72.38652587,-13.20872905,2912.657
     -72.38652587,-13.20872905,2912.657
     -72.38652587,-13.20872905,2912.657
     -72.38652587,-13.20872905,2912.657
     -72.38652587,-13.20872905,2912.657
     -72.38652587,-13.20872905,2912.657
     -72.38652587,-13.20872905,2912.657
     -72.38652587,-13.20872905,2912.657
     -72.38652587,-13.20872905,2912.657
     -72.38652587,-13.20872905,2912.657
     -72.38652587,-13.20872905,2912.657
     -72.38652587,-13.20872905,2912.657
     -72.38652587,-13.20872905,2912.657
     -72.38652587,-13.20872905,2912.657
     -72.38652587,-13.20872905,2912.657
     -72.38652587,-13.20872905,2912.657
     -72.38652587,-13.20872905,2912.657
     -72.38652587,-13.20872905,2912.657
     -72.38652587,-13.20872905,2912.657
     -72.38652587,-13.20872905,2912.657
     -72.38652587,-13.20872905,2912.657
     -72.38652587,-13.20872905,2912.657
     -72.38652587,-13.20872905,2912.657
     -72.38652587,-13.20872905,2912.657
     -72.38652587,-13.20872905,2912.657
     -72.38652587,-13.20872905,2912.657
     -72.38652587,-13.20872905,2912.657
     -72.38652587,-13.20872905,2912.657
     -72.38652587,-13.20872905,2912.657
     -72.38652587,-13.20872905,2912.657
     -72.38652587,-13.20872905,2912.657
     -72.38652587,-13.20872905,2912.657
     -72.38652587,-13.20872905,2912.657
     -72.38652587,-13.20872905,2912.657
     -72.38652587,-13.20872905,2912.657
     -72.38652587,-13.20872905,2912.657
     -72.38652587,-13.20872905,2912.657
     -72.38652587,-13.20872905,2912.657
     -72.38652587,-13.20872905,2912.657
     -72.38652587,-13.20872905,2912.657
     -72.38652587,-13.20872905,2912.657
     -72.38652587,-13.20872905,2912.657
     -72.38652587,-13.20872905,2912.657
     -72.38652587,-13.20872905,2912.657
     -72.38652587,-13.20872905,2912.657
     -72.38652587,-13.20872905,2912.657
     -72.38652587,-13.20872905,2912.657
     -72.38652587,-13.20872905,2912.657
     -72.38652587,-13.20872905,2912.657
     -72.38652587,-13.20872905,2912.657
     -72.38652587,-13.20872905,2912.657
     -72.38652587,-13.20872905,2912.657
     -72.38652587,-13.20872905,2912.657
     -72.38652587,-13.20872905,2912.657
     -72.38652587,-13.20872905,2912.657
     -72.38652587,-13.20872905,2912.657
     -72.38652587,-13.20872905,2912.657
     -72.38652587,-13.20872905,2912.657
     -72.38652587,-13.20872905,2912.657
     -72.38652587,-13.20872905,2912.657
     -72.38652587,-13.20872905,2912.657
     -72.38652587,-13.20872905,2912.657
     -72.38652587,-13.20872905,2912.657
     -72.38652587,-13.20872905,2912.657
     -72.38652587,-13.20872905,2912.657
     -72.38652587,-13.20872905,2912.657
     -72.38652587,-13.20872905,2912.657
     -72.38652587,-13.20872905,2912.657
     -72.38652587,-13.20872905,2912.657
     -72.38652587,-13.20872905,2912.657
     -72.38652587,-13.20872905,2912.657
     -72.38652587,-13.20872905,2912.657
     -72.38652587,-13.20872905,2912.657
     -72.38652587,-13.20872905,2912.657
     -72.38652587,-13.20872905,2912.657
     -72.38652587,-13.20872905,2912.657
     -72.38652587,-13.20872905,2912.657
     -72.38652587,-13.20872905,2912.657
     -72.38652587,-13.20872905,2912.657
     -72.38652587,-13.20872905,2912.657
     -72.38652587,-13.20872905,2912.657
     -72.38652587,-13.20872905,2912.657
     -72.38652587,-13.20872905,2912.657
     -72.38652587,-13.20872905,2912.657
     -72.38652587,-13.20872905,2912.657
     -72.38652587,-13.20872905,2912.657
     -72.38652587,-13.20872905,2912.657
     -72.38652587,-13.20872905,2912.657
     -72.38652587,-13.20872905,2912.657
     -72.38652587,-13.20872905,2912.657
     -72.38652587,-13.20872905,2912.657
     -72.38652587,-13.20872905,2912.657
     -72.38652587,-13.20872905,2912.657
     -72.38652587,-13.20872905,2912.657
     -72.38652587,-13.20872905,2912.657
     -72.38652587,-13.20872905,2912.657
     -72.38652587,-13.20872905,2912.657
     -72.38652587,-13.20872905,2912.657
     -72.38652587,-13.20872905,2912.657
     -72.38652587,-13.20872905,2912.657
     -72.38652587,-13.20872905,2912.657
     -72.38652587,-13.20872905,2912.657
     -72.38652587,-13.20872905,2912.657
     -72.38652587,-13.20872905,2912.657
     -72.38652587,-13.20872905,2912.657
     -72.38652587,-13.20872905,2912.657
     -72.38652587,-13.20872905,2912.657
     -72.38652587,-13.20872905,2912.657
     -72.38652587,-13.20872905,2912.657
     -72.38652587,-13.20872905,2912.657
     -72.38652587,-13.20872905,2912.657
     -72.38652587,-13.20872905,2912.657
     -72.38652587,-13.20872905,2912.657
     -72.38652587,-13.20872905,2912.657
     -72.38652587,-13.20872905,2912.657
     -72.38652587,-13.20872905,2912.657
     -72.38652587,-13.20872905,2912.657
     -72.38652587,-13.20872905,2912.657
     -72.38652587,-13.20872905,2912.657
     -72.38652587,-13.20872905,2912.657
     -72.38652587,-13.20872905,2912.657
     -72.38652587,-13.20872905,2912.657
     -72.38652587,-13.20872905,2912.657
     -72.38652587,-13.20872905,2912.657
     -72.38652587,-13.20872905,2912.657
     -72.38652587,-13.20872905,2912.657
     -72.38652587,-13.20872905,2912.657
     -72.38652587,-13.20872905,2912.657
     -72.38652587,-13.20872905,2912.657
     -72.38652587,-13.20872905,2912.657
     -72.38652308,-13.20872703,2912.509
     -72.38652308,-13.20872703,2912.509
     -72.38652308,-13.20872703,2912.509
     -72.38652308,-13.20872703,2912.509
     -72.38652308,-13.20872703,2912.509
     -72.38652308,-13.20872703,2912.509
     -72.38652308,-13.20872703,2912.509
     -72.38652308,-13.20872703,2912.509
     -72.38652308,-13.20872703,2912.509
     -72.38652308,-13.20872703,2912.509
     -72.38652308,-13.20872703,2912.509
     -72.38652308,-13.20872703,2912.509
     -72.38652308,-13.20872703,2912.509
     -72.38652308,-13.20872703,2912.509
     -72.38652308,-13.20872703,2912.509
     -72.38652308,-13.20872703,2912.509
     -72.38652308,-13.20872703,2912.509
     -72.38652308,-13.20872703,2912.509
     -72.38652308,-13.20872703,2912.509
     -72.38652308,-13.20872703,2912.509
     -72.38652308,-13.20872703,2912.509
     -72.38652308,-13.20872703,2912.509
     -72.38652308,-13.20872703,2912.509
     -72.38652308,-13.20872703,2912.509
     -72.38652308,-13.20872703,2912.509
     -72.38652308,-13.20872703,2912.509
     -72.38652308,-13.20872703,2912.509
     -72.38652308,-13.20872703,2912.509
     -72.38652308,-13.20872703,2912.509
     -72.38652308,-13.20872703,2912.509
     -72.38652308,-13.20872703,2912.509
     -72.38652308,-13.20872703,2912.509
     -72.38652308,-13.20872703,2912.509
     -72.38652308,-13.20872703,2912.509
     -72.38652308,-13.20872703,2912.509
     -72.38652308,-13.20872703,2912.509
     -72.38652308,-13.20872703,2912.509
     -72.38652308,-13.20872703,2912.509
     -72.38652308,-13.20872703,2912.509
     -72.38652308,-13.20872703,2912.509
     -72.38652308,-13.20872703,2912.509
     -72.38652308,-13.20872703,2912.509
     -72.38652308,-13.20872703,2912.509
     -72.38652308,-13.20872703,2912.509
     -72.38652308,-13.20872703,2912.509
     -72.38652308,-13.20872703,2912.509
     -72.38652308,-13.20872703,2912.509
     -72.38652308,-13.20872703,2912.509
     -72.38652308,-13.20872703,2912.509
     -72.38652308,-13.20872703,2912.509
     -72.38652308,-13.20872703,2912.509
     -72.38652308,-13.20872703,2912.509
     -72.38652308,-13.20872703,2912.509
     -72.38652308,-13.20872703,2912.509
     -72.38652308,-13.20872703,2912.509
     -72.38652308,-13.20872703,2912.509
     -72.38652308,-13.20872703,2912.509
     -72.38652308,-13.20872703,2912.509
     -72.38652308,-13.20872703,2912.509
     -72.38652308,-13.20872703,2912.509
     -72.38652308,-13.20872703,2912.509
     -72.38652308,-13.20872703,2912.509
     -72.38652308,-13.20872703,2912.509
     -72.38652308,-13.20872703,2912.509
     -72.38652308,-13.20872703,2912.509
     -72.38652308,-13.20872703,2912.509
     -72.38652308,-13.20872703,2912.509
     -72.38652308,-13.20872703,2912.509
     -72.38652308,-13.20872703,2912.509
     -72.38652308,-13.20872703,2912.509
     -72.38652308,-13.20872703,2912.509
     -72.38652308,-13.20872703,2912.509
     -72.38652308,-13.20872703,2912.509
     -72.38652308,-13.20872703,2912.509
     -72.38652308,-13.20872703,2912.509
     -72.38652308,-13.20872703,2912.509
     -72.38652308,-13.20872703,2912.509
     -72.38652308,-13.20872703,2912.509
     -72.38652308,-13.20872703,2912.509
     -72.38652308,-13.20872703,2912.509
     -72.38652308,-13.20872703,2912.509
     -72.38652308,-13.20872703,2912.509
     -72.38652308,-13.20872703,2912.509
     -72.38652308,-13.20872703,2912.509
     -72.38652308,-13.20872703,2912.509
     -72.38652308,-13.20872703,2912.509
     -72.38652308,-13.20872703,2912.509
     -72.38652308,-13.20872703,2912.509
     -72.38652308,-13.20872703,2912.509
     -72.38652308,-13.20872703,2912.509
     -72.38652308,-13.20872703,2912.509
     -72.38652308,-13.20872703,2912.509
     -72.38652308,-13.20872703,2912.509
     -72.38652308,-13.20872703,2912.509
     -72.38652308,-13.20872703,2912.509
     -72.38652308,-13.20872703,2912.509
     -72.38652308,-13.20872703,2912.509
     -72.38652308,-13.20872703,2912.509
     -72.38652308,-13.20872703,2912.509
     -72.38652308,-13.20872703,2912.509
     -72.38652308,-13.20872703,2912.509
     -72.38652308,-13.20872703,2912.509
     -72.38652308,-13.20872703,2912.509
     -72.38652308,-13.20872703,2912.509
     -72.38652308,-13.20872703,2912.509
     -72.38652308,-13.20872703,2912.509
     -72.38652308,-13.20872703,2912.509
     -72.38652308,-13.20872703,2912.509
     -72.38652308,-13.20872703,2912.509
     -72.38652308,-13.20872703,2912.509
     -72.38652308,-13.20872703,2912.509
     -72.38652308,-13.20872703,2912.509
     -72.38652308,-13.20872703,2912.509
     -72.38652308,-13.20872703,2912.509
     -72.38652308,-13.20872703,2912.509
     -72.38652308,-13.20872703,2912.509
     -72.38652308,-13.20872703,2912.509
     -72.38652308,-13.20872703,2912.509
     -72.38652308,-13.20872703,2912.509
     -72.38652308,-13.20872703,2912.509
     -72.38652308,-13.20872703,2912.509
     -72.38652308,-13.20872703,2912.509
     -72.38652308,-13.20872703,2912.509
     -72.38652308,-13.20872703,2912.509
     -72.38652308,-13.20872703,2912.509
     -72.38652308,-13.20872703,2912.509
     -72.38652308,-13.20872703,2912.509
     -72.38652308,-13.20872703,2912.509
     -72.38652308,-13.20872703,2912.509
     -72.38652308,-13.20872703,2912.509
     -72.38652308,-13.20872703,2912.509
     -72.38652308,-13.20872703,2912.509
     -72.38652308,-13.20872703,2912.509
     -72.38652308,-13.20872703,2912.509
     -72.38652308,-13.20872703,2912.509
     -72.38652308,-13.20872703,2912.509
     -72.38652308,-13.20872703,2912.509
     -72.38652308,-13.20872703,2912.509
     -72.38652308,-13.20872703,2912.509
     -72.38652308,-13.20872703,2912.509
     -72.38652308,-13.20872703,2912.509
     -72.38652308,-13.20872703,2912.509
     -72.38652308,-13.20872703,2912.509
     -72.38652308,-13.20872703,2912.509
     -72.38652308,-13.20872703,2912.509
     -72.38652308,-13.20872703,2912.509
     -72.38652308,-13.20872703,2912.509
     -72.38652308,-13.20872703,2912.509
     -72.38652308,-13.20872703,2912.509
     -72.38652308,-13.20872703,2912.509
     -72.38652308,-13.20872703,2912.509
     -72.38652308,-13.20872703,2912.509
     -72.38652308,-13.20872703,2912.509
     -72.38652308,-13.20872703,2912.509
     -72.38652308,-13.20872703,2912.509
     -72.38652308,-13.20872703,2912.509
     -72.38652308,-13.20872703,2912.509
     -72.38652308,-13.20872703,2912.509
     -72.38652308,-13.20872703,2912.509
     -72.38652308,-13.20872703,2912.509
     -72.38652308,-13.20872703,2912.509
     -72.38652308,-13.20872703,2912.509
     -72.38652308,-13.20872703,2912.509
     -72.38652308,-13.20872703,2912.509
     -72.38652308,-13.20872703,2912.509
     -72.38652308,-13.20872703,2912.509
     -72.38652308,-13.20872703,2912.509
     -72.38652308,-13.20872703,2912.509
     -72.38652308,-13.20872703,2912.509
     -72.38652308,-13.20872703,2912.509
     -72.38652308,-13.20872703,2912.509
     -72.38652308,-13.20872703,2912.509
     -72.38652308,-13.20872703,2912.509
     -72.38652308,-13.20872703,2912.509
     -72.38652308,-13.20872703,2912.509
     -72.38652308,-13.20872703,2912.509
     -72.38652308,-13.20872703,2912.509
     -72.38652308,-13.20872703,2912.509
     -72.38652308,-13.20872703,2912.509
     -72.38652308,-13.20872703,2912.509
     -72.38652308,-13.20872703,2912.509
     -72.38652308,-13.20872703,2912.509
     -72.38652308,-13.20872703,2912.509
     -72.38652308,-13.20872703,2912.509
     -72.38652308,-13.20872703,2912.509
     -72.38652308,-13.20872703,2912.509
     -72.38652308,-13.20872703,2912.509
     -72.38652308,-13.20872703,2912.509
     -72.38652308,-13.20872703,2912.509
     -72.38652308,-13.20872703,2912.509
     -72.38652308,-13.20872703,2912.509
     -72.38652308,-13.20872703,2912.509
     -72.38652308,-13.20872703,2912.509
     -72.38652308,-13.20872703,2912.509
     -72.38652308,-13.20872703,2912.509
     -72.38652308,-13.20872703,2912.509
     -72.38652308,-13.20872703,2912.509
     -72.38652308,-13.20872703,2912.509
     -72.38652308,-13.20872703,2912.509
     -72.38652308,-13.20872703,2912.509
     -72.38652308,-13.20872703,2912.509
     -72.38652308,-13.20872703,2912.509
     -72.38652308,-13.20872703,2912.509
     -72.38652308,-13.20872703,2912.509
     -72.38652045,-13.20872543,2911.970
     -72.38651600,-13.20872660,2911.534
     -72.38651600,-13.20872660,2911.534
     -72.38651600,-13.20872660,2911.534
     -72.38651600,-13.20872660,2911.534
     -72.38651600,-13.20872660,2911.534
     -72.38651600,-13.20872660,2911.534
     -72.38651600,-13.20872660,2911.534
     -72.38651600,-13.20872660,2911.534
     -72.38651600,-13.20872660,2911.534
     -72.38651600,-13.20872660,2911.534
     -72.38651600,-13.20872660,2911.534
     -72.38651600,-13.20872660,2911.534
     -72.38651600,-13.20872660,2911.534
     -72.38651600,-13.20872660,2911.534
     -72.38651600,-13.20872660,2911.534
     -72.38651600,-13.20872660,2911.534
     -72.38651600,-13.20872660,2911.534
     -72.38651600,-13.20872660,2911.534
     -72.38651600,-13.20872660,2911.534
     -72.38651600,-13.20872660,2911.534
     -72.38651600,-13.20872660,2911.534
     -72.38651600,-13.20872660,2911.534
     -72.38651600,-13.20872660,2911.534
     -72.38651600,-13.20872660,2911.534
     -72.38651600,-13.20872660,2911.534
     -72.38651600,-13.20872660,2911.534
     -72.38651600,-13.20872660,2911.534
     -72.38651600,-13.20872660,2911.534
     -72.38651600,-13.20872660,2911.534
     -72.38651600,-13.20872660,2911.534
     -72.38651600,-13.20872660,2911.534
     -72.38651600,-13.20872660,2911.534
     -72.38651600,-13.20872660,2911.534
     -72.38651600,-13.20872660,2911.534
     -72.38651600,-13.20872660,2911.534
     -72.38651600,-13.20872660,2911.534
     -72.38651600,-13.20872660,2911.534
     -72.38651600,-13.20872660,2911.534
     -72.38651600,-13.20872660,2911.534
     -72.38651600,-13.20872660,2911.534
     -72.38651600,-13.20872660,2911.534
     -72.38651600,-13.20872660,2911.534
     -72.38651600,-13.20872660,2911.534
     -72.38651600,-13.20872660,2911.534
     -72.38651600,-13.20872660,2911.534
     -72.38651600,-13.20872660,2911.534
     -72.38651600,-13.20872660,2911.534
     -72.38651600,-13.20872660,2911.534
     -72.38651600,-13.20872660,2911.534
     -72.38651600,-13.20872660,2911.534
     -72.38651600,-13.20872660,2911.534
     -72.38651600,-13.20872660,2911.534
     -72.38651600,-13.20872660,2911.534
     -72.38651600,-13.20872660,2911.534
     -72.38651600,-13.20872660,2911.534
     -72.38651600,-13.20872660,2911.534
     -72.38651600,-13.20872660,2911.534
     -72.38651600,-13.20872660,2911.534
     -72.38651600,-13.20872660,2911.534
     -72.38651600,-13.20872660,2911.534
     -72.38651600,-13.20872660,2911.534
     -72.38651600,-13.20872660,2911.534
     -72.38651600,-13.20872660,2911.534
     -72.38651600,-13.20872660,2911.534
     -72.38651600,-13.20872660,2911.534
     -72.38651600,-13.20872660,2911.534
     -72.38651600,-13.20872660,2911.534
     -72.38651600,-13.20872660,2911.534
     -72.38651600,-13.20872660,2911.534
     -72.38651600,-13.20872660,2911.534
     -72.38651600,-13.20872660,2911.534
     -72.38651600,-13.20872660,2911.534
     -72.38651600,-13.20872660,2911.534
     -72.38651600,-13.20872660,2911.534
     -72.38651600,-13.20872660,2911.534
     -72.38651600,-13.20872660,2911.534
     -72.38651600,-13.20872660,2911.534
     -72.38651600,-13.20872660,2911.534
     -72.38651600,-13.20872660,2911.534
     -72.38651600,-13.20872660,2911.534
     -72.38651600,-13.20872660,2911.534
     -72.38651600,-13.20872660,2911.534
     -72.38651600,-13.20872660,2911.534
     -72.38651600,-13.20872660,2911.534
     -72.38651600,-13.20872660,2911.534
     -72.38651600,-13.20872660,2911.534
     -72.38651600,-13.20872660,2911.534
     -72.38651600,-13.20872660,2911.534
     -72.38651600,-13.20872660,2911.534
     -72.38651600,-13.20872660,2911.534
     -72.38651600,-13.20872660,2911.534
     -72.38651600,-13.20872660,2911.534
     -72.38651600,-13.20872660,2911.534
     -72.38651600,-13.20872660,2911.534
     -72.38651600,-13.20872660,2911.534
     -72.38651600,-13.20872660,2911.534
     -72.38651600,-13.20872660,2911.534
     -72.38651600,-13.20872660,2911.534
     -72.38651600,-13.20872660,2911.534
     -72.38651600,-13.20872660,2911.534
     -72.38651600,-13.20872660,2911.534
     -72.38651600,-13.20872660,2911.534
     -72.38651600,-13.20872660,2911.534
     -72.38651600,-13.20872660,2911.534
     -72.38651600,-13.20872660,2911.534
     -72.38651600,-13.20872660,2911.534
     -72.38651600,-13.20872660,2911.534
     -72.38651600,-13.20872660,2911.534
     -72.38651600,-13.20872660,2911.534
     -72.38651600,-13.20872660,2911.534
     -72.38651600,-13.20872660,2911.534
     -72.38651600,-13.20872660,2911.534
     -72.38651600,-13.20872660,2911.534
     -72.38651600,-13.20872660,2911.534
     -72.38651600,-13.20872660,2911.534
     -72.38651600,-13.20872660,2911.534
     -72.38651600,-13.20872660,2911.534
     -72.38651600,-13.20872660,2911.534
     -72.38651600,-13.20872660,2911.534
     -72.38651600,-13.20872660,2911.534
     -72.38651600,-13.20872660,2911.534
     -72.38651600,-13.20872660,2911.534
     -72.38651600,-13.20872660,2911.534
     -72.38651600,-13.20872660,2911.534
     -72.38651600,-13.20872660,2911.534
     -72.38651600,-13.20872660,2911.534
     -72.38651600,-13.20872660,2911.534
     -72.38651600,-13.20872660,2911.534
     -72.38651600,-13.20872660,2911.534
     -72.38651600,-13.20872660,2911.534
     -72.38651600,-13.20872660,2911.534
     -72.38651600,-13.20872660,2911.534
     -72.38651600,-13.20872660,2911.534
     -72.38651600,-13.20872660,2911.534
     -72.38651600,-13.20872660,2911.534
     -72.38651600,-13.20872660,2911.534
     -72.38651600,-13.20872660,2911.534
     -72.38651600,-13.20872660,2911.534
     -72.38651600,-13.20872660,2911.534
     -72.38651600,-13.20872660,2911.534
     -72.38651600,-13.20872660,2911.534
     -72.38651600,-13.20872660,2911.534
     -72.38651600,-13.20872660,2911.534
     -72.38651600,-13.20872660,2911.534
     -72.38651600,-13.20872660,2911.534
     -72.38651600,-13.20872660,2911.534
     -72.38651600,-13.20872660,2911.534
     -72.38651600,-13.20872660,2911.534
     -72.38651600,-13.20872660,2911.534
     -72.38651600,-13.20872660,2911.534
     -72.38651600,-13.20872660,2911.534
     -72.38651600,-13.20872660,2911.534
     -72.38651600,-13.20872660,2911.534
     -72.38651600,-13.20872660,2911.534
     -72.38651600,-13.20872660,2911.534
     -72.38651600,-13.20872660,2911.534
     -72.38651600,-13.20872660,2911.534
     -72.38651600,-13.20872660,2911.534
     -72.38651600,-13.20872660,2911.534
     -72.38651600,-13.20872660,2911.534
     -72.38651600,-13.20872660,2911.534
     -72.38651600,-13.20872660,2911.534
     -72.38651600,-13.20872660,2911.534
     -72.38651600,-13.20872660,2911.534
     -72.38651600,-13.20872660,2911.534
     -72.38651600,-13.20872660,2911.534
     -72.38651600,-13.20872660,2911.534
     -72.38651600,-13.20872660,2911.534
     -72.38651600,-13.20872660,2911.534
     -72.38651600,-13.20872660,2911.534
     -72.38651600,-13.20872660,2911.534
     -72.38651600,-13.20872660,2911.534
     -72.38651600,-13.20872660,2911.534
     -72.38651600,-13.20872660,2911.534
     -72.38651600,-13.20872660,2911.534
     -72.38651600,-13.20872660,2911.534
     -72.38651600,-13.20872660,2911.534
     -72.38651600,-13.20872660,2911.534
     -72.38651600,-13.20872660,2911.534
     -72.38651600,-13.20872660,2911.534
     -72.38651600,-13.20872660,2911.534
     -72.38651600,-13.20872660,2911.534
     -72.38651600,-13.20872660,2911.534
     -72.38651600,-13.20872660,2911.534
     -72.38651600,-13.20872660,2911.534
     -72.38650488,-13.20873222,2910.909
     -72.38649987,-13.20874103,2910.711
     -72.38649987,-13.20874103,2910.711
     -72.38649987,-13.20874103,2910.711
     -72.38649987,-13.20874103,2910.711
     -72.38649987,-13.20874103,2910.711
     -72.38649987,-13.20874103,2910.711
     -72.38649987,-13.20874103,2910.711
     -72.38649987,-13.20874103,2910.711
     -72.38649987,-13.20874103,2910.711
     -72.38649987,-13.20874103,2910.711
     -72.38649987,-13.20874103,2910.711
     -72.38649987,-13.20874103,2910.711
     -72.38649987,-13.20874103,2910.711
     -72.38649987,-13.20874103,2910.711
     -72.38649987,-13.20874103,2910.711
     -72.38649987,-13.20874103,2910.711
     -72.38649987,-13.20874103,2910.711
     -72.38649987,-13.20874103,2910.711
     -72.38649987,-13.20874103,2910.711
     -72.38649987,-13.20874103,2910.711
     -72.38649987,-13.20874103,2910.711
     -72.38649987,-13.20874103,2910.711
     -72.38649987,-13.20874103,2910.711
     -72.38649987,-13.20874103,2910.711
     -72.38649987,-13.20874103,2910.711
     -72.38649987,-13.20874103,2910.711
     -72.38649987,-13.20874103,2910.711
     -72.38649987,-13.20874103,2910.711
     -72.38649987,-13.20874103,2910.711
     -72.38649987,-13.20874103,2910.711
     -72.38649987,-13.20874103,2910.711
     -72.38649987,-13.20874103,2910.711
     -72.38649987,-13.20874103,2910.711
     -72.38649987,-13.20874103,2910.711
     -72.38649987,-13.20874103,2910.711
     -72.38649987,-13.20874103,2910.711
     -72.38649987,-13.20874103,2910.711
     -72.38649987,-13.20874103,2910.711
     -72.38649987,-13.20874103,2910.711
     -72.38649987,-13.20874103,2910.711
     -72.38649987,-13.20874103,2910.711
     -72.38649987,-13.20874103,2910.711
     -72.38649987,-13.20874103,2910.711
     -72.38649987,-13.20874103,2910.711
     -72.38649987,-13.20874103,2910.711
     -72.38649987,-13.20874103,2910.711
     -72.38649987,-13.20874103,2910.711
     -72.38649987,-13.20874103,2910.711
     -72.38649987,-13.20874103,2910.711
     -72.38649987,-13.20874103,2910.711
     -72.38649987,-13.20874103,2910.711
     -72.38649987,-13.20874103,2910.711
     -72.38649987,-13.20874103,2910.711
     -72.38649987,-13.20874103,2910.711
     -72.38649987,-13.20874103,2910.711
     -72.38649987,-13.20874103,2910.711
     -72.38649987,-13.20874103,2910.711
     -72.38649987,-13.20874103,2910.711
     -72.38649987,-13.20874103,2910.711
     -72.38649987,-13.20874103,2910.711
     -72.38649987,-13.20874103,2910.711
     -72.38649987,-13.20874103,2910.711
     -72.38649987,-13.20874103,2910.711
     -72.38649987,-13.20874103,2910.711
     -72.38649987,-13.20874103,2910.711
     -72.38649987,-13.20874103,2910.711
     -72.38649987,-13.20874103,2910.711
     -72.38649987,-13.20874103,2910.711
     -72.38649987,-13.20874103,2910.711
     -72.38649987,-13.20874103,2910.711
     -72.38649987,-13.20874103,2910.711
     -72.38649987,-13.20874103,2910.711
     -72.38649987,-13.20874103,2910.711
     -72.38650117,-13.20873183,2910.528
     -72.38650117,-13.20873182,2910.528
     -72.38650117,-13.20873182,2910.528
     -72.38650117,-13.20873182,2910.528
     -72.38650117,-13.20873182,2910.528
     -72.38650117,-13.20873182,2910.528
     -72.38650117,-13.20873182,2910.528
     -72.38650117,-13.20873182,2910.528
     -72.38650117,-13.20873182,2910.528
     -72.38650117,-13.20873182,2910.528
     -72.38650117,-13.20873182,2910.528
     -72.38650117,-13.20873182,2910.528
     -72.38650117,-13.20873182,2910.528
     -72.38650117,-13.20873182,2910.528
     -72.38650117,-13.20873182,2910.528
     -72.38650117,-13.20873182,2910.528
     -72.38650117,-13.20873182,2910.528
     -72.38650117,-13.20873182,2910.528
     -72.38650117,-13.20873182,2910.528
     -72.38650117,-13.20873182,2910.528
     -72.38650117,-13.20873182,2910.528
     -72.38650117,-13.20873182,2910.528
     -72.38650117,-13.20873182,2910.528
     -72.38650117,-13.20873182,2910.528
     -72.38650117,-13.20873182,2910.528
     -72.38650117,-13.20873182,2910.528
     -72.38650117,-13.20873182,2910.528
     -72.38650117,-13.20873182,2910.528
     -72.38650117,-13.20873182,2910.528
     -72.38650117,-13.20873182,2910.528
     -72.38650117,-13.20873182,2910.528
     -72.38650117,-13.20873182,2910.528
     -72.38650117,-13.20873182,2910.528
     -72.38650117,-13.20873182,2910.528
     -72.38650117,-13.20873182,2910.528
     -72.38650117,-13.20873182,2910.528
     -72.38650117,-13.20873182,2910.528
     -72.38650117,-13.20873182,2910.528
     -72.38650117,-13.20873182,2910.528
     -72.38650117,-13.20873182,2910.528
     -72.38650117,-13.20873182,2910.528
     -72.38650117,-13.20873182,2910.528
     -72.38650117,-13.20873182,2910.528
     -72.38650117,-13.20873182,2910.528
     -72.38650117,-13.20873182,2910.528
     -72.38650117,-13.20873182,2910.528
     -72.38650117,-13.20873182,2910.528
     -72.38650117,-13.20873182,2910.528
     -72.38650117,-13.20873182,2910.528
     -72.38650117,-13.20873182,2910.528
     -72.38650117,-13.20873182,2910.528
     -72.38650117,-13.20873182,2910.528
     -72.38650117,-13.20873182,2910.528
     -72.38650117,-13.20873182,2910.528
     -72.38650117,-13.20873182,2910.528
     -72.38650117,-13.20873182,2910.528
     -72.38650117,-13.20873182,2910.528
     -72.38650117,-13.20873182,2910.528
     -72.38650117,-13.20873182,2910.528
     -72.38650117,-13.20873182,2910.528
     -72.38650117,-13.20873182,2910.528
     -72.38650117,-13.20873182,2910.528
     -72.38650117,-13.20873182,2910.528
     -72.38650117,-13.20873182,2910.528
     -72.38650117,-13.20873182,2910.528
     -72.38650117,-13.20873182,2910.528
     -72.38650117,-13.20873182,2910.528
     -72.38650117,-13.20873182,2910.528
     -72.38650117,-13.20873182,2910.528
     -72.38650117,-13.20873182,2910.528
     -72.38650117,-13.20873182,2910.528
     -72.38650117,-13.20873182,2910.528
     -72.38650117,-13.20873182,2910.528
     -72.38650117,-13.20873182,2910.528
     -72.38650117,-13.20873182,2910.528
     -72.38650117,-13.20873182,2910.528
     -72.38650117,-13.20873182,2910.528
     -72.38650117,-13.20873182,2910.528
     -72.38650117,-13.20873182,2910.528
     -72.38650117,-13.20873182,2910.528
     -72.38650117,-13.20873182,2910.528
     -72.38650117,-13.20873182,2910.528
     -72.38650117,-13.20873182,2910.528
     -72.38650117,-13.20873182,2910.528
     -72.38650117,-13.20873182,2910.528
     -72.38650117,-13.20873182,2910.528
     -72.38650117,-13.20873182,2910.528
     -72.38650117,-13.20873182,2910.528
     -72.38650117,-13.20873182,2910.528
     -72.38650117,-13.20873182,2910.528
     -72.38650117,-13.20873182,2910.528
     -72.38650117,-13.20873182,2910.528
     -72.38650117,-13.20873182,2910.528
     -72.38650117,-13.20873182,2910.528
     -72.38650117,-13.20873182,2910.528
     -72.38650117,-13.20873182,2910.528
     -72.38650117,-13.20873182,2910.528
     -72.38650117,-13.20873182,2910.528
     -72.38650117,-13.20873182,2910.528
     -72.38650117,-13.20873182,2910.528
     -72.38650117,-13.20873182,2910.528
     -72.38650117,-13.20873182,2910.528
     -72.38650117,-13.20873182,2910.528
     -72.38650117,-13.20873182,2910.528
     -72.38650117,-13.20873182,2910.528
     -72.38650117,-13.20873182,2910.528
     -72.38650117,-13.20873182,2910.528
     -72.38650117,-13.20873182,2910.528
     -72.38650117,-13.20873182,2910.528
     -72.38650117,-13.20873182,2910.528
     -72.38650117,-13.20873182,2910.528
     -72.38650117,-13.20873182,2910.528
     -72.38650117,-13.20873182,2910.528
     -72.38650117,-13.20873182,2910.528
     -72.38650117,-13.20873182,2910.528
     -72.38650117,-13.20873182,2910.528
     -72.38650117,-13.20873182,2910.528
     -72.38650117,-13.20873182,2910.528
     -72.38650117,-13.20873182,2910.528
     -72.38650117,-13.20873182,2910.528
     -72.38650117,-13.20873182,2910.528
     -72.38650117,-13.20873182,2910.528
     -72.38650117,-13.20873182,2910.528
     -72.38650117,-13.20873182,2910.528
     -72.38650117,-13.20873182,2910.528
     -72.38650117,-13.20873182,2910.528
     -72.38650117,-13.20873182,2910.528
     -72.38650117,-13.20873182,2910.528
     -72.38650117,-13.20873182,2910.528
     -72.38650117,-13.20873182,2910.528
     -72.38650117,-13.20873182,2910.528
     -72.38650117,-13.20873182,2910.528
     -72.38650117,-13.20873182,2910.528
     -72.38650117,-13.20873182,2910.528
     -72.38650117,-13.20873182,2910.528
     -72.38650117,-13.20873182,2910.528
     -72.38650117,-13.20873182,2910.528
     -72.38650117,-13.20873182,2910.528
     -72.38650117,-13.20873182,2910.528
     -72.38650117,-13.20873182,2910.528
     -72.38650117,-13.20873182,2910.528
     -72.38650117,-13.20873182,2910.528
     -72.38650117,-13.20873182,2910.528
     -72.38650117,-13.20873182,2910.528
     -72.38650117,-13.20873182,2910.528
     -72.38650117,-13.20873182,2910.528
     -72.38650117,-13.20873182,2910.528
     -72.38650117,-13.20873182,2910.528
     -72.38650117,-13.20873182,2910.528
     -72.38650117,-13.20873182,2910.528
     -72.38650117,-13.20873182,2910.528
     -72.38650117,-13.20873182,2910.528
     -72.38650117,-13.20873182,2910.528
     -72.38650117,-13.20873182,2910.528
     -72.38650117,-13.20873182,2910.528
     -72.38650117,-13.20873182,2910.528
     -72.38650117,-13.20873182,2910.528
     -72.38650117,-13.20873182,2910.528
     -72.38650117,-13.20873182,2910.528
     -72.38650117,-13.20873182,2910.528
     -72.38649600,-13.20873545,2910.095
     -72.38649600,-13.20873547,2910.095
     -72.38649600,-13.20873547,2910.095
     -72.38649600,-13.20873547,2910.095
     -72.38649600,-13.20873547,2910.095
     -72.38649600,-13.20873547,2910.095
     -72.38649600,-13.20873547,2910.095
     -72.38649600,-13.20873547,2910.095
     -72.38649600,-13.20873547,2910.095
     -72.38649600,-13.20873547,2910.095
     -72.38649600,-13.20873547,2910.095
     -72.38649600,-13.20873547,2910.095
     -72.38649600,-13.20873547,2910.095
     -72.38649600,-13.20873547,2910.095
     -72.38649600,-13.20873547,2910.095
     -72.38649600,-13.20873547,2910.095
     -72.38649600,-13.20873547,2910.095
     -72.38649600,-13.20873547,2910.095
     -72.38649600,-13.20873547,2910.095
     -72.38649600,-13.20873547,2910.095
     -72.38649600,-13.20873547,2910.095
     -72.38649600,-13.20873547,2910.095
     -72.38649600,-13.20873547,2910.095
     -72.38649600,-13.20873547,2910.095
     -72.38649600,-13.20873547,2910.095
     -72.38649600,-13.20873547,2910.095
     -72.38649600,-13.20873547,2910.095
     -72.38649600,-13.20873547,2910.095
     -72.38649600,-13.20873547,2910.095
     -72.38649600,-13.20873547,2910.095
     -72.38649600,-13.20873547,2910.095
     -72.38649600,-13.20873547,2910.095
     -72.38649600,-13.20873547,2910.095
     -72.38649600,-13.20873547,2910.095
     -72.38649600,-13.20873547,2910.095
     -72.38649600,-13.20873547,2910.095
     -72.38649600,-13.20873547,2910.095
     -72.38649600,-13.20873547,2910.095
     -72.38649600,-13.20873547,2910.095
     -72.38649600,-13.20873547,2910.095
     -72.38649600,-13.20873547,2910.095
     -72.38649600,-13.20873547,2910.095
     -72.38649600,-13.20873547,2910.095
     -72.38649600,-13.20873547,2910.095
     -72.38649600,-13.20873547,2910.095
     -72.38649600,-13.20873547,2910.095
     -72.38649600,-13.20873547,2910.095
     -72.38649600,-13.20873547,2910.095
     -72.38649600,-13.20873547,2910.095
     -72.38649600,-13.20873547,2910.095
     -72.38649600,-13.20873547,2910.095
     -72.38649600,-13.20873547,2910.095
     -72.38649600,-13.20873547,2910.095
     -72.38649600,-13.20873547,2910.095
     -72.38649600,-13.20873547,2910.095
     -72.38649600,-13.20873547,2910.095
     -72.38649600,-13.20873547,2910.095
     -72.38649600,-13.20873547,2910.095
     -72.38649600,-13.20873547,2910.095
     -72.38649600,-13.20873547,2910.095
     -72.38649600,-13.20873547,2910.095
     -72.38649600,-13.20873547,2910.095
     -72.38649600,-13.20873547,2910.095
     -72.38649600,-13.20873547,2910.095
     -72.38649600,-13.20873547,2910.095
     -72.38649600,-13.20873547,2910.095
     -72.38649600,-13.20873547,2910.095
     -72.38649600,-13.20873547,2910.095
     -72.38649600,-13.20873547,2910.095
     -72.38649600,-13.20873547,2910.095
     -72.38649600,-13.20873547,2910.095
     -72.38649600,-13.20873547,2910.095
     -72.38649600,-13.20873547,2910.095
     -72.38649600,-13.20873547,2910.095
     -72.38649600,-13.20873547,2910.095
     -72.38649600,-13.20873547,2910.095
     -72.38649600,-13.20873547,2910.095
     -72.38649600,-13.20873547,2910.095
     -72.38649600,-13.20873547,2910.095
     -72.38649600,-13.20873547,2910.095
     -72.38649600,-13.20873547,2910.095
     -72.38649600,-13.20873547,2910.095
     -72.38649600,-13.20873547,2910.095
     -72.38649600,-13.20873547,2910.095
     -72.38649600,-13.20873547,2910.095
     -72.38649600,-13.20873547,2910.095
     -72.38649600,-13.20873547,2910.095
     -72.38649600,-13.20873547,2910.095
     -72.38649600,-13.20873547,2910.095
     -72.38649600,-13.20873547,2910.095
     -72.38649600,-13.20873547,2910.095
     -72.38649600,-13.20873547,2910.095
     -72.38649600,-13.20873547,2910.095
     -72.38649600,-13.20873547,2910.095
     -72.38649600,-13.20873547,2910.095
     -72.38649600,-13.20873547,2910.095
     -72.38649600,-13.20873547,2910.095
     -72.38649600,-13.20873547,2910.095
     -72.38649600,-13.20873547,2910.095
     -72.38649600,-13.20873547,2910.095
     -72.38649600,-13.20873547,2910.095
     -72.38649600,-13.20873547,2910.095
     -72.38649600,-13.20873547,2910.095
     -72.38649600,-13.20873547,2910.095
     -72.38649600,-13.20873547,2910.095
     -72.38649600,-13.20873547,2910.095
     -72.38649600,-13.20873547,2910.095
     -72.38649600,-13.20873547,2910.095
     -72.38649600,-13.20873547,2910.095
     -72.38649600,-13.20873547,2910.095
     -72.38649600,-13.20873547,2910.095
     -72.38649600,-13.20873547,2910.095
     -72.38649600,-13.20873547,2910.095
     -72.38649600,-13.20873547,2910.095
     -72.38649600,-13.20873547,2910.095
     -72.38649600,-13.20873547,2910.095
     -72.38649600,-13.20873547,2910.095
     -72.38649600,-13.20873547,2910.095
     -72.38649600,-13.20873547,2910.095
     -72.38649600,-13.20873547,2910.095
     -72.38649600,-13.20873547,2910.095
     -72.38649600,-13.20873547,2910.095
     -72.38649600,-13.20873547,2910.095
     -72.38649600,-13.20873547,2910.095
     -72.38649600,-13.20873547,2910.095
     -72.38649600,-13.20873547,2910.095
     -72.38649600,-13.20873547,2910.095
     -72.38649600,-13.20873547,2910.095
     -72.38649600,-13.20873547,2910.095
     -72.38649600,-13.20873547,2910.095
     -72.38649600,-13.20873547,2910.095
     -72.38649600,-13.20873547,2910.095
     -72.38649600,-13.20873547,2910.095
     -72.38649600,-13.20873547,2910.095
     -72.38649600,-13.20873547,2910.095
     -72.38649600,-13.20873547,2910.095
     -72.38649600,-13.20873547,2910.095
     -72.38649600,-13.20873547,2910.095
     -72.38649600,-13.20873547,2910.095
     -72.38649600,-13.20873547,2910.095
     -72.38649600,-13.20873547,2910.095
     -72.38649600,-13.20873547,2910.095
     -72.38649600,-13.20873547,2910.095
     -72.38649600,-13.20873547,2910.095
     -72.38649600,-13.20873547,2910.095
     -72.38649600,-13.20873547,2910.095
     -72.38649600,-13.20873547,2910.095
     -72.38649600,-13.20873547,2910.095
     -72.38649600,-13.20873547,2910.095
     -72.38649600,-13.20873547,2910.095
     -72.38649600,-13.20873547,2910.095
     -72.38649600,-13.20873547,2910.095
     -72.38649600,-13.20873547,2910.095
     -72.38649600,-13.20873547,2910.095
     -72.38649600,-13.20873547,2910.095
     -72.38649600,-13.20873547,2910.095
     -72.38649600,-13.20873547,2910.095
     -72.38649600,-13.20873547,2910.095
     -72.38649600,-13.20873547,2910.095
     -72.38649600,-13.20873547,2910.095
     -72.38649600,-13.20873547,2910.095
     -72.38649600,-13.20873547,2910.095
     -72.38649600,-13.20873547,2910.095
     -72.38649600,-13.20873547,2910.095
     -72.38649600,-13.20873547,2910.095
     -72.38649600,-13.20873547,2910.095
     -72.38649600,-13.20873547,2910.095
     -72.38649600,-13.20873547,2910.095
     -72.38649600,-13.20873547,2910.095
     -72.38649600,-13.20873547,2910.095
     -72.38649600,-13.20873547,2910.095
     -72.38649600,-13.20873547,2910.095
     -72.38649600,-13.20873547,2910.095
     -72.38649600,-13.20873547,2910.095
     -72.38649600,-13.20873547,2910.095
     -72.38649600,-13.20873547,2910.095
     -72.38649600,-13.20873547,2910.095
     -72.38649600,-13.20873547,2910.095
     -72.38649600,-13.20873547,2910.095
     -72.38649600,-13.20873547,2910.095
     -72.38649600,-13.20873547,2910.095
     -72.38649600,-13.20873547,2910.095
     -72.38649600,-13.20873547,2910.095
     -72.38649600,-13.20873547,2910.095
     -72.38649600,-13.20873547,2910.095
     -72.38649600,-13.20873547,2910.095
     -72.38649600,-13.20873547,2910.095
     -72.38649600,-13.20873547,2910.095
     -72.38649600,-13.20873547,2910.095
     -72.38649600,-13.20873547,2910.095
     -72.38649600,-13.20873547,2910.095
     -72.38649600,-13.20873547,2910.095
     -72.38649600,-13.20873547,2910.095
     -72.38649600,-13.20873547,2910.095
     -72.38649600,-13.20873547,2910.095
     -72.38649600,-13.20873547,2910.095
     -72.38649600,-13.20873547,2910.095
     -72.38649600,-13.20873547,2910.095
     -72.38649600,-13.20873547,2910.095
     -72.38649600,-13.20873547,2910.095
     -72.38649600,-13.20873547,2910.095
     -72.38649600,-13.20873547,2910.095
     -72.38649600,-13.20873547,2910.095
     -72.38649600,-13.20873547,2910.095
     -72.38649600,-13.20873547,2910.095
     -72.38649600,-13.20873547,2910.095
     -72.38649600,-13.20873547,2910.095
     -72.38649600,-13.20873547,2910.095
     -72.38649600,-13.20873547,2910.095
     -72.38649600,-13.20873547,2910.095
     -72.38649600,-13.20873547,2910.095
     -72.38649600,-13.20873547,2910.095
     -72.38649600,-13.20873547,2910.095
     -72.38649600,-13.20873547,2910.095
     -72.38649600,-13.20873547,2910.095
     -72.38649600,-13.20873547,2910.095
     -72.38649600,-13.20873547,2910.095
     -72.38649600,-13.20873547,2910.095
     -72.38649600,-13.20873547,2910.095
     -72.38649600,-13.20873547,2910.095
     -72.38649600,-13.20873547,2910.095
     -72.38649600,-13.20873547,2910.095
     -72.38649600,-13.20873547,2910.095
     -72.38649600,-13.20873547,2910.095
     -72.38649600,-13.20873547,2910.095
     -72.38649600,-13.20873547,2910.095
     -72.38649600,-13.20873547,2910.095
     -72.38649600,-13.20873547,2910.095
     -72.38649600,-13.20873547,2910.095
     -72.38649600,-13.20873547,2910.095
     -72.38649600,-13.20873547,2910.095
     -72.38649600,-13.20873547,2910.095
     -72.38649600,-13.20873547,2910.095
     -72.38649600,-13.20873547,2910.095
     -72.38649600,-13.20873547,2910.095
     -72.38649600,-13.20873547,2910.095
     -72.38649600,-13.20873547,2910.095
     -72.38649600,-13.20873547,2910.095
     -72.38649600,-13.20873547,2910.095
     -72.38649600,-13.20873547,2910.095
     -72.38649600,-13.20873547,2910.095
     -72.38649600,-13.20873547,2910.095
     -72.38649600,-13.20873547,2910.095
     -72.38649600,-13.20873547,2910.095
     -72.38649600,-13.20873547,2910.095
     -72.38649600,-13.20873547,2910.095
     -72.38649600,-13.20873547,2910.095
     -72.38649600,-13.20873547,2910.095
     -72.38649600,-13.20873547,2910.095
     -72.38649600,-13.20873547,2910.095
     -72.38649600,-13.20873547,2910.095
     -72.38649600,-13.20873547,2910.095
     -72.38649600,-13.20873547,2910.095
     -72.38649600,-13.20873547,2910.095
     -72.38649600,-13.20873547,2910.095
     -72.38649600,-13.20873547,2910.095
     -72.38649600,-13.20873547,2910.095
     -72.38649600,-13.20873547,2910.095
     -72.38649600,-13.20873547,2910.095
     -72.38649600,-13.20873547,2910.095
     -72.38649600,-13.20873547,2910.095
     -72.38649600,-13.20873547,2910.095
     -72.38649600,-13.20873547,2910.095
     -72.38649600,-13.20873547,2910.095
     -72.38649600,-13.20873547,2910.095
     -72.38649600,-13.20873547,2910.095
     -72.38649600,-13.20873547,2910.095
     -72.38649600,-13.20873547,2910.095
     -72.38649600,-13.20873547,2910.095
     -72.38649600,-13.20873547,2910.095
     -72.38649600,-13.20873547,2910.095
     -72.38649600,-13.20873547,2910.095
     -72.38649600,-13.20873547,2910.095
     -72.38649600,-13.20873547,2910.095
     -72.38649600,-13.20873547,2910.095
     -72.38649600,-13.20873547,2910.095
     -72.38649600,-13.20873547,2910.095
     -72.38649600,-13.20873547,2910.095
     -72.38649600,-13.20873547,2910.095
     -72.38649600,-13.20873547,2910.095
     -72.38649600,-13.20873547,2910.095
     -72.38649600,-13.20873547,2910.095
     -72.38649600,-13.20873547,2910.095
     -72.38649600,-13.20873547,2910.095
     -72.38649600,-13.20873547,2910.095
     -72.38649600,-13.20873547,2910.095
     -72.38649600,-13.20873547,2910.095
     -72.38649600,-13.20873547,2910.095
     -72.38649600,-13.20873547,2910.095
     -72.38649600,-13.20873547,2910.095
     -72.38649600,-13.20873547,2910.095
     -72.38649600,-13.20873547,2910.095
     -72.38649600,-13.20873547,2910.095
     -72.38649600,-13.20873547,2910.095
     -72.38649600,-13.20873547,2910.095
     -72.38649600,-13.20873547,2910.095
     -72.38649600,-13.20873547,2910.095
     -72.38649600,-13.20873547,2910.095
     -72.38649600,-13.20873547,2910.095
     -72.38649600,-13.20873547,2910.095
     -72.38649600,-13.20873547,2910.095
     -72.38649600,-13.20873547,2910.095
     -72.38649600,-13.20873547,2910.095
     -72.38649600,-13.20873547,2910.095
     -72.38649600,-13.20873547,2910.095
     -72.38649600,-13.20873547,2910.095
     -72.38649600,-13.20873547,2910.095
     -72.38649600,-13.20873547,2910.095
     -72.38649600,-13.20873547,2910.095
     -72.38649600,-13.20873547,2910.095
     -72.38649600,-13.20873547,2910.095
     -72.38649600,-13.20873547,2910.095
     -72.38649600,-13.20873547,2910.095
     -72.38649600,-13.20873547,2910.095
     -72.38649600,-13.20873547,2910.095
     -72.38649600,-13.20873547,2910.095
     -72.38649600,-13.20873547,2910.095
     -72.38649600,-13.20873547,2910.095
     -72.38649600,-13.20873547,2910.095
     -72.38649600,-13.20873547,2910.095
     -72.38649600,-13.20873547,2910.095
     -72.38649600,-13.20873547,2910.095
     -72.38649600,-13.20873547,2910.095
     -72.38649600,-13.20873547,2910.095
     -72.38649600,-13.20873547,2910.095
     -72.38649600,-13.20873547,2910.095
     -72.38649600,-13.20873547,2910.095
     -72.38649600,-13.20873547,2910.095
     -72.38649600,-13.20873547,2910.095
     -72.38649600,-13.20873547,2910.095
     -72.38649600,-13.20873547,2910.095
     -72.38649600,-13.20873547,2910.095
     -72.38649600,-13.20873547,2910.095
     -72.38649600,-13.20873547,2910.095
     -72.38649600,-13.20873547,2910.095
     -72.38649600,-13.20873547,2910.095
     -72.38649600,-13.20873547,2910.095
     -72.38649600,-13.20873547,2910.095
     -72.38649600,-13.20873547,2910.095
     -72.38649600,-13.20873547,2910.095
     -72.38649600,-13.20873547,2910.095
     -72.38649600,-13.20873547,2910.095
     -72.38649600,-13.20873547,2910.095
     -72.38649600,-13.20873547,2910.095
     -72.38649600,-13.20873547,2910.095
     -72.38649600,-13.20873547,2910.095
     -72.38649600,-13.20873547,2910.095
     -72.38649600,-13.20873547,2910.095
     -72.38649600,-13.20873547,2910.095
     -72.38649600,-13.20873547,2910.095
     -72.38649600,-13.20873547,2910.095
     -72.38649600,-13.20873547,2910.095
     -72.38649600,-13.20873547,2910.095
     -72.38649600,-13.20873547,2910.095
     -72.38649600,-13.20873547,2910.095
     -72.38649600,-13.20873547,2910.095
     -72.38649600,-13.20873547,2910.095
     -72.38649600,-13.20873547,2910.095
     -72.38649600,-13.20873547,2910.095
     -72.38649600,-13.20873547,2910.095
     -72.38649600,-13.20873547,2910.095
     -72.38649600,-13.20873547,2910.095
     -72.38649600,-13.20873547,2910.095
     -72.38649600,-13.20873547,2910.095
     -72.38649600,-13.20873547,2910.095
     -72.38649600,-13.20873547,2910.095
     -72.38649600,-13.20873547,2910.095
     -72.38649600,-13.20873547,2910.095
     -72.38649600,-13.20873547,2910.095
     -72.38649600,-13.20873547,2910.095
     -72.38649600,-13.20873547,2910.095
     -72.38649600,-13.20873547,2910.095
     -72.38649600,-13.20873547,2910.095
     -72.38649600,-13.20873547,2910.095
     -72.38649600,-13.20873547,2910.095
     -72.38649600,-13.20873547,2910.095
     -72.38649600,-13.20873547,2910.095
     -72.38649600,-13.20873547,2910.095
     -72.38649600,-13.20873547,2910.095
     -72.38649600,-13.20873547,2910.095
     -72.38649600,-13.20873547,2910.095
     -72.38649600,-13.20873547,2910.095
     -72.38649600,-13.20873547,2910.095
     -72.38649600,-13.20873547,2910.095
     -72.38649600,-13.20873547,2910.095
     -72.38649600,-13.20873547,2910.095
     -72.38649600,-13.20873547,2910.095
     -72.38649600,-13.20873547,2910.095
     -72.38649600,-13.20873547,2910.095
     -72.38649600,-13.20873547,2910.095
     -72.38649600,-13.20873547,2910.095
     -72.38649600,-13.20873547,2910.095
     -72.38649600,-13.20873547,2910.095
     -72.38649600,-13.20873547,2910.095
     -72.38649600,-13.20873547,2910.095
     -72.38649600,-13.20873547,2910.095
     -72.38649600,-13.20873547,2910.095
     -72.38649600,-13.20873547,2910.095
     -72.38649600,-13.20873547,2910.095
     -72.38649600,-13.20873547,2910.095
     -72.38649600,-13.20873547,2910.095
     -72.38649600,-13.20873547,2910.095
     -72.38649600,-13.20873547,2910.095
     -72.38649600,-13.20873547,2910.095
     -72.38649600,-13.20873547,2910.095
     -72.38649600,-13.20873547,2910.095
     -72.38649600,-13.20873547,2910.095
     -72.38649600,-13.20873547,2910.095
     -72.38649600,-13.20873547,2910.095
     -72.38649600,-13.20873547,2910.095
     -72.38649600,-13.20873547,2910.095
     -72.38649600,-13.20873547,2910.095
     -72.38649600,-13.20873547,2910.095
     -72.38649600,-13.20873547,2910.095
     -72.38649600,-13.20873547,2910.095
     -72.38649600,-13.20873547,2910.095
     -72.38649600,-13.20873547,2910.095
     -72.38649600,-13.20873547,2910.095
     -72.38649600,-13.20873547,2910.095
     -72.38649600,-13.20873547,2910.095
     -72.38649600,-13.20873547,2910.095
     -72.38649600,-13.20873547,2910.095
     -72.38649600,-13.20873547,2910.095
     -72.38649600,-13.20873547,2910.095
     -72.38649600,-13.20873547,2910.095
     -72.38649600,-13.20873547,2910.095
     -72.38649600,-13.20873547,2910.095
     -72.38649600,-13.20873547,2910.095
     -72.38649600,-13.20873547,2910.095
     -72.38649600,-13.20873547,2910.095
     -72.38649600,-13.20873547,2910.095
     -72.38649600,-13.20873547,2910.095
     -72.38649600,-13.20873547,2910.095
     -72.38649600,-13.20873547,2910.095
     -72.38649600,-13.20873547,2910.095
     -72.38649600,-13.20873547,2910.095
     -72.38649600,-13.20873547,2910.095
     -72.38649600,-13.20873547,2910.095
     -72.38649600,-13.20873547,2910.095
     -72.38649600,-13.20873547,2910.095
     -72.38649600,-13.20873547,2910.095
     -72.38649600,-13.20873547,2910.095
     -72.38649600,-13.20873547,2910.095
     -72.38649600,-13.20873547,2910.095
     -72.38649600,-13.20873547,2910.095
     -72.38649600,-13.20873547,2910.095
     -72.38649600,-13.20873547,2910.095
     -72.38649600,-13.20873547,2910.095
     -72.38649600,-13.20873547,2910.095
     -72.38649600,-13.20873547,2910.095
     -72.38649600,-13.20873547,2910.095
     -72.38649600,-13.20873547,2910.095
     -72.38649600,-13.20873547,2910.095
     -72.38649600,-13.20873547,2910.095
     -72.38649600,-13.20873547,2910.095
     -72.38649600,-13.20873547,2910.095
     -72.38649600,-13.20873547,2910.095
     -72.38649600,-13.20873547,2910.095
     -72.38649600,-13.20873547,2910.095
     -72.38649600,-13.20873547,2910.095
     -72.38649600,-13.20873547,2910.095
     -72.38649600,-13.20873547,2910.095
     -72.38649600,-13.20873547,2910.095
     -72.38649600,-13.20873547,2910.095
     -72.38649600,-13.20873547,2910.095
     -72.38649600,-13.20873547,2910.095
     -72.38649600,-13.20873547,2910.095
     -72.38649600,-13.20873547,2910.095
     -72.38649600,-13.20873547,2910.095
     -72.38649600,-13.20873547,2910.095
     -72.38649600,-13.20873547,2910.095
     -72.38649600,-13.20873547,2910.095
     -72.38649600,-13.20873547,2910.095
     -72.38649600,-13.20873547,2910.095
     -72.38649600,-13.20873547,2910.095
     -72.38649600,-13.20873547,2910.095
     -72.38649600,-13.20873547,2910.095
     -72.38649600,-13.20873547,2910.095
     -72.38649600,-13.20873547,2910.095
     -72.38649600,-13.20873547,2910.095
     -72.38649600,-13.20873547,2910.095
     -72.38649600,-13.20873547,2910.095
     -72.38649600,-13.20873547,2910.095
     -72.38649600,-13.20873547,2910.095
     -72.38649600,-13.20873547,2910.095
     -72.38649600,-13.20873547,2910.095
     -72.38649600,-13.20873547,2910.095
     -72.38649600,-13.20873547,2910.095
     -72.38649600,-13.20873547,2910.095
     -72.38649600,-13.20873547,2910.095
     -72.38649600,-13.20873547,2910.095
     -72.38649600,-13.20873547,2910.095
     -72.38649600,-13.20873547,2910.095
     -72.38649600,-13.20873547,2910.095
     -72.38649600,-13.20873547,2910.095
     -72.38649600,-13.20873547,2910.095
     -72.38649600,-13.20873547,2910.095
     -72.38649600,-13.20873547,2910.095
     -72.38649600,-13.20873547,2910.095
     -72.38649600,-13.20873547,2910.095
     -72.38649600,-13.20873547,2910.095
     -72.38649600,-13.20873547,2910.095
     -72.38649600,-13.20873547,2910.095
     -72.38649600,-13.20873547,2910.095
     -72.38649600,-13.20873547,2910.095
     -72.38649600,-13.20873547,2910.095
     -72.38649600,-13.20873547,2910.095
     -72.38649600,-13.20873547,2910.095
     -72.38649600,-13.20873547,2910.095
     -72.38649600,-13.20873547,2910.095
     -72.38649600,-13.20873547,2910.095
     -72.38649600,-13.20873547,2910.095
     -72.38649600,-13.20873547,2910.095
     -72.38649600,-13.20873547,2910.095
     -72.38649600,-13.20873547,2910.095
     -72.38649600,-13.20873547,2910.095
     -72.38649600,-13.20873547,2910.095
     -72.38649600,-13.20873547,2910.095
     -72.38649600,-13.20873547,2910.095
     -72.38649600,-13.20873547,2910.095
     -72.38649600,-13.20873547,2910.095
     -72.38649600,-13.20873547,2910.095
     -72.38649600,-13.20873547,2910.095
     -72.38649600,-13.20873547,2910.095
     -72.38649600,-13.20873547,2910.095
     -72.38649600,-13.20873547,2910.095
     -72.38649600,-13.20873547,2910.095
     -72.38649600,-13.20873547,2910.095
     -72.38649600,-13.20873547,2910.095
     -72.38649600,-13.20873547,2910.095
     -72.38649600,-13.20873547,2910.095
     -72.38649600,-13.20873547,2910.095
     -72.38649600,-13.20873547,2910.095
     -72.38649600,-13.20873547,2910.095
     -72.38649600,-13.20873547,2910.095
     -72.38649600,-13.20873547,2910.095
     -72.38649600,-13.20873547,2910.095
     -72.38649600,-13.20873547,2910.095
     -72.38649600,-13.20873547,2910.095
     -72.38649600,-13.20873547,2910.095
     -72.38649600,-13.20873547,2910.095
     -72.38649600,-13.20873547,2910.095
     -72.38649600,-13.20873547,2910.095
     -72.38649600,-13.20873547,2910.095
     -72.38649600,-13.20873547,2910.095
     -72.38649600,-13.20873547,2910.095
     -72.38649600,-13.20873547,2910.095
     -72.38649600,-13.20873547,2910.095
     -72.38649600,-13.20873547,2910.095
     -72.38649600,-13.20873547,2910.095
     -72.38649600,-13.20873547,2910.095
     -72.38649600,-13.20873547,2910.095
     -72.38649600,-13.20873547,2910.095
     -72.38649600,-13.20873547,2910.095
     -72.38649600,-13.20873547,2910.095
     -72.38649600,-13.20873547,2910.095
     -72.38649600,-13.20873547,2910.095
     -72.38649600,-13.20873547,2910.095
     -72.38649600,-13.20873547,2910.095
     -72.38649600,-13.20873547,2910.095
     -72.38649600,-13.20873547,2910.095
     -72.38649600,-13.20873547,2910.095
     -72.38649600,-13.20873547,2910.095
     -72.38649600,-13.20873547,2910.095
     -72.38649600,-13.20873547,2910.095
     -72.38649600,-13.20873547,2910.095
     -72.38649600,-13.20873547,2910.095
     -72.38649600,-13.20873547,2910.095
     -72.38649600,-13.20873547,2910.095
     -72.38649600,-13.20873547,2910.095
     -72.38649600,-13.20873547,2910.095
     -72.38649600,-13.20873547,2910.095
     -72.38649600,-13.20873547,2910.095
     -72.38649600,-13.20873547,2910.095
     -72.38649600,-13.20873547,2910.095
     -72.38649600,-13.20873547,2910.095
     -72.38649600,-13.20873547,2910.095
     -72.38649600,-13.20873547,2910.095
     -72.38649600,-13.20873547,2910.095
     -72.38649600,-13.20873547,2910.095
     -72.38649600,-13.20873547,2910.095
     -72.38649600,-13.20873547,2910.095
     -72.38649600,-13.20873547,2910.095
     -72.38649600,-13.20873547,2910.095
     -72.38649600,-13.20873547,2910.095
     -72.38649600,-13.20873547,2910.095
     -72.38649600,-13.20873547,2910.095
     -72.38649600,-13.20873547,2910.095
     -72.38649600,-13.20873547,2910.095
     -72.38649600,-13.20873547,2910.095
     -72.38649600,-13.20873547,2910.095
     -72.38649600,-13.20873547,2910.095
     -72.38649600,-13.20873547,2910.095
     -72.38649600,-13.20873547,2910.095
     -72.38649600,-13.20873547,2910.095
     -72.38649600,-13.20873547,2910.095
     -72.38649600,-13.20873547,2910.095
     -72.38649600,-13.20873547,2910.095
     -72.38649600,-13.20873547,2910.095
     -72.38649600,-13.20873547,2910.095
     -72.38649600,-13.20873547,2910.095
     -72.38649600,-13.20873547,2910.095
     -72.38649600,-13.20873547,2910.095
     -72.38649600,-13.20873547,2910.095
     -72.38649600,-13.20873547,2910.095
     -72.38649600,-13.20873547,2910.095
     -72.38649600,-13.20873547,2910.095
     -72.38649600,-13.20873547,2910.095
     -72.38649600,-13.20873547,2910.095
     -72.38649600,-13.20873547,2910.095
     -72.38649600,-13.20873547,2910.095
     -72.38649600,-13.20873547,2910.095
     -72.38649600,-13.20873547,2910.095
     -72.38649600,-13.20873547,2910.095
     -72.38649600,-13.20873547,2910.095
     -72.38649600,-13.20873547,2910.095
     -72.38649600,-13.20873547,2910.095
     -72.38649600,-13.20873547,2910.095
     -72.38649600,-13.20873547,2910.095
     -72.38649600,-13.20873547,2910.095
     -72.38649600,-13.20873547,2910.095
     -72.38649600,-13.20873547,2910.095
     -72.38649600,-13.20873547,2910.095
     -72.38649600,-13.20873547,2910.095
     -72.38649600,-13.20873547,2910.095
     -72.38649600,-13.20873547,2910.095
     -72.38649600,-13.20873547,2910.095
     -72.38649600,-13.20873547,2910.095
     -72.38649600,-13.20873547,2910.095
     -72.38649600,-13.20873547,2910.095
     -72.38649600,-13.20873547,2910.095
     -72.38649600,-13.20873547,2910.095
     -72.38649600,-13.20873547,2910.095
     -72.38649600,-13.20873547,2910.095
     -72.38649600,-13.20873547,2910.095
     -72.38649600,-13.20873547,2910.095
     -72.38649600,-13.20873547,2910.095
     -72.38649600,-13.20873547,2910.095
     -72.38649600,-13.20873547,2910.095
     -72.38649600,-13.20873547,2910.095
     -72.38649600,-13.20873547,2910.095
     -72.38649600,-13.20873547,2910.095
     -72.38649600,-13.20873547,2910.095
     -72.38649600,-13.20873547,2910.095
     -72.38649600,-13.20873547,2910.095
     -72.38649600,-13.20873547,2910.095
     -72.38649600,-13.20873547,2910.095
     -72.38649600,-13.20873547,2910.095
     -72.38649600,-13.20873547,2910.095
     -72.38649600,-13.20873547,2910.095
     -72.38649600,-13.20873547,2910.095
     -72.38649600,-13.20873547,2910.095
     -72.38649600,-13.20873547,2910.095
     -72.38649600,-13.20873547,2910.095
     -72.38649600,-13.20873547,2910.095
     -72.38649600,-13.20873547,2910.095
     -72.38649600,-13.20873547,2910.095
     -72.38649600,-13.20873547,2910.095
     -72.38649600,-13.20873547,2910.095
     -72.38649600,-13.20873547,2910.095
     -72.38649600,-13.20873547,2910.095
     -72.38649600,-13.20873547,2910.095
     -72.38649600,-13.20873547,2910.095
     -72.38649600,-13.20873547,2910.095
     -72.38649600,-13.20873547,2910.095
     -72.38649600,-13.20873547,2910.095
     -72.38649600,-13.20873547,2910.095
     -72.38649600,-13.20873547,2910.095
     -72.38649600,-13.20873547,2910.095
     -72.38649600,-13.20873547,2910.095
     -72.38649600,-13.20873547,2910.095
     -72.38649600,-13.20873547,2910.095
     -72.38649600,-13.20873547,2910.095
     -72.38649600,-13.20873547,2910.095
     -72.38649600,-13.20873547,2910.095
     -72.38649600,-13.20873547,2910.095
     -72.38649600,-13.20873547,2910.095
     -72.38649600,-13.20873547,2910.095
     -72.38649600,-13.20873547,2910.095
     -72.38649600,-13.20873547,2910.095
     -72.38649600,-13.20873547,2910.095
     -72.38649600,-13.20873547,2910.095
     -72.38649600,-13.20873547,2910.095
     -72.38649600,-13.20873547,2910.095
     -72.38649600,-13.20873547,2910.095
     -72.38649600,-13.20873547,2910.095
     -72.38649600,-13.20873547,2910.095
     -72.38649600,-13.20873547,2910.095
     -72.38649600,-13.20873547,2910.095
     -72.38649600,-13.20873547,2910.095
     -72.38649600,-13.20873547,2910.095
     -72.38649600,-13.20873547,2910.095
     -72.38649600,-13.20873547,2910.095
     -72.38649600,-13.20873547,2910.095
     -72.38649600,-13.20873547,2910.095
     -72.38649600,-13.20873547,2910.095
     -72.38649600,-13.20873547,2910.095
     -72.38649600,-13.20873547,2910.095
     -72.38649600,-13.20873547,2910.095
     -72.38649600,-13.20873547,2910.095
     -72.38649600,-13.20873547,2910.095
     -72.38649600,-13.20873547,2910.095
     -72.38649600,-13.20873547,2910.095
     -72.38649600,-13.20873547,2910.095
     -72.38649600,-13.20873547,2910.095
     -72.38649600,-13.20873547,2910.095
     -72.38649600,-13.20873547,2910.095
     -72.38649600,-13.20873547,2910.095
     -72.38649600,-13.20873547,2910.095
     -72.38649600,-13.20873547,2910.095
     -72.38649600,-13.20873547,2910.095
     -72.38649600,-13.20873547,2910.095
     -72.38649600,-13.20873547,2910.095
     -72.38649600,-13.20873547,2910.095
     -72.38649600,-13.20873547,2910.095
     -72.38649600,-13.20873547,2910.095
     -72.38649600,-13.20873547,2910.095
     -72.38649600,-13.20873547,2910.095
     -72.38649600,-13.20873547,2910.095
     -72.38649600,-13.20873547,2910.095
     -72.38649600,-13.20873547,2910.095
     -72.38649600,-13.20873547,2910.095
     -72.38649600,-13.20873547,2910.095
     -72.38649600,-13.20873547,2910.095
     -72.38649600,-13.20873547,2910.095
     -72.38649600,-13.20873547,2910.095
     -72.38649600,-13.20873547,2910.095
     -72.38649600,-13.20873547,2910.095
     -72.38649600,-13.20873547,2910.095
     -72.38649600,-13.20873547,2910.095
     -72.38649600,-13.20873547,2910.095
     -72.38649600,-13.20873547,2910.095
     -72.38649600,-13.20873547,2910.095
     -72.38649600,-13.20873547,2910.095
     -72.38649600,-13.20873547,2910.095
     -72.38649600,-13.20873547,2910.095
     -72.38649600,-13.20873547,2910.095
     -72.38649600,-13.20873547,2910.095
     -72.38649600,-13.20873547,2910.095
     -72.38649600,-13.20873547,2910.095
     -72.38649600,-13.20873547,2910.095
     -72.38649600,-13.20873547,2910.095
     -72.38649600,-13.20873547,2910.095
     -72.38649600,-13.20873547,2910.095
     -72.38649600,-13.20873547,2910.095
     -72.38649600,-13.20873547,2910.095
     -72.38649600,-13.20873547,2910.095
     -72.38649600,-13.20873547,2910.095
     -72.38649600,-13.20873547,2910.095
     -72.38649600,-13.20873547,2910.095
     -72.38649600,-13.20873547,2910.095
     -72.38649600,-13.20873547,2910.095
     -72.38649600,-13.20873547,2910.095
     -72.38649600,-13.20873547,2910.095
     -72.38649600,-13.20873547,2910.095
     -72.38650233,-13.20874783,2911.361
     -72.38650235,-13.20874783,2911.361
     -72.38650235,-13.20874783,2911.361
     -72.38650235,-13.20874783,2911.361
     -72.38650235,-13.20874783,2911.361
     -72.38650235,-13.20874783,2911.361
     -72.38650235,-13.20874783,2911.361
     -72.38650235,-13.20874783,2911.361
     -72.38650235,-13.20874783,2911.361
     -72.38650235,-13.20874783,2911.361
     -72.38650235,-13.20874783,2911.361
     -72.38650235,-13.20874783,2911.361
     -72.38650235,-13.20874783,2911.361
     -72.38650235,-13.20874783,2911.361
     -72.38650235,-13.20874783,2911.361
     -72.38650235,-13.20874783,2911.361
     -72.38650235,-13.20874783,2911.361
     -72.38650235,-13.20874783,2911.361
     -72.38650235,-13.20874783,2911.361
     -72.38650235,-13.20874783,2911.361
     -72.38650235,-13.20874783,2911.361
     -72.38650235,-13.20874783,2911.361
     -72.38650235,-13.20874783,2911.361
     -72.38650235,-13.20874783,2911.361
     -72.38650235,-13.20874783,2911.361
     -72.38650235,-13.20874783,2911.361
     -72.38650235,-13.20874783,2911.361
     -72.38650235,-13.20874783,2911.361
     -72.38650235,-13.20874783,2911.361
     -72.38650235,-13.20874783,2911.361
     -72.38650235,-13.20874783,2911.361
     -72.38650235,-13.20874783,2911.361
     -72.38650235,-13.20874783,2911.361
     -72.38650235,-13.20874783,2911.361
     -72.38650235,-13.20874783,2911.361
     -72.38650235,-13.20874783,2911.361
     -72.38650235,-13.20874783,2911.361
     -72.38650235,-13.20874783,2911.361
     -72.38650235,-13.20874783,2911.361
     -72.38650235,-13.20874783,2911.361
     -72.38650235,-13.20874783,2911.361
     -72.38650193,-13.20873907,2910.572
     -72.38650193,-13.20873907,2910.572
     -72.38650193,-13.20873907,2910.572
     -72.38650193,-13.20873907,2910.572
     -72.38650193,-13.20873907,2910.572
     -72.38650193,-13.20873907,2910.572
     -72.38650193,-13.20873907,2910.572
     -72.38650193,-13.20873907,2910.572
     -72.38650193,-13.20873907,2910.572
     -72.38650193,-13.20873907,2910.572
     -72.38650193,-13.20873907,2910.572
     -72.38650193,-13.20873907,2910.572
     -72.38650193,-13.20873907,2910.572
     -72.38650193,-13.20873907,2910.572
     -72.38650193,-13.20873907,2910.572
     -72.38650193,-13.20873907,2910.572
     -72.38650193,-13.20873907,2910.572
     -72.38650193,-13.20873907,2910.572
     -72.38650193,-13.20873907,2910.572
     -72.38650193,-13.20873907,2910.572
     -72.38650193,-13.20873907,2910.572
     -72.38650193,-13.20873907,2910.572
     -72.38650193,-13.20873907,2910.572
     -72.38650193,-13.20873907,2910.572
     -72.38650193,-13.20873907,2910.572
     -72.38650193,-13.20873907,2910.572
     -72.38650193,-13.20873907,2910.572
     -72.38650193,-13.20873907,2910.572
     -72.38650193,-13.20873907,2910.572
     -72.38650193,-13.20873907,2910.572
     -72.38650193,-13.20873907,2910.572
     -72.38650193,-13.20873907,2910.572
     -72.38650193,-13.20873907,2910.572
     -72.38650193,-13.20873907,2910.572
     -72.38650193,-13.20873907,2910.572
     -72.38650193,-13.20873907,2910.572
     -72.38650193,-13.20873907,2910.572
     -72.38650193,-13.20873907,2910.572
     -72.38650193,-13.20873907,2910.572
     -72.38650193,-13.20873907,2910.572
     -72.38650193,-13.20873907,2910.572
     -72.38650193,-13.20873907,2910.572
     -72.38650193,-13.20873907,2910.572
     -72.38650193,-13.20873907,2910.572
     -72.38650193,-13.20873907,2910.572
     -72.38650193,-13.20873907,2910.572
     -72.38650193,-13.20873907,2910.572
     -72.38650193,-13.20873907,2910.572
     -72.38650193,-13.20873907,2910.572
     -72.38650193,-13.20873907,2910.572
     -72.38650193,-13.20873907,2910.572
     -72.38650193,-13.20873907,2910.572
     -72.38650193,-13.20873907,2910.572
     -72.38650193,-13.20873907,2910.572
     -72.38650193,-13.20873907,2910.572
     -72.38650193,-13.20873907,2910.572
     -72.38650193,-13.20873907,2910.572
     -72.38650193,-13.20873907,2910.572
     -72.38650193,-13.20873907,2910.572
     -72.38650193,-13.20873907,2910.572
     -72.38650193,-13.20873907,2910.572
     -72.38650193,-13.20873907,2910.572
     -72.38650193,-13.20873907,2910.572
     -72.38650193,-13.20873907,2910.572
     -72.38650193,-13.20873907,2910.572
     -72.38650193,-13.20873907,2910.572
     -72.38650193,-13.20873907,2910.572
     -72.38650193,-13.20873907,2910.572
     -72.38650193,-13.20873907,2910.572
     -72.38650193,-13.20873907,2910.572
     -72.38650193,-13.20873907,2910.572
     -72.38650193,-13.20873907,2910.572
     -72.38650193,-13.20873907,2910.572
     -72.38650193,-13.20873907,2910.572
     -72.38650193,-13.20873907,2910.572
     -72.38650193,-13.20873907,2910.572
     -72.38650193,-13.20873907,2910.572
     -72.38650193,-13.20873907,2910.572
     -72.38650193,-13.20873907,2910.572
     -72.38650193,-13.20873907,2910.572
     -72.38650193,-13.20873907,2910.572
     -72.38650193,-13.20873907,2910.572
     -72.38650193,-13.20873907,2910.572
     -72.38650193,-13.20873907,2910.572
     -72.38650193,-13.20873907,2910.572
     -72.38650193,-13.20873907,2910.572
     -72.38650193,-13.20873907,2910.572
     -72.38650193,-13.20873907,2910.572
     -72.38650193,-13.20873907,2910.572
     -72.38650193,-13.20873907,2910.572
     -72.38650193,-13.20873907,2910.572
     -72.38650193,-13.20873907,2910.572
     -72.38650193,-13.20873907,2910.572
     -72.38650193,-13.20873907,2910.572
     -72.38650193,-13.20873907,2910.572
     -72.38650193,-13.20873907,2910.572
     -72.38650193,-13.20873907,2910.572
     -72.38650193,-13.20873907,2910.572
     -72.38650193,-13.20873907,2910.572
     -72.38650193,-13.20873907,2910.572
     -72.38650193,-13.20873907,2910.572
     -72.38650193,-13.20873907,2910.572
     -72.38650193,-13.20873907,2910.572
     -72.38650193,-13.20873907,2910.572
     -72.38650193,-13.20873907,2910.572
     -72.38650193,-13.20873907,2910.572
     -72.38650193,-13.20873907,2910.572
     -72.38650193,-13.20873907,2910.572
     -72.38650193,-13.20873907,2910.572
     -72.38650193,-13.20873907,2910.572
     -72.38650193,-13.20873907,2910.572
     -72.38650193,-13.20873907,2910.572
     -72.38650193,-13.20873907,2910.572
     -72.38650193,-13.20873907,2910.572
     -72.38650193,-13.20873907,2910.572
     -72.38650193,-13.20873907,2910.572
     -72.38650193,-13.20873907,2910.572
     -72.38650193,-13.20873907,2910.572
     -72.38650193,-13.20873907,2910.572
     -72.38650193,-13.20873907,2910.572
     -72.38650193,-13.20873907,2910.572
     -72.38650193,-13.20873907,2910.572
     -72.38650193,-13.20873907,2910.572
     -72.38650193,-13.20873907,2910.572
     -72.38650193,-13.20873907,2910.572
     -72.38650193,-13.20873907,2910.572
     -72.38650193,-13.20873907,2910.572
     -72.38650193,-13.20873907,2910.572
     -72.38650193,-13.20873907,2910.572
     -72.38650193,-13.20873907,2910.572
     -72.38650193,-13.20873907,2910.572
     -72.38650193,-13.20873907,2910.572
     -72.38650193,-13.20873907,2910.572
     -72.38650193,-13.20873907,2910.572
     -72.38650193,-13.20873907,2910.572
     -72.38650193,-13.20873907,2910.572
     -72.38650193,-13.20873907,2910.572
     -72.38650193,-13.20873907,2910.572
     -72.38650193,-13.20873907,2910.572
     -72.38650193,-13.20873907,2910.572
     -72.38650193,-13.20873907,2910.572
     -72.38650193,-13.20873907,2910.572
     -72.38650193,-13.20873907,2910.572
     -72.38650193,-13.20873907,2910.572
     -72.38650193,-13.20873907,2910.572
     -72.38650193,-13.20873907,2910.572
     -72.38650193,-13.20873907,2910.572
     -72.38650193,-13.20873907,2910.572
     -72.38650193,-13.20873907,2910.572
     -72.38650193,-13.20873907,2910.572
     -72.38650193,-13.20873907,2910.572
     -72.38650193,-13.20873907,2910.572
     -72.38650193,-13.20873907,2910.572
     -72.38650193,-13.20873907,2910.572
     -72.38650193,-13.20873907,2910.572
     -72.38650193,-13.20873907,2910.572
     -72.38650193,-13.20873907,2910.572
     -72.38650193,-13.20873907,2910.572
     -72.38650193,-13.20873907,2910.572
     -72.38650193,-13.20873907,2910.572
     -72.38650193,-13.20873907,2910.572
     -72.38650193,-13.20873907,2910.572
     -72.38650193,-13.20873907,2910.572
     -72.38650193,-13.20873907,2910.572
     -72.38650193,-13.20873907,2910.572
     -72.38650193,-13.20873907,2910.572
     -72.38650193,-13.20873907,2910.572
     -72.38650193,-13.20873907,2910.572
     -72.38650193,-13.20873907,2910.572
     -72.38650193,-13.20873907,2910.572
     -72.38650193,-13.20873907,2910.572
     -72.38650193,-13.20873907,2910.572
     -72.38650193,-13.20873907,2910.572
     -72.38650193,-13.20873907,2910.572
     -72.38650193,-13.20873907,2910.572
     -72.38650193,-13.20873907,2910.572
     -72.38650193,-13.20873907,2910.572
     -72.38650193,-13.20873907,2910.572
     -72.38650193,-13.20873907,2910.572
     -72.38650193,-13.20873907,2910.572
     -72.38650193,-13.20873907,2910.572
     -72.38650193,-13.20873907,2910.572
     -72.38650193,-13.20873907,2910.572
     -72.38650193,-13.20873907,2910.572
     -72.38650193,-13.20873907,2910.572
     -72.38650193,-13.20873907,2910.572
     -72.38650193,-13.20873907,2910.572
     -72.38650193,-13.20873907,2910.572
     -72.38650193,-13.20873907,2910.572
     -72.38650193,-13.20873907,2910.572
     -72.38650193,-13.20873907,2910.572
     -72.38650193,-13.20873907,2910.572
     -72.38650193,-13.20873907,2910.572
     -72.38650193,-13.20873907,2910.572
     -72.38650193,-13.20873907,2910.572
     -72.38650193,-13.20873907,2910.572
     -72.38650193,-13.20873907,2910.572
     -72.38650193,-13.20873907,2910.572
     -72.38650193,-13.20873907,2910.572
     -72.38650193,-13.20873907,2910.572
     -72.38650193,-13.20873907,2910.572
     -72.38650193,-13.20873907,2910.572
     -72.38650193,-13.20873907,2910.572
     -72.38650193,-13.20873907,2910.572
     -72.38650193,-13.20873907,2910.572
     -72.38650193,-13.20873907,2910.572
     -72.38650193,-13.20873907,2910.572
     -72.38650193,-13.20873907,2910.572
     -72.38650193,-13.20873907,2910.572
     -72.38650193,-13.20873907,2910.572
     -72.38650193,-13.20873907,2910.572
     -72.38650193,-13.20873907,2910.572
     -72.38650193,-13.20873907,2910.572
     -72.38650193,-13.20873907,2910.572
     -72.38650193,-13.20873907,2910.572
     -72.38650193,-13.20873907,2910.572
     -72.38650193,-13.20873907,2910.572
     -72.38650193,-13.20873907,2910.572
     -72.38650193,-13.20873907,2910.572
     -72.38650193,-13.20873907,2910.572
     -72.38650193,-13.20873907,2910.572
     -72.38650193,-13.20873907,2910.572
     -72.38650193,-13.20873907,2910.572
     -72.38650193,-13.20873907,2910.572
     -72.38650193,-13.20873907,2910.572
     -72.38650193,-13.20873907,2910.572
     -72.38650193,-13.20873907,2910.572
     -72.38650193,-13.20873907,2910.572
     -72.38650193,-13.20873907,2910.572
     -72.38650193,-13.20873907,2910.572
     -72.38650193,-13.20873907,2910.572
     -72.38650193,-13.20873907,2910.572
     -72.38650193,-13.20873907,2910.572
     -72.38650193,-13.20873907,2910.572
     -72.38650193,-13.20873907,2910.572
     -72.38650193,-13.20873907,2910.572
     -72.38650193,-13.20873907,2910.572
     -72.38650193,-13.20873907,2910.572
     -72.38650193,-13.20873907,2910.572
     -72.38650193,-13.20873907,2910.572
     -72.38650193,-13.20873907,2910.572
     -72.38650193,-13.20873907,2910.572
     -72.38650193,-13.20873907,2910.572
     -72.38650193,-13.20873907,2910.572
     -72.38650193,-13.20873907,2910.572
     -72.38650193,-13.20873907,2910.572
     -72.38650193,-13.20873907,2910.572
     -72.38650193,-13.20873907,2910.572
     -72.38650193,-13.20873907,2910.572
     -72.38650193,-13.20873907,2910.572
     -72.38650193,-13.20873907,2910.572
     -72.38650193,-13.20873907,2910.572
     -72.38650193,-13.20873907,2910.572
     -72.38650193,-13.20873907,2910.572
     -72.38650193,-13.20873907,2910.572
     -72.38650193,-13.20873907,2910.572
     -72.38650193,-13.20873907,2910.572
     -72.38650193,-13.20873907,2910.572
     -72.38650193,-13.20873907,2910.572
     -72.38650193,-13.20873907,2910.572
     -72.38650193,-13.20873907,2910.572
     -72.38650193,-13.20873907,2910.572
     -72.38650193,-13.20873907,2910.572
     -72.38650193,-13.20873907,2910.572
     -72.38650193,-13.20873907,2910.572
     -72.38650193,-13.20873907,2910.572
     -72.38650193,-13.20873907,2910.572
     -72.38650193,-13.20873907,2910.572
     -72.38650193,-13.20873907,2910.572
     -72.38650193,-13.20873907,2910.572
     -72.38650193,-13.20873907,2910.572
     -72.38650193,-13.20873907,2910.572
     -72.38650193,-13.20873907,2910.572
     -72.38650193,-13.20873907,2910.572
     -72.38650193,-13.20873907,2910.572
     -72.38650193,-13.20873907,2910.572
     -72.38650193,-13.20873907,2910.572
     -72.38650193,-13.20873907,2910.572
     -72.38650193,-13.20873907,2910.572
     -72.38650193,-13.20873907,2910.572
     -72.38650193,-13.20873907,2910.572
     -72.38650193,-13.20873907,2910.572
     -72.38650193,-13.20873907,2910.572
     -72.38650193,-13.20873907,2910.572
     -72.38650193,-13.20873907,2910.572
     -72.38650193,-13.20873907,2910.572
     -72.38650193,-13.20873907,2910.572
     -72.38650193,-13.20873907,2910.572
     -72.38650193,-13.20873907,2910.572
     -72.38650193,-13.20873907,2910.572
     -72.38650193,-13.20873907,2910.572
     -72.38650193,-13.20873907,2910.572
     -72.38650193,-13.20873907,2910.572
     -72.38650193,-13.20873907,2910.572
     -72.38650193,-13.20873907,2910.572
     -72.38650193,-13.20873907,2910.572
     -72.38650193,-13.20873907,2910.572
     -72.38650193,-13.20873907,2910.572
     -72.38650193,-13.20873907,2910.572
     -72.38650193,-13.20873907,2910.572
     -72.38650193,-13.20873907,2910.572
     -72.38650193,-13.20873907,2910.572
     -72.38650193,-13.20873907,2910.572
     -72.38650193,-13.20873907,2910.572
     -72.38650193,-13.20873907,2910.572
     -72.38650193,-13.20873907,2910.572
     -72.38650193,-13.20873907,2910.572
     -72.38650193,-13.20873907,2910.572
     -72.38650193,-13.20873907,2910.572
     -72.38650193,-13.20873907,2910.572
     -72.38650193,-13.20873907,2910.572
     -72.38650193,-13.20873907,2910.572
     -72.38650193,-13.20873907,2910.572
     -72.38650193,-13.20873907,2910.572
     -72.38650193,-13.20873907,2910.572
     -72.38650193,-13.20873907,2910.572
     -72.38650193,-13.20873907,2910.572
     -72.38650193,-13.20873907,2910.572
     -72.38650193,-13.20873907,2910.572
     -72.38650193,-13.20873907,2910.572
     -72.38650193,-13.20873907,2910.572
     -72.38650193,-13.20873907,2910.572
     -72.38650193,-13.20873907,2910.572
     -72.38650193,-13.20873907,2910.572
     -72.38650193,-13.20873907,2910.572
     -72.38650193,-13.20873907,2910.572
     -72.38650193,-13.20873907,2910.572
     -72.38650193,-13.20873907,2910.572
     -72.38650193,-13.20873907,2910.572
     -72.38650193,-13.20873907,2910.572
     -72.38650193,-13.20873907,2910.572
     -72.38650193,-13.20873907,2910.572
     -72.38650193,-13.20873907,2910.572
     -72.38650193,-13.20873907,2910.572
     -72.38650193,-13.20873907,2910.572
     -72.38650193,-13.20873907,2910.572
     -72.38650193,-13.20873907,2910.572
     -72.38650193,-13.20873907,2910.572
     -72.38650193,-13.20873907,2910.572
     -72.38650193,-13.20873907,2910.572
     -72.38650193,-13.20873907,2910.572
     -72.38650193,-13.20873907,2910.572
     -72.38650193,-13.20873907,2910.572
     -72.38650193,-13.20873907,2910.572
     -72.38650193,-13.20873907,2910.572
     -72.38650193,-13.20873907,2910.572
     -72.38650193,-13.20873907,2910.572
     -72.38650193,-13.20873907,2910.572
     -72.38650193,-13.20873907,2910.572
     -72.38650193,-13.20873907,2910.572
     -72.38650193,-13.20873907,2910.572
     -72.38650193,-13.20873907,2910.572
     -72.38650193,-13.20873907,2910.572
     -72.38650193,-13.20873907,2910.572
     -72.38650193,-13.20873907,2910.572
     -72.38650193,-13.20873907,2910.572
     -72.38650193,-13.20873907,2910.572
     -72.38650193,-13.20873907,2910.572
     -72.38650193,-13.20873907,2910.572
     -72.38650193,-13.20873907,2910.572
     -72.38650193,-13.20873907,2910.572
     -72.38650193,-13.20873907,2910.572
     -72.38650193,-13.20873907,2910.572
     -72.38650193,-13.20873907,2910.572
     -72.38650193,-13.20873907,2910.572
     -72.38650193,-13.20873907,2910.572
     -72.38650193,-13.20873907,2910.572
     -72.38650193,-13.20873907,2910.572
     -72.38650193,-13.20873907,2910.572
     -72.38650193,-13.20873907,2910.572
     -72.38650193,-13.20873907,2910.572
     -72.38650193,-13.20873907,2910.572
     -72.38650193,-13.20873907,2910.572
     -72.38650193,-13.20873907,2910.572
     -72.38650193,-13.20873907,2910.572
     -72.38650193,-13.20873907,2910.572
     -72.38650193,-13.20873907,2910.572
     -72.38650193,-13.20873907,2910.572
     -72.38650193,-13.20873907,2910.572
     -72.38650193,-13.20873907,2910.572
     -72.38650193,-13.20873907,2910.572
     -72.38650193,-13.20873907,2910.572
     -72.38650193,-13.20873907,2910.572
     -72.38650193,-13.20873907,2910.572
     -72.38650193,-13.20873907,2910.572
     -72.38650193,-13.20873907,2910.572
     -72.38650193,-13.20873907,2910.572
     -72.38650193,-13.20873907,2910.572
     -72.38650193,-13.20873907,2910.572
     -72.38650193,-13.20873907,2910.572
     -72.38650193,-13.20873907,2910.572
     -72.38650193,-13.20873907,2910.572
     -72.38650193,-13.20873907,2910.572
     -72.38650193,-13.20873907,2910.572
     -72.38650193,-13.20873907,2910.572
     -72.38650193,-13.20873907,2910.572
     -72.38650193,-13.20873907,2910.572
     -72.38650193,-13.20873907,2910.572
     -72.38650193,-13.20873907,2910.572
     -72.38650193,-13.20873907,2910.572
     -72.38650193,-13.20873907,2910.572
     -72.38650193,-13.20873907,2910.572
     -72.38650193,-13.20873907,2910.572
     -72.38650193,-13.20873907,2910.572
     -72.38650193,-13.20873907,2910.572
     -72.38650193,-13.20873907,2910.572
     -72.38650193,-13.20873907,2910.572
     -72.38650193,-13.20873907,2910.572
     -72.38650193,-13.20873907,2910.572
     -72.38650193,-13.20873907,2910.572
     -72.38650193,-13.20873907,2910.572
     -72.38650193,-13.20873907,2910.572
     -72.38650193,-13.20873907,2910.572
     -72.38650193,-13.20873907,2910.572
     -72.38650193,-13.20873907,2910.572
     -72.38650193,-13.20873907,2910.572
     -72.38650193,-13.20873907,2910.572
     -72.38650193,-13.20873907,2910.572
     -72.38650193,-13.20873907,2910.572
     -72.38650193,-13.20873907,2910.572
     -72.38650193,-13.20873907,2910.572
     -72.38650193,-13.20873907,2910.572
     -72.38650193,-13.20873907,2910.572
     -72.38650193,-13.20873907,2910.572
     -72.38650193,-13.20873907,2910.572
     -72.38650193,-13.20873907,2910.572
     -72.38650193,-13.20873907,2910.572
     -72.38650193,-13.20873907,2910.572
     -72.38650193,-13.20873907,2910.572
     -72.38650193,-13.20873907,2910.572
     -72.38650193,-13.20873907,2910.572
     -72.38650193,-13.20873907,2910.572
     -72.38650193,-13.20873907,2910.572
     -72.38650193,-13.20873907,2910.572
     -72.38650193,-13.20873907,2910.572
     -72.38650193,-13.20873907,2910.572
     -72.38650193,-13.20873907,2910.572
     -72.38650193,-13.20873907,2910.572
     -72.38650193,-13.20873907,2910.572
     -72.38650193,-13.20873907,2910.572
     -72.38650193,-13.20873907,2910.572
     -72.38650193,-13.20873907,2910.572
     -72.38650193,-13.20873907,2910.572
     -72.38650193,-13.20873907,2910.572
     -72.38650193,-13.20873907,2910.572
     -72.38650193,-13.20873907,2910.572
     -72.38650193,-13.20873907,2910.572
     -72.38650193,-13.20873907,2910.572
     -72.38650193,-13.20873907,2910.572
     -72.38650193,-13.20873907,2910.572
     -72.38650193,-13.20873907,2910.572
     -72.38650193,-13.20873907,2910.572
     -72.38650193,-13.20873907,2910.572
     -72.38650193,-13.20873907,2910.572
     -72.38650193,-13.20873907,2910.572
     -72.38650193,-13.20873907,2910.572
     -72.38650193,-13.20873907,2910.572
     -72.38650193,-13.20873907,2910.572
     -72.38650193,-13.20873907,2910.572
     -72.38650193,-13.20873907,2910.572
     -72.38650193,-13.20873907,2910.572
     -72.38650193,-13.20873907,2910.572
     -72.38650193,-13.20873907,2910.572
     -72.38650193,-13.20873907,2910.572
     -72.38650193,-13.20873907,2910.572
     -72.38650193,-13.20873907,2910.572
     -72.38650193,-13.20873907,2910.572
     -72.38650193,-13.20873907,2910.572
     -72.38650193,-13.20873907,2910.572
     -72.38650193,-13.20873907,2910.572
     -72.38650193,-13.20873907,2910.572
     -72.38650193,-13.20873907,2910.572
     -72.38650193,-13.20873907,2910.572
     -72.38650193,-13.20873907,2910.572
     -72.38650193,-13.20873907,2910.572
     -72.38650193,-13.20873907,2910.572
     -72.38650193,-13.20873907,2910.572
     -72.38650193,-13.20873907,2910.572
     -72.38650193,-13.20873907,2910.572
     -72.38650193,-13.20873907,2910.572
     -72.38650193,-13.20873907,2910.572
     -72.38650193,-13.20873907,2910.572
     -72.38650193,-13.20873907,2910.572
     -72.38650193,-13.20873907,2910.572
     -72.38650193,-13.20873907,2910.572
     -72.38650193,-13.20873907,2910.572
     -72.38650193,-13.20873907,2910.572
     -72.38650193,-13.20873907,2910.572
     -72.38650193,-13.20873907,2910.572
     -72.38650193,-13.20873907,2910.572
     -72.38650193,-13.20873907,2910.572
     -72.38650193,-13.20873907,2910.572
     -72.38650193,-13.20873907,2910.572
     -72.38650193,-13.20873907,2910.572
     -72.38650193,-13.20873907,2910.572
     -72.38650193,-13.20873907,2910.572
     -72.38650193,-13.20873907,2910.572
     -72.38650193,-13.20873907,2910.572
     -72.38650193,-13.20873907,2910.572
     -72.38650193,-13.20873907,2910.572
     -72.38650193,-13.20873907,2910.572
     -72.38650193,-13.20873907,2910.572
     -72.38650193,-13.20873907,2910.572
     -72.38650193,-13.20873907,2910.572
     -72.38650193,-13.20873907,2910.572
     -72.38650193,-13.20873907,2910.572
     -72.38650193,-13.20873907,2910.572
     -72.38650193,-13.20873907,2910.572
     -72.38650193,-13.20873907,2910.572
     -72.38650193,-13.20873907,2910.572
     -72.38650193,-13.20873907,2910.572
     -72.38650193,-13.20873907,2910.572
     -72.38650193,-13.20873907,2910.572
     -72.38650193,-13.20873907,2910.572
     -72.38650193,-13.20873907,2910.572
     -72.38650193,-13.20873907,2910.572
     -72.38650193,-13.20873907,2910.572
     -72.38650193,-13.20873907,2910.572
     -72.38650193,-13.20873907,2910.572
     -72.38650193,-13.20873907,2910.572
     -72.38650193,-13.20873907,2910.572
     -72.38650193,-13.20873907,2910.572
     -72.38650193,-13.20873907,2910.572
     -72.38650193,-13.20873907,2910.572
     -72.38650193,-13.20873907,2910.572
     -72.38650193,-13.20873907,2910.572
     -72.38650193,-13.20873907,2910.572
     -72.38650193,-13.20873907,2910.572
     -72.38650193,-13.20873907,2910.572
     -72.38650193,-13.20873907,2910.572
     -72.38650193,-13.20873907,2910.572
     -72.38650193,-13.20873907,2910.572
     -72.38650193,-13.20873907,2910.572
     -72.38650193,-13.20873907,2910.572
     -72.38650193,-13.20873907,2910.572
     -72.38650193,-13.20873907,2910.572
     -72.38650193,-13.20873907,2910.572
     -72.38650193,-13.20873907,2910.572
     -72.38650193,-13.20873907,2910.572
     -72.38650193,-13.20873907,2910.572
     -72.38650193,-13.20873907,2910.572
     -72.38650193,-13.20873907,2910.572
     -72.38650193,-13.20873907,2910.572
     -72.38650193,-13.20873907,2910.572
     -72.38650193,-13.20873907,2910.572
     -72.38650193,-13.20873907,2910.572
     -72.38650193,-13.20873907,2910.572
     -72.38650193,-13.20873907,2910.572
     -72.38650193,-13.20873907,2910.572
     -72.38650193,-13.20873907,2910.572
     -72.38650193,-13.20873907,2910.572
     -72.38650193,-13.20873907,2910.572
     -72.38650193,-13.20873907,2910.572
     -72.38650193,-13.20873907,2910.572
     -72.38650193,-13.20873907,2910.572
     -72.38650193,-13.20873907,2910.572
     -72.38650193,-13.20873907,2910.572
     -72.38650193,-13.20873907,2910.572
     -72.38650193,-13.20873907,2910.572
     -72.38650193,-13.20873907,2910.572
     -72.38650193,-13.20873907,2910.572
     -72.38650193,-13.20873907,2910.572
     -72.38650193,-13.20873907,2910.572
     -72.38650193,-13.20873907,2910.572
     -72.38650193,-13.20873907,2910.572
     -72.38650193,-13.20873907,2910.572
     -72.38650193,-13.20873907,2910.572
     -72.38650193,-13.20873907,2910.572
     -72.38650193,-13.20873907,2910.572
     -72.38650193,-13.20873907,2910.572
     -72.38650193,-13.20873907,2910.572
     -72.38650193,-13.20873907,2910.572
     -72.38650193,-13.20873907,2910.572
     -72.38650193,-13.20873907,2910.572
     -72.38650193,-13.20873907,2910.572
     -72.38650193,-13.20873907,2910.572
     -72.38650193,-13.20873907,2910.572
     -72.38650193,-13.20873907,2910.572
     -72.38650193,-13.20873907,2910.572
     -72.38650193,-13.20873907,2910.572
     -72.38650193,-13.20873907,2910.572
     -72.38650193,-13.20873907,2910.572
     -72.38650193,-13.20873907,2910.572
     -72.38650193,-13.20873907,2910.572
     -72.38650193,-13.20873907,2910.572
     -72.38650193,-13.20873907,2910.572
     -72.38650193,-13.20873907,2910.572
     -72.38650193,-13.20873907,2910.572
     -72.38650193,-13.20873907,2910.572
     -72.38650193,-13.20873907,2910.572
     -72.38650193,-13.20873907,2910.572
     -72.38650193,-13.20873907,2910.572
     -72.38650193,-13.20873907,2910.572
     -72.38650193,-13.20873907,2910.572
     -72.38650193,-13.20873907,2910.572
     -72.38650193,-13.20873907,2910.572
     -72.38650193,-13.20873907,2910.572
     -72.38650193,-13.20873907,2910.572
     -72.38650193,-13.20873907,2910.572
     -72.38650193,-13.20873907,2910.572
     -72.38650193,-13.20873907,2910.572
     -72.38650193,-13.20873907,2910.572
     -72.38650193,-13.20873907,2910.572
     -72.38650193,-13.20873907,2910.572
     -72.38650193,-13.20873907,2910.572
     -72.38650193,-13.20873907,2910.572
     -72.38650193,-13.20873907,2910.572
     -72.38650193,-13.20873907,2910.572
     -72.38650193,-13.20873907,2910.572
     -72.38650193,-13.20873907,2910.572
     -72.38650193,-13.20873907,2910.572
     -72.38650193,-13.20873907,2910.572
     -72.38650193,-13.20873907,2910.572
     -72.38650193,-13.20873907,2910.572
     -72.38650193,-13.20873907,2910.572
     -72.38650193,-13.20873907,2910.572
     -72.38650193,-13.20873907,2910.572
     -72.38650193,-13.20873907,2910.572
     -72.38650193,-13.20873907,2910.572
     -72.38650193,-13.20873907,2910.572
     -72.38650193,-13.20873907,2910.572
     -72.38650193,-13.20873907,2910.572
     -72.38650193,-13.20873907,2910.572
     -72.38650193,-13.20873907,2910.572
     -72.38650193,-13.20873907,2910.572
     -72.38650193,-13.20873907,2910.572
     -72.38650193,-13.20873907,2910.572
     -72.38650193,-13.20873907,2910.572
     -72.38650193,-13.20873907,2910.572
     -72.38650193,-13.20873907,2910.572
     -72.38650193,-13.20873907,2910.572
     -72.38650193,-13.20873907,2910.572
     -72.38650193,-13.20873907,2910.572
     -72.38650193,-13.20873907,2910.572
     -72.38650193,-13.20873907,2910.572
     -72.38650193,-13.20873907,2910.572
     -72.38650193,-13.20873907,2910.572
     -72.38650193,-13.20873907,2910.572
     -72.38650193,-13.20873907,2910.572
     -72.38650193,-13.20873907,2910.572
     -72.38650193,-13.20873907,2910.572
     -72.38650193,-13.20873907,2910.572
     -72.38650193,-13.20873907,2910.572
     -72.38650193,-13.20873907,2910.572
     -72.38650193,-13.20873907,2910.572
     -72.38650193,-13.20873907,2910.572
     -72.38650193,-13.20873907,2910.572
     -72.38650193,-13.20873907,2910.572
     -72.38650193,-13.20873907,2910.572
     -72.38650193,-13.20873907,2910.572
     -72.38650193,-13.20873907,2910.572
     -72.38650193,-13.20873907,2910.572
     -72.38650193,-13.20873907,2910.572
     -72.38650193,-13.20873907,2910.572
     -72.38650193,-13.20873907,2910.572
     -72.38650193,-13.20873907,2910.572
     -72.38650193,-13.20873907,2910.572
     -72.38650193,-13.20873907,2910.572
     -72.38650193,-13.20873907,2910.572
     -72.38650193,-13.20873907,2910.572
     -72.38650193,-13.20873907,2910.572
     -72.38650193,-13.20873907,2910.572
     -72.38650193,-13.20873907,2910.572
     -72.38650193,-13.20873907,2910.572
     -72.38650193,-13.20873907,2910.572
     -72.38650193,-13.20873907,2910.572
     -72.38650193,-13.20873907,2910.572
     -72.38650193,-13.20873907,2910.572
     -72.38650193,-13.20873907,2910.572
     -72.38650193,-13.20873907,2910.572
     -72.38650193,-13.20873907,2910.572
     -72.38650193,-13.20873907,2910.572
     -72.38650193,-13.20873907,2910.572
     -72.38650193,-13.20873907,2910.572
     -72.38650193,-13.20873907,2910.572
     -72.38650193,-13.20873907,2910.572
     -72.38650193,-13.20873907,2910.572
     -72.38650193,-13.20873907,2910.572
     -72.38650193,-13.20873907,2910.572
     -72.38650193,-13.20873907,2910.572
     -72.38650193,-13.20873907,2910.572
     -72.38650193,-13.20873907,2910.572
     -72.38650193,-13.20873907,2910.572
     -72.38650193,-13.20873907,2910.572
     -72.38650193,-13.20873907,2910.572
     -72.38650193,-13.20873907,2910.572
     -72.38650193,-13.20873907,2910.572
     -72.38650193,-13.20873907,2910.572
     -72.38650193,-13.20873907,2910.572
     -72.38650193,-13.20873907,2910.572
     -72.38650193,-13.20873907,2910.572
     -72.38650193,-13.20873907,2910.572
     -72.38650193,-13.20873907,2910.572
     -72.38650193,-13.20873907,2910.572
     -72.38650193,-13.20873907,2910.572
     -72.38650193,-13.20873907,2910.572
     -72.38650193,-13.20873907,2910.572
     -72.38650193,-13.20873907,2910.572
     -72.38650193,-13.20873907,2910.572
     -72.38650193,-13.20873907,2910.572
     -72.38650193,-13.20873907,2910.572
     -72.38650193,-13.20873907,2910.572
     -72.38650193,-13.20873907,2910.572
     -72.38650193,-13.20873907,2910.572
     -72.38650193,-13.20873907,2910.572
     -72.38650193,-13.20873907,2910.572
     -72.38650193,-13.20873907,2910.572
     -72.38650193,-13.20873907,2910.572
     -72.38650193,-13.20873907,2910.572
     -72.38650193,-13.20873907,2910.572
     -72.38650193,-13.20873907,2910.572
     -72.38650193,-13.20873907,2910.572
     -72.38650193,-13.20873907,2910.572
     -72.38650193,-13.20873907,2910.572
     -72.38650193,-13.20873907,2910.572
     -72.38650193,-13.20873907,2910.572
     -72.38650193,-13.20873907,2910.572
     -72.38650193,-13.20873907,2910.572
     -72.38650193,-13.20873907,2910.572
     -72.38650193,-13.20873907,2910.572
     -72.38650193,-13.20873907,2910.572
     -72.38650193,-13.20873907,2910.572
     -72.38650193,-13.20873907,2910.572
     -72.38650193,-13.20873907,2910.572
     -72.38650193,-13.20873907,2910.572
     -72.38650193,-13.20873907,2910.572
     -72.38650193,-13.20873907,2910.572
     -72.38650193,-13.20873907,2910.572
     -72.38650193,-13.20873907,2910.572
     -72.38650193,-13.20873907,2910.572
     -72.38650193,-13.20873907,2910.572
     -72.38650193,-13.20873907,2910.572
     -72.38650193,-13.20873907,2910.572
     -72.38650193,-13.20873907,2910.572
     -72.38650193,-13.20873907,2910.572
     -72.38650193,-13.20873907,2910.572
     -72.38650193,-13.20873907,2910.572
     -72.38650193,-13.20873907,2910.572
     -72.38650193,-13.20873907,2910.572
     -72.38650193,-13.20873907,2910.572
     -72.38650193,-13.20873907,2910.572
     -72.38650193,-13.20873907,2910.572
     -72.38650193,-13.20873907,2910.572
     -72.38650193,-13.20873907,2910.572
     -72.38650193,-13.20873907,2910.572
     -72.38650193,-13.20873907,2910.572
     -72.38650193,-13.20873907,2910.572
     -72.38650193,-13.20873907,2910.572
     -72.38650193,-13.20873907,2910.572
     -72.38650193,-13.20873907,2910.572
     -72.38650193,-13.20873907,2910.572
     -72.38650193,-13.20873907,2910.572
     -72.38650193,-13.20873907,2910.572
     -72.38650193,-13.20873907,2910.572
     -72.38650193,-13.20873907,2910.572
     -72.38650193,-13.20873907,2910.572
     -72.38650193,-13.20873907,2910.572
     -72.38650193,-13.20873907,2910.572
     -72.38650193,-13.20873907,2910.572
     -72.38650193,-13.20873907,2910.572
     -72.38650193,-13.20873907,2910.572
     -72.38650193,-13.20873907,2910.572
     -72.38650193,-13.20873907,2910.572
     -72.38650193,-13.20873907,2910.572
     -72.38650193,-13.20873907,2910.572
     -72.38650193,-13.20873907,2910.572
     -72.38650193,-13.20873907,2910.572
     -72.38650193,-13.20873907,2910.572
     -72.38650193,-13.20873907,2910.572
     -72.38650193,-13.20873907,2910.572
     -72.38650193,-13.20873907,2910.572
     -72.38650193,-13.20873907,2910.572
     -72.38650193,-13.20873907,2910.572
     -72.38650193,-13.20873907,2910.572
     -72.38650193,-13.20873907,2910.572
     -72.38650193,-13.20873907,2910.572
     -72.38650193,-13.20873907,2910.572
     -72.38650193,-13.20873907,2910.572
     -72.38650193,-13.20873907,2910.572
     -72.38650193,-13.20873907,2910.572
     -72.38650193,-13.20873907,2910.572
     -72.38650193,-13.20873907,2910.572
     -72.38650193,-13.20873907,2910.572
     -72.38650193,-13.20873907,2910.572
     -72.38650193,-13.20873907,2910.572
     -72.38650193,-13.20873907,2910.572
     -72.38650193,-13.20873907,2910.572
     -72.38650193,-13.20873907,2910.572
     -72.38650193,-13.20873907,2910.572
     -72.38650193,-13.20873907,2910.572
     -72.38650193,-13.20873907,2910.572
     -72.38650193,-13.20873907,2910.572
     -72.38650193,-13.20873907,2910.572
     -72.38650193,-13.20873907,2910.572
     -72.38650193,-13.20873907,2910.572
     -72.38650193,-13.20873907,2910.572
     -72.38650193,-13.20873907,2910.572
     -72.38650193,-13.20873907,2910.572
     -72.38650193,-13.20873907,2910.572
     -72.38650193,-13.20873907,2910.572
     -72.38650193,-13.20873907,2910.572
     -72.38650193,-13.20873907,2910.572
     -72.38650193,-13.20873907,2910.572
     -72.38650193,-13.20873907,2910.572
     -72.38650193,-13.20873907,2910.572
     -72.38650193,-13.20873907,2910.572
     -72.38650193,-13.20873907,2910.572
     -72.38650193,-13.20873907,2910.572
     -72.38650193,-13.20873907,2910.572
     -72.38650193,-13.20873907,2910.572
     -72.38650193,-13.20873907,2910.572
     -72.38650193,-13.20873907,2910.572
     -72.38650193,-13.20873907,2910.572
     -72.38650193,-13.20873907,2910.572
     -72.38650193,-13.20873907,2910.572
     -72.38650193,-13.20873907,2910.572
     -72.38650193,-13.20873907,2910.572
     -72.38650193,-13.20873907,2910.572
     -72.38650193,-13.20873907,2910.572
     -72.38650193,-13.20873907,2910.572
     -72.38650193,-13.20873907,2910.572
     -72.38650193,-13.20873907,2910.572
     -72.38650193,-13.20873907,2910.572
     -72.38650193,-13.20873907,2910.572
     -72.38650193,-13.20873907,2910.572
     -72.38650193,-13.20873907,2910.572
     -72.38650193,-13.20873907,2910.572
     -72.38650193,-13.20873907,2910.572
     -72.38650193,-13.20873907,2910.572
     -72.38650193,-13.20873907,2910.572
     -72.38650193,-13.20873907,2910.572
     -72.38650193,-13.20873907,2910.572
     -72.38650193,-13.20873907,2910.572
     -72.38650193,-13.20873907,2910.572
     -72.38650193,-13.20873907,2910.572
     -72.38650193,-13.20873907,2910.572
     -72.38650193,-13.20873907,2910.572
     -72.38650193,-13.20873907,2910.572
     -72.38650193,-13.20873907,2910.572
     -72.38650193,-13.20873907,2910.572
     -72.38650193,-13.20873907,2910.572
     -72.38650193,-13.20873907,2910.572
     -72.38650193,-13.20873907,2910.572
     -72.38650193,-13.20873907,2910.572
     -72.38650193,-13.20873907,2910.572
     -72.38650193,-13.20873907,2910.572
     -72.38650193,-13.20873907,2910.572
     -72.38650193,-13.20873907,2910.572
     -72.38650193,-13.20873907,2910.572
     -72.38650193,-13.20873907,2910.572
     -72.38650193,-13.20873907,2910.572
     -72.38650193,-13.20873907,2910.572
     -72.38650193,-13.20873907,2910.572
     -72.38650193,-13.20873907,2910.572
     -72.38650193,-13.20873907,2910.572
     -72.38650193,-13.20873907,2910.572
     -72.38650193,-13.20873907,2910.572
     -72.38650193,-13.20873907,2910.572
     -72.38650193,-13.20873907,2910.572
     -72.38650193,-13.20873907,2910.572
     -72.38650193,-13.20873907,2910.572
     -72.38650193,-13.20873907,2910.572
     -72.38650193,-13.20873907,2910.572
     -72.38650193,-13.20873907,2910.572
     -72.38650193,-13.20873907,2910.572
     -72.38650193,-13.20873907,2910.572
     -72.38650193,-13.20873907,2910.572
     -72.38650193,-13.20873907,2910.572
     -72.38650193,-13.20873907,2910.572
     -72.38650193,-13.20873907,2910.572
     -72.38650193,-13.20873907,2910.572
     -72.38650193,-13.20873907,2910.572
     -72.38650193,-13.20873907,2910.572
     -72.38650193,-13.20873907,2910.572
     -72.38650193,-13.20873907,2910.572
     -72.38650193,-13.20873907,2910.572
     -72.38650193,-13.20873907,2910.572
     -72.38650193,-13.20873907,2910.572
     -72.38650193,-13.20873907,2910.572
     -72.38650193,-13.20873907,2910.572
     -72.38650193,-13.20873907,2910.572
     -72.38650193,-13.20873907,2910.572
     -72.38650193,-13.20873907,2910.572
     -72.38650193,-13.20873907,2910.572
     -72.38650193,-13.20873907,2910.572
     -72.38650193,-13.20873907,2910.572
     -72.38650193,-13.20873907,2910.572
     -72.38650193,-13.20873907,2910.572
     -72.38650193,-13.20873907,2910.572
     -72.38650193,-13.20873907,2910.572
     -72.38650193,-13.20873907,2910.572
     -72.38650193,-13.20873907,2910.572
     -72.38650193,-13.20873907,2910.572
     -72.38650193,-13.20873907,2910.572
     -72.38650193,-13.20873907,2910.572
     -72.38650193,-13.20873907,2910.572
     -72.38650193,-13.20873907,2910.572
     -72.38650193,-13.20873907,2910.572
     -72.38650193,-13.20873907,2910.572
     -72.38650193,-13.20873907,2910.572
     -72.38650193,-13.20873907,2910.572
     -72.38650193,-13.20873907,2910.572
     -72.38650193,-13.20873907,2910.572
     -72.38650193,-13.20873907,2910.572
     -72.38650193,-13.20873907,2910.572
     -72.38650193,-13.20873907,2910.572
     -72.38650193,-13.20873907,2910.572
     -72.38650193,-13.20873907,2910.572
     -72.38650193,-13.20873907,2910.572
     -72.38650193,-13.20873907,2910.572
     -72.38650193,-13.20873907,2910.572
     -72.38650193,-13.20873907,2910.572
     -72.38650193,-13.20873907,2910.572
     -72.38650193,-13.20873907,2910.572
     -72.38650193,-13.20873907,2910.572
     -72.38650193,-13.20873907,2910.572
     -72.38650193,-13.20873907,2910.572
     -72.38650193,-13.20873907,2910.572
     -72.38650193,-13.20873907,2910.572
     -72.38650193,-13.20873907,2910.572
     -72.38650193,-13.20873907,2910.572
     -72.38650193,-13.20873907,2910.572
     -72.38650193,-13.20873907,2910.572
     -72.38650193,-13.20873907,2910.572
     -72.38650193,-13.20873907,2910.572
     -72.38650193,-13.20873907,2910.572
     -72.38650193,-13.20873907,2910.572
     -72.38650193,-13.20873907,2910.572
     -72.38650193,-13.20873907,2910.572
     -72.38650193,-13.20873907,2910.572
     -72.38650193,-13.20873907,2910.572
     -72.38650193,-13.20873907,2910.572
     -72.38650193,-13.20873907,2910.572
     -72.38650193,-13.20873907,2910.572
     -72.38650193,-13.20873907,2910.572
     -72.38650193,-13.20873907,2910.572
     -72.38650193,-13.20873907,2910.572
     -72.38650193,-13.20873907,2910.572
     -72.38650193,-13.20873907,2910.572
     -72.38650193,-13.20873907,2910.572
     -72.38650193,-13.20873907,2910.572
     -72.38650193,-13.20873907,2910.572
     -72.38650193,-13.20873907,2910.572
     -72.38650193,-13.20873907,2910.572
     -72.38650193,-13.20873907,2910.572
     -72.38650193,-13.20873907,2910.572
     -72.38650193,-13.20873907,2910.572
     -72.38650193,-13.20873907,2910.572
     -72.38650193,-13.20873907,2910.572
     -72.38650193,-13.20873907,2910.572
     -72.38650193,-13.20873907,2910.572
     -72.38650193,-13.20873907,2910.572
     -72.38650193,-13.20873907,2910.572
     -72.38650193,-13.20873907,2910.572
     -72.38650193,-13.20873907,2910.572
     -72.38650193,-13.20873907,2910.572
     -72.38650193,-13.20873907,2910.572
     -72.38650193,-13.20873907,2910.572
     -72.38650193,-13.20873907,2910.572
     -72.38650193,-13.20873907,2910.572
     -72.38650193,-13.20873907,2910.572
     -72.38650193,-13.20873907,2910.572
     -72.38650193,-13.20873907,2910.572
     -72.38650193,-13.20873907,2910.572
     -72.38650193,-13.20873907,2910.572
     -72.38650193,-13.20873907,2910.572
     -72.38650193,-13.20873907,2910.572
     -72.38650193,-13.20873907,2910.572
     -72.38650193,-13.20873907,2910.572
     -72.38650193,-13.20873907,2910.572
     -72.38650193,-13.20873907,2910.572
     -72.38650193,-13.20873907,2910.572
     -72.38650193,-13.20873907,2910.572
     -72.38650193,-13.20873907,2910.572
     -72.38650193,-13.20873907,2910.572
     -72.38650193,-13.20873907,2910.572
     -72.38650193,-13.20873907,2910.572
     -72.38650193,-13.20873907,2910.572
     -72.38650193,-13.20873907,2910.572
     -72.38650193,-13.20873907,2910.572
     -72.38650193,-13.20873907,2910.572
     -72.38650193,-13.20873907,2910.572
     -72.38650193,-13.20873907,2910.572
     -72.38650193,-13.20873907,2910.572
     -72.38650193,-13.20873907,2910.572
     -72.38650193,-13.20873907,2910.572
     -72.38650193,-13.20873907,2910.572
     -72.38650193,-13.20873907,2910.572
     -72.38650193,-13.20873907,2910.572
     -72.38650193,-13.20873907,2910.572
     -72.38650193,-13.20873907,2910.572
     -72.38650193,-13.20873907,2910.572
     -72.38650193,-13.20873907,2910.572
     -72.38650193,-13.20873907,2910.572
     -72.38650193,-13.20873907,2910.572
     -72.38650193,-13.20873907,2910.572
     -72.38650193,-13.20873907,2910.572
     -72.38650193,-13.20873907,2910.572
     -72.38650193,-13.20873907,2910.572
     -72.38650193,-13.20873907,2910.572
     -72.38650193,-13.20873907,2910.572
     -72.38650193,-13.20873907,2910.572
     -72.38650193,-13.20873907,2910.572
     -72.38650193,-13.20873907,2910.572
     -72.38650193,-13.20873907,2910.572
     -72.38650193,-13.20873907,2910.572
     -72.38650193,-13.20873907,2910.572
     -72.38650193,-13.20873907,2910.572
     -72.38650193,-13.20873907,2910.572
     -72.38650193,-13.20873907,2910.572
     -72.38650193,-13.20873907,2910.572
     -72.38650193,-13.20873907,2910.572
     -72.38650193,-13.20873907,2910.572
     -72.38650193,-13.20873907,2910.572
     -72.38650193,-13.20873907,2910.572
     -72.38650193,-13.20873907,2910.572
     -72.38650193,-13.20873907,2910.572
     -72.38650193,-13.20873907,2910.572
     -72.38650193,-13.20873907,2910.572
     -72.38650193,-13.20873907,2910.572
     -72.38650193,-13.20873907,2910.572
     -72.38650193,-13.20873907,2910.572
     -72.38650193,-13.20873907,2910.572
     -72.38650193,-13.20873907,2910.572
     -72.38650193,-13.20873907,2910.572
     -72.38650193,-13.20873907,2910.572
     -72.38650193,-13.20873907,2910.572
     -72.38650193,-13.20873907,2910.572
     -72.38650193,-13.20873907,2910.572
     -72.38650193,-13.20873907,2910.572
     -72.38650193,-13.20873907,2910.572
     -72.38650193,-13.20873907,2910.572
     -72.38650193,-13.20873907,2910.572
     -72.38650193,-13.20873907,2910.572
     -72.38650193,-13.20873907,2910.572
     -72.38650193,-13.20873907,2910.572
     -72.38650193,-13.20873907,2910.572
     -72.38650193,-13.20873907,2910.572
     -72.38650193,-13.20873907,2910.572
     -72.38650193,-13.20873907,2910.572
     -72.38650193,-13.20873907,2910.572
     -72.38650193,-13.20873907,2910.572
     -72.38650193,-13.20873907,2910.572
     -72.38650193,-13.20873907,2910.572
     -72.38650193,-13.20873907,2910.572
     -72.38650193,-13.20873907,2910.572
     -72.38650193,-13.20873907,2910.572
     -72.38650193,-13.20873907,2910.572
     -72.38650193,-13.20873907,2910.572
     -72.38650193,-13.20873907,2910.572
     -72.38650193,-13.20873907,2910.572
     -72.38650193,-13.20873907,2910.572
     -72.38650193,-13.20873907,2910.572
     -72.38650193,-13.20873907,2910.572
     -72.38650193,-13.20873907,2910.572
     -72.38650193,-13.20873907,2910.572
     -72.38650193,-13.20873907,2910.572
     -72.38650193,-13.20873907,2910.572
     -72.38650193,-13.20873907,2910.572
     -72.38650193,-13.20873907,2910.572
     -72.38650193,-13.20873907,2910.572
     -72.38650193,-13.20873907,2910.572
     -72.38650193,-13.20873907,2910.572
     -72.38650193,-13.20873907,2910.572
     -72.38650193,-13.20873907,2910.572
     -72.38650193,-13.20873907,2910.572
     -72.38650193,-13.20873907,2910.572
     -72.38650193,-13.20873907,2910.572
     -72.38650193,-13.20873907,2910.572
     -72.38650193,-13.20873907,2910.572
     -72.38650193,-13.20873907,2910.572
     -72.38650193,-13.20873907,2910.572
     -72.38650193,-13.20873907,2910.572
     -72.38650193,-13.20873907,2910.572
     -72.38650193,-13.20873907,2910.572
     -72.38650193,-13.20873907,2910.572
     -72.38650193,-13.20873907,2910.572
     -72.38650193,-13.20873907,2910.572
     -72.38650193,-13.20873907,2910.572
     -72.38650193,-13.20873907,2910.572
     -72.38650193,-13.20873907,2910.572
     -72.38650193,-13.20873907,2910.572
     -72.38650193,-13.20873907,2910.572
     -72.38650193,-13.20873907,2910.572
     -72.38650193,-13.20873907,2910.572
     -72.38650193,-13.20873907,2910.572
     -72.38650193,-13.20873907,2910.572
     -72.38650193,-13.20873907,2910.572
     -72.38650193,-13.20873907,2910.572
     -72.38650193,-13.20873907,2910.572
     -72.38650193,-13.20873907,2910.572
     -72.38650193,-13.20873907,2910.572
     -72.38650193,-13.20873907,2910.572
     -72.38650193,-13.20873907,2910.572
     -72.38650193,-13.20873907,2910.572
     -72.38650193,-13.20873907,2910.572
     -72.38650193,-13.20873907,2910.572
     -72.38650193,-13.20873907,2910.572
     -72.38650193,-13.20873907,2910.572
     -72.38650193,-13.20873907,2910.572
     -72.38650193,-13.20873907,2910.572
     -72.38650193,-13.20873907,2910.572
     -72.38650193,-13.20873907,2910.572
     -72.38650193,-13.20873907,2910.572
     -72.38650193,-13.20873907,2910.572
     -72.38650193,-13.20873907,2910.572
     -72.38650193,-13.20873907,2910.572
     -72.38650193,-13.20873907,2910.572
     -72.38650193,-13.20873907,2910.572
     -72.38650193,-13.20873907,2910.572
     -72.38650193,-13.20873907,2910.572
     -72.38650193,-13.20873907,2910.572
     -72.38650193,-13.20873907,2910.572
     -72.38650193,-13.20873907,2910.572
     -72.38650193,-13.20873907,2910.572
     -72.38650193,-13.20873907,2910.572
     -72.38650193,-13.20873907,2910.572
     -72.38650193,-13.20873907,2910.572
     -72.38650193,-13.20873907,2910.572
     -72.38650193,-13.20873907,2910.572
     -72.38650193,-13.20873907,2910.572
     -72.38650193,-13.20873907,2910.572
     -72.38650193,-13.20873907,2910.572
     -72.38650193,-13.20873907,2910.572
     -72.38650193,-13.20873907,2910.572
     -72.38650193,-13.20873907,2910.572
     -72.38650193,-13.20873907,2910.572
     -72.38650193,-13.20873907,2910.572
     -72.38650193,-13.20873907,2910.572
     -72.38650193,-13.20873907,2910.572
     -72.38650193,-13.20873907,2910.572
     -72.38650193,-13.20873907,2910.572
     -72.38650193,-13.20873907,2910.572
     -72.38650193,-13.20873907,2910.572
     -72.38650193,-13.20873907,2910.572
     -72.38650193,-13.20873907,2910.572
     -72.38650193,-13.20873907,2910.572
     -72.38650193,-13.20873907,2910.572
     -72.38650193,-13.20873907,2910.572
     -72.38650193,-13.20873907,2910.572
     -72.38650193,-13.20873907,2910.572
     -72.38650193,-13.20873907,2910.572
     -72.38650193,-13.20873907,2910.572
     -72.38650193,-13.20873907,2910.572
     -72.38650193,-13.20873907,2910.572
     -72.38650193,-13.20873907,2910.572
     -72.38650193,-13.20873907,2910.572
     -72.38650193,-13.20873907,2910.572
     -72.38650193,-13.20873907,2910.572
     -72.38650193,-13.20873907,2910.572
     -72.38650193,-13.20873907,2910.572
     -72.38650193,-13.20873907,2910.572
     -72.38650193,-13.20873907,2910.572
     -72.38650193,-13.20873907,2910.572
     -72.38650193,-13.20873907,2910.572
     -72.38650193,-13.20873907,2910.572
     -72.38650193,-13.20873907,2910.572
     -72.38650193,-13.20873907,2910.572
     -72.38650193,-13.20873907,2910.572
     -72.38650193,-13.20873907,2910.572
     -72.38650193,-13.20873907,2910.572
     -72.38650193,-13.20873907,2910.572
     -72.38650193,-13.20873907,2910.572
     -72.38650193,-13.20873907,2910.572
     -72.38650193,-13.20873907,2910.572
     -72.38650193,-13.20873907,2910.572
     -72.38650193,-13.20873907,2910.572
     -72.38650193,-13.20873907,2910.572
     -72.38650193,-13.20873907,2910.572
     -72.38650193,-13.20873907,2910.572
     -72.38650193,-13.20873907,2910.572
     -72.38650193,-13.20873907,2910.572
     -72.38650193,-13.20873907,2910.572
     -72.38650193,-13.20873907,2910.572
     -72.38650193,-13.20873907,2910.572
     -72.38650193,-13.20873907,2910.572
     -72.38650193,-13.20873907,2910.572
     -72.38650193,-13.20873907,2910.572
     -72.38650193,-13.20873907,2910.572
     -72.38650193,-13.20873907,2910.572
     -72.38650193,-13.20873907,2910.572
     -72.38650193,-13.20873907,2910.572
     -72.38650193,-13.20873907,2910.572
     -72.38650193,-13.20873907,2910.572
     -72.38650193,-13.20873907,2910.572
     -72.38650193,-13.20873907,2910.572
     -72.38650193,-13.20873907,2910.572
     -72.38650193,-13.20873907,2910.572
     -72.38650193,-13.20873907,2910.572
     -72.38650193,-13.20873907,2910.572
     -72.38650193,-13.20873907,2910.572
     -72.38650193,-13.20873907,2910.572
     -72.38650193,-13.20873907,2910.572
     -72.38650193,-13.20873907,2910.572
     -72.38650193,-13.20873907,2910.572
     -72.38650193,-13.20873907,2910.572
     -72.38650193,-13.20873907,2910.572
     -72.38650193,-13.20873907,2910.572
     -72.38650193,-13.20873907,2910.572
     -72.38650193,-13.20873907,2910.572
     -72.38650193,-13.20873907,2910.572
     -72.38650193,-13.20873907,2910.572
     -72.38650193,-13.20873907,2910.572
     -72.38650193,-13.20873907,2910.572
     -72.38650193,-13.20873907,2910.572
     -72.38650193,-13.20873907,2910.572
     -72.38650193,-13.20873907,2910.572
     -72.38650193,-13.20873907,2910.572
     -72.38650193,-13.20873907,2910.572
     -72.38650193,-13.20873907,2910.572
     -72.38650193,-13.20873907,2910.572
     -72.38650193,-13.20873907,2910.572
     -72.38650193,-13.20873907,2910.572
     -72.38650193,-13.20873907,2910.572
     -72.38650193,-13.20873907,2910.572
     -72.38650193,-13.20873907,2910.572
     -72.38650193,-13.20873907,2910.572
     -72.38650193,-13.20873907,2910.572
     -72.38650193,-13.20873907,2910.572
     -72.38650193,-13.20873907,2910.572
     -72.38650193,-13.20873907,2910.572
     -72.38650193,-13.20873907,2910.572
     -72.38650193,-13.20873907,2910.572
     -72.38650193,-13.20873907,2910.572
     -72.38650193,-13.20873907,2910.572
     -72.38650193,-13.20873907,2910.572
     -72.38650193,-13.20873907,2910.572
     -72.38650193,-13.20873907,2910.572
     -72.38650193,-13.20873907,2910.572
     -72.38650193,-13.20873907,2910.572
     -72.38650193,-13.20873907,2910.572
     -72.38650193,-13.20873907,2910.572
     -72.38650193,-13.20873907,2910.572
     -72.38650193,-13.20873907,2910.572
     -72.38650193,-13.20873907,2910.572
     -72.38650193,-13.20873907,2910.572
     -72.38650193,-13.20873907,2910.572
     -72.38650193,-13.20873907,2910.572
     -72.38650193,-13.20873907,2910.572
     -72.38650193,-13.20873907,2910.572
     -72.38650193,-13.20873907,2910.572
     -72.38650193,-13.20873907,2910.572
     -72.38650193,-13.20873907,2910.572
     -72.38650193,-13.20873907,2910.572
     -72.38650193,-13.20873907,2910.572
     -72.38650193,-13.20873907,2910.572
     -72.38650193,-13.20873907,2910.572
     -72.38650193,-13.20873907,2910.572
     -72.38650193,-13.20873907,2910.572
     -72.38650193,-13.20873907,2910.572
     -72.38650193,-13.20873907,2910.572
     -72.38650193,-13.20873907,2910.572
     -72.38650193,-13.20873907,2910.572
     -72.38650193,-13.20873907,2910.572
     -72.38650193,-13.20873907,2910.572
     -72.38650193,-13.20873907,2910.572
     -72.38650193,-13.20873907,2910.572
     -72.38650193,-13.20873907,2910.572
     -72.38650193,-13.20873907,2910.572
     -72.38650193,-13.20873907,2910.572
     -72.38650193,-13.20873907,2910.572
     -72.38650193,-13.20873907,2910.572
     -72.38650193,-13.20873907,2910.572
     -72.38650193,-13.20873907,2910.572
     -72.38650193,-13.20873907,2910.572
     -72.38650193,-13.20873907,2910.572
     -72.38650193,-13.20873907,2910.572
     -72.38650193,-13.20873907,2910.572
     -72.38650193,-13.20873907,2910.572
     -72.38650193,-13.20873907,2910.572
     -72.38650193,-13.20873907,2910.572
     -72.38650193,-13.20873907,2910.572
     -72.38650193,-13.20873907,2910.572
     -72.38650193,-13.20873907,2910.572
     -72.38650193,-13.20873907,2910.572
     -72.38650193,-13.20873907,2910.572
     -72.38650193,-13.20873907,2910.572
     -72.38650193,-13.20873907,2910.572
     -72.38650193,-13.20873907,2910.572
     -72.38650193,-13.20873907,2910.572
     -72.38650193,-13.20873907,2910.572
     -72.38650193,-13.20873907,2910.572
     -72.38650193,-13.20873907,2910.572
     -72.38650193,-13.20873907,2910.572
     -72.38650193,-13.20873907,2910.572
     -72.38650193,-13.20873907,2910.572
     -72.38650193,-13.20873907,2910.572
     -72.38650193,-13.20873907,2910.572
     -72.38650193,-13.20873907,2910.572
     -72.38650193,-13.20873907,2910.572
     -72.38650193,-13.20873907,2910.572
     -72.38650193,-13.20873907,2910.572
     -72.38650193,-13.20873907,2910.572
     -72.38650193,-13.20873907,2910.572
     -72.38650193,-13.20873907,2910.572
     -72.38650193,-13.20873907,2910.572
     -72.38650193,-13.20873907,2910.572
     -72.38650193,-13.20873907,2910.572
     -72.38650193,-13.20873907,2910.572
     -72.38650193,-13.20873907,2910.572
     -72.38650193,-13.20873907,2910.572
     -72.38650193,-13.20873907,2910.572
     -72.38650193,-13.20873907,2910.572
     -72.38650193,-13.20873907,2910.572
     -72.38650193,-13.20873907,2910.572
     -72.38650193,-13.20873907,2910.572
     -72.38650193,-13.20873907,2910.572
     -72.38650193,-13.20873907,2910.572
     -72.38650193,-13.20873907,2910.572
     -72.38650193,-13.20873907,2910.572
     -72.38650193,-13.20873907,2910.572
     -72.38650193,-13.20873907,2910.572
     -72.38650193,-13.20873907,2910.572
     -72.38650193,-13.20873907,2910.572
     -72.38650193,-13.20873907,2910.572
     -72.38650193,-13.20873907,2910.572
     -72.38650193,-13.20873907,2910.572
     -72.38650193,-13.20873907,2910.572
     -72.38650193,-13.20873907,2910.572
     -72.38650193,-13.20873907,2910.572
     -72.38650193,-13.20873907,2910.572
     -72.38650193,-13.20873907,2910.572
     -72.38650193,-13.20873907,2910.572
     -72.38650193,-13.20873907,2910.572
     -72.38650193,-13.20873907,2910.572
     -72.38650193,-13.20873907,2910.572
     -72.38650193,-13.20873907,2910.572
     -72.38650193,-13.20873907,2910.572
     -72.38650193,-13.20873907,2910.572
     -72.38650193,-13.20873907,2910.572
     -72.38650193,-13.20873907,2910.572
     -72.38650193,-13.20873907,2910.572
     -72.38650193,-13.20873907,2910.572
     -72.38650193,-13.20873907,2910.572
     -72.38650193,-13.20873907,2910.572
     -72.38650193,-13.20873907,2910.572
     -72.38650193,-13.20873907,2910.572
     -72.38650193,-13.20873907,2910.572
     -72.38650193,-13.20873907,2910.572
     -72.38650193,-13.20873907,2910.572
     -72.38650193,-13.20873907,2910.572
     -72.38650193,-13.20873907,2910.572
     -72.38650193,-13.20873907,2910.572
     -72.38650193,-13.20873907,2910.572
     -72.38650193,-13.20873907,2910.572
     -72.38650193,-13.20873907,2910.572
     -72.38650193,-13.20873907,2910.572
     -72.38650193,-13.20873907,2910.572
     -72.38650193,-13.20873907,2910.572
     -72.38650193,-13.20873907,2910.572
     -72.38650193,-13.20873907,2910.572
     -72.38650193,-13.20873907,2910.572
     -72.38650193,-13.20873907,2910.572
     -72.38650193,-13.20873907,2910.572
     -72.38650193,-13.20873907,2910.572
     -72.38650193,-13.20873907,2910.572
     -72.38650193,-13.20873907,2910.572
     -72.38650193,-13.20873907,2910.572
     -72.38650193,-13.20873907,2910.572
     -72.38650193,-13.20873907,2910.572
     -72.38650193,-13.20873907,2910.572
     -72.38650193,-13.20873907,2910.572
     -72.38650193,-13.20873907,2910.572
     -72.38650193,-13.20873907,2910.572
     -72.38650193,-13.20873907,2910.572
     -72.38650193,-13.20873907,2910.572
     -72.38650193,-13.20873907,2910.572
     -72.38650193,-13.20873907,2910.572
     -72.38650193,-13.20873907,2910.572
     -72.38650193,-13.20873907,2910.572
     -72.38650193,-13.20873907,2910.572
     -72.38650193,-13.20873907,2910.572
     -72.38650193,-13.20873907,2910.572
     -72.38650193,-13.20873907,2910.572
     -72.38650193,-13.20873907,2910.572
     -72.38650193,-13.20873907,2910.572
     -72.38650193,-13.20873907,2910.572
     -72.38650193,-13.20873907,2910.572
     -72.38650193,-13.20873907,2910.572
     -72.38650193,-13.20873907,2910.572
     -72.38650193,-13.20873907,2910.572
     -72.38650193,-13.20873907,2910.572
     -72.38650193,-13.20873907,2910.572
     -72.38650193,-13.20873907,2910.572
     -72.38650193,-13.20873907,2910.572
     -72.38650193,-13.20873907,2910.572
     -72.38650193,-13.20873907,2910.572
     -72.38650193,-13.20873907,2910.572
     -72.38650193,-13.20873907,2910.572
     -72.38650193,-13.20873907,2910.572
     -72.38650193,-13.20873907,2910.572
     -72.38650193,-13.20873907,2910.572
     -72.38650193,-13.20873907,2910.572
     -72.38650193,-13.20873907,2910.572
     -72.38650193,-13.20873907,2910.572
     -72.38650193,-13.20873907,2910.572
     -72.38650193,-13.20873907,2910.572
     -72.38650193,-13.20873907,2910.572
     -72.38650193,-13.20873907,2910.572
     -72.38650193,-13.20873907,2910.572
     -72.38650193,-13.20873907,2910.572
     -72.38650193,-13.20873907,2910.572
     -72.38650193,-13.20873907,2910.572
     -72.38650193,-13.20873907,2910.572
     -72.38650193,-13.20873907,2910.572
     -72.38650193,-13.20873907,2910.572
     -72.38650193,-13.20873907,2910.572
     -72.38650193,-13.20873907,2910.572
     -72.38650193,-13.20873907,2910.572
     -72.38650193,-13.20873907,2910.572
     -72.38650193,-13.20873907,2910.572
     -72.38650193,-13.20873907,2910.572
     -72.38650193,-13.20873907,2910.572
     -72.38650193,-13.20873907,2910.572
     -72.38650193,-13.20873907,2910.572
     -72.38650193,-13.20873907,2910.572
     -72.38650193,-13.20873907,2910.572
     -72.38650193,-13.20873907,2910.572
     -72.38650193,-13.20873907,2910.572
     -72.38650193,-13.20873907,2910.572
     -72.38650193,-13.20873907,2910.572
     -72.38650193,-13.20873907,2910.572
     -72.38650193,-13.20873907,2910.572
     -72.38650193,-13.20873907,2910.572
     -72.38650193,-13.20873907,2910.572
     -72.38650193,-13.20873907,2910.572
     -72.38650193,-13.20873907,2910.572
     -72.38650193,-13.20873907,2910.572
     -72.38650193,-13.20873907,2910.572
     -72.38650193,-13.20873907,2910.572
     -72.38650193,-13.20873907,2910.572
     -72.38650193,-13.20873907,2910.572
     -72.38650193,-13.20873907,2910.572
     -72.38650193,-13.20873907,2910.572
     -72.38650193,-13.20873907,2910.572
     -72.38650193,-13.20873907,2910.572
     -72.38650193,-13.20873907,2910.572
     -72.38650193,-13.20873907,2910.572
     -72.38650193,-13.20873907,2910.572
     -72.38650193,-13.20873907,2910.572
     -72.38650193,-13.20873907,2910.572
     -72.38650193,-13.20873907,2910.572
     -72.38650193,-13.20873907,2910.572
     -72.38650193,-13.20873907,2910.572
     -72.38650193,-13.20873907,2910.572
     -72.38650193,-13.20873907,2910.572
     -72.38650193,-13.20873907,2910.572
     -72.38650193,-13.20873907,2910.572
     -72.38650193,-13.20873907,2910.572
     -72.38650193,-13.20873907,2910.572
     -72.38650193,-13.20873907,2910.572
     -72.38650193,-13.20873907,2910.572
     -72.38650193,-13.20873907,2910.572
     -72.38650193,-13.20873907,2910.572
     -72.38650193,-13.20873907,2910.572
     -72.38650193,-13.20873907,2910.572
     -72.38650193,-13.20873907,2910.572
     -72.38650193,-13.20873907,2910.572
     -72.38650193,-13.20873907,2910.572
     -72.38650193,-13.20873907,2910.572
     -72.38650193,-13.20873907,2910.572
     -72.38650193,-13.20873907,2910.572
     -72.38650193,-13.20873907,2910.572
     -72.38650193,-13.20873907,2910.572
     -72.38650193,-13.20873907,2910.572
     -72.38650193,-13.20873907,2910.572
     -72.38650193,-13.20873907,2910.572
     -72.38650193,-13.20873907,2910.572
     -72.38650193,-13.20873907,2910.572
     -72.38650193,-13.20873907,2910.572
     -72.38650193,-13.20873907,2910.572
     -72.38650193,-13.20873907,2910.572
     -72.38650193,-13.20873907,2910.572
     -72.38650193,-13.20873907,2910.572
     -72.38650193,-13.20873907,2910.572
     -72.38650193,-13.20873907,2910.572
     -72.38650193,-13.20873907,2910.572
     -72.38650193,-13.20873907,2910.572
     -72.38650193,-13.20873907,2910.572
     -72.38650193,-13.20873907,2910.572
     -72.38650193,-13.20873907,2910.572
     -72.38650193,-13.20873907,2910.572
     -72.38650193,-13.20873907,2910.572
     -72.38650193,-13.20873907,2910.572
     -72.38650193,-13.20873907,2910.572
     -72.38650193,-13.20873907,2910.572
     -72.38650193,-13.20873907,2910.572
     -72.38650193,-13.20873907,2910.572
     -72.38650193,-13.20873907,2910.572
     -72.38650193,-13.20873907,2910.572
     -72.38650193,-13.20873907,2910.572
     -72.38650193,-13.20873907,2910.572
     -72.38650193,-13.20873907,2910.572
     -72.38650193,-13.20873907,2910.572
     -72.38650193,-13.20873907,2910.572
     -72.38650193,-13.20873907,2910.572
     -72.38650193,-13.20873907,2910.572
     -72.38650193,-13.20873907,2910.572
     -72.38650193,-13.20873907,2910.572
     -72.38650193,-13.20873907,2910.572
     -72.38650193,-13.20873907,2910.572
     -72.38650193,-13.20873907,2910.572
     -72.38650193,-13.20873907,2910.572
     -72.38650193,-13.20873907,2910.572
     -72.38650193,-13.20873907,2910.572
     -72.38650193,-13.20873907,2910.572
     -72.38650193,-13.20873907,2910.572
     -72.38650193,-13.20873907,2910.572
     -72.38650193,-13.20873907,2910.572
     -72.38650193,-13.20873907,2910.572
     -72.38650193,-13.20873907,2910.572
     -72.38650193,-13.20873907,2910.572
     -72.38650193,-13.20873907,2910.572
     -72.38650193,-13.20873907,2910.572
     -72.38650193,-13.20873907,2910.572
     -72.38650193,-13.20873907,2910.572
     -72.38650193,-13.20873907,2910.572
     -72.38650193,-13.20873907,2910.572
     -72.38650193,-13.20873907,2910.572
     -72.38650193,-13.20873907,2910.572
     -72.38650193,-13.20873907,2910.572
     -72.38650193,-13.20873907,2910.572
     -72.38650193,-13.20873907,2910.572
     -72.38650193,-13.20873907,2910.572
     -72.38650193,-13.20873907,2910.572
     -72.38650193,-13.20873907,2910.572
     -72.38650193,-13.20873907,2910.572
     -72.38650193,-13.20873907,2910.572
     -72.38650193,-13.20873907,2910.572
     -72.38650193,-13.20873907,2910.572
     -72.38650193,-13.20873907,2910.572
     -72.38650193,-13.20873907,2910.572
     -72.38650193,-13.20873907,2910.572
     -72.38650193,-13.20873907,2910.572
     -72.38650193,-13.20873907,2910.572
     -72.38650193,-13.20873907,2910.572
     -72.38650193,-13.20873907,2910.572
     -72.38650193,-13.20873907,2910.572
     -72.38650193,-13.20873907,2910.572
     -72.38650193,-13.20873907,2910.572
     -72.38650193,-13.20873907,2910.572
     -72.38650193,-13.20873907,2910.572
     -72.38650193,-13.20873907,2910.572
     -72.38650193,-13.20873907,2910.572
     -72.38650193,-13.20873907,2910.572
     -72.38650193,-13.20873907,2910.572
     -72.38650193,-13.20873907,2910.572
     -72.38650193,-13.20873907,2910.572
     -72.38650193,-13.20873907,2910.572
     -72.38650193,-13.20873907,2910.572
     -72.38650193,-13.20873907,2910.572
     -72.38650193,-13.20873907,2910.572
     -72.38650193,-13.20873907,2910.572
     -72.38650193,-13.20873907,2910.572
     -72.38650193,-13.20873907,2910.572
     -72.38650193,-13.20873907,2910.572
     -72.38650193,-13.20873907,2910.572
     -72.38650193,-13.20873907,2910.572
     -72.38650193,-13.20873907,2910.572
     -72.38650193,-13.20873907,2910.572
     -72.38650193,-13.20873907,2910.572
     -72.38650193,-13.20873907,2910.572
     -72.38650193,-13.20873907,2910.572
     -72.38650193,-13.20873907,2910.572
     -72.38650193,-13.20873907,2910.572
     -72.38650193,-13.20873907,2910.572
     -72.38650193,-13.20873907,2910.572
     -72.38650193,-13.20873907,2910.572
     -72.38650193,-13.20873907,2910.572
     -72.38650193,-13.20873907,2910.572
     -72.38650193,-13.20873907,2910.572
     -72.38650193,-13.20873907,2910.572
     -72.38650193,-13.20873907,2910.572
     -72.38650193,-13.20873907,2910.572
     -72.38650193,-13.20873907,2910.572
     -72.38650193,-13.20873907,2910.572
     -72.38650193,-13.20873907,2910.572
     -72.38650193,-13.20873907,2910.572
     -72.38650193,-13.20873907,2910.572
     -72.38650193,-13.20873907,2910.572
     -72.38650193,-13.20873907,2910.572
     -72.38650193,-13.20873907,2910.572
     -72.38650193,-13.20873907,2910.572
     -72.38650193,-13.20873907,2910.572
     -72.38650193,-13.20873907,2910.572
     -72.38650193,-13.20873907,2910.572
     -72.38650193,-13.20873907,2910.572
     -72.38650193,-13.20873907,2910.572
     -72.38650193,-13.20873907,2910.572
     -72.38650193,-13.20873907,2910.572
     -72.38650193,-13.20873907,2910.572
     -72.38650193,-13.20873907,2910.572
     -72.38650193,-13.20873907,2910.572
     -72.38650193,-13.20873907,2910.572
     -72.38650193,-13.20873907,2910.572
     -72.38650193,-13.20873907,2910.572
     -72.38650193,-13.20873907,2910.572
     -72.38650193,-13.20873907,2910.572
     -72.38650193,-13.20873907,2910.572
     -72.38650193,-13.20873907,2910.572
     -72.38650193,-13.20873907,2910.572
     -72.38650193,-13.20873907,2910.572
     -72.38650193,-13.20873907,2910.572
     -72.38650193,-13.20873907,2910.572
     -72.38650193,-13.20873907,2910.572
     -72.38650193,-13.20873907,2910.572
     -72.38650193,-13.20873907,2910.572
     -72.38650193,-13.20873907,2910.572
     -72.38650193,-13.20873907,2910.572
     -72.38650193,-13.20873907,2910.572
     -72.38650193,-13.20873907,2910.572
     -72.38650193,-13.20873907,2910.572
     -72.38650193,-13.20873907,2910.572
     -72.38650193,-13.20873907,2910.572
     -72.38650193,-13.20873907,2910.572
     -72.38650193,-13.20873907,2910.572
     -72.38650193,-13.20873907,2910.572
     -72.38650193,-13.20873907,2910.572
     -72.38650193,-13.20873907,2910.572
     -72.38650193,-13.20873907,2910.572
     -72.38650193,-13.20873907,2910.572
     -72.38650193,-13.20873907,2910.572
     -72.38650193,-13.20873907,2910.572
     -72.38650193,-13.20873907,2910.572
     -72.38650193,-13.20873907,2910.572
     -72.38650193,-13.20873907,2910.572
     -72.38650193,-13.20873907,2910.572
     -72.38650193,-13.20873907,2910.572
     -72.38650193,-13.20873907,2910.572
     -72.38650193,-13.20873907,2910.572
     -72.38650193,-13.20873907,2910.572
     -72.38650193,-13.20873907,2910.572
     -72.38650193,-13.20873907,2910.572
     -72.38650193,-13.20873907,2910.572
     -72.38650193,-13.20873907,2910.572
     -72.38650193,-13.20873907,2910.572
     -72.38650193,-13.20873907,2910.572
     -72.38650193,-13.20873907,2910.572
     -72.38650193,-13.20873907,2910.572
     -72.38650193,-13.20873907,2910.572
     -72.38650193,-13.20873907,2910.572
     -72.38650193,-13.20873907,2910.572
     -72.38650193,-13.20873907,2910.572
     -72.38650193,-13.20873907,2910.572
     -72.38650193,-13.20873907,2910.572
     -72.38650193,-13.20873907,2910.572
     -72.38650193,-13.20873907,2910.572
     -72.38650193,-13.20873907,2910.572
     -72.38650193,-13.20873907,2910.572
     -72.38650193,-13.20873907,2910.572
     -72.38650193,-13.20873907,2910.572
     -72.38650193,-13.20873907,2910.572
     -72.38650193,-13.20873907,2910.572
     -72.38650193,-13.20873907,2910.572
     -72.38650193,-13.20873907,2910.572
     -72.38650193,-13.20873907,2910.572
     -72.38650193,-13.20873907,2910.572
     -72.38650193,-13.20873907,2910.572
     -72.38650193,-13.20873907,2910.572
     -72.38650193,-13.20873907,2910.572
     -72.38650193,-13.20873907,2910.572
     -72.38650193,-13.20873907,2910.572
     -72.38650193,-13.20873907,2910.572
     -72.38650193,-13.20873907,2910.572
     -72.38650193,-13.20873907,2910.572
     -72.38650193,-13.20873907,2910.572
     -72.38650193,-13.20873907,2910.572
     -72.38650193,-13.20873907,2910.572
     -72.38650193,-13.20873907,2910.572
     -72.38650193,-13.20873907,2910.572
     -72.38650193,-13.20873907,2910.572
     -72.38650193,-13.20873907,2910.572
     -72.38650193,-13.20873907,2910.572
     -72.38650193,-13.20873907,2910.572
     -72.38650193,-13.20873907,2910.572
     -72.38650193,-13.20873907,2910.572
     -72.38650193,-13.20873907,2910.572
     -72.38650193,-13.20873907,2910.572
     -72.38650193,-13.20873907,2910.572
     -72.38650193,-13.20873907,2910.572
     -72.38650193,-13.20873907,2910.572
     -72.38650193,-13.20873907,2910.572
     -72.38650193,-13.20873907,2910.572
     -72.38650193,-13.20873907,2910.572
     -72.38650193,-13.20873907,2910.572
     -72.38650193,-13.20873907,2910.572
     -72.38650193,-13.20873907,2910.572
     -72.38650193,-13.20873907,2910.572
     -72.38650193,-13.20873907,2910.572
     -72.38650193,-13.20873907,2910.572
     -72.38650193,-13.20873907,2910.572
     -72.38650193,-13.20873907,2910.572
     -72.38650193,-13.20873907,2910.572
     -72.38650193,-13.20873907,2910.572
     -72.38650193,-13.20873907,2910.572
     -72.38650193,-13.20873907,2910.572
     -72.38650193,-13.20873907,2910.572
     -72.38650193,-13.20873907,2910.572
     -72.38650193,-13.20873907,2910.572
     -72.38650193,-13.20873907,2910.572
     -72.38650193,-13.20873907,2910.572
     -72.38650193,-13.20873907,2910.572
     -72.38650193,-13.20873907,2910.572
     -72.38650193,-13.20873907,2910.572
     -72.38650193,-13.20873907,2910.572
     -72.38650193,-13.20873907,2910.572
     -72.38650193,-13.20873907,2910.572
     -72.38650193,-13.20873907,2910.572
     -72.38650193,-13.20873907,2910.572
     -72.38650193,-13.20873907,2910.572
     -72.38650193,-13.20873907,2910.572
     -72.38650193,-13.20873907,2910.572
     -72.38650193,-13.20873907,2910.572
     -72.38650193,-13.20873907,2910.572
     -72.38650193,-13.20873907,2910.572
     -72.38650193,-13.20873907,2910.572
     -72.38650193,-13.20873907,2910.572
     -72.38650193,-13.20873907,2910.572
     -72.38650193,-13.20873907,2910.572
     -72.38650193,-13.20873907,2910.572
     -72.38650193,-13.20873907,2910.572
     -72.38650193,-13.20873907,2910.572
     -72.38650193,-13.20873907,2910.572
     -72.38650193,-13.20873907,2910.572
     -72.38650193,-13.20873907,2910.572
     -72.38650193,-13.20873907,2910.572
     -72.38650193,-13.20873907,2910.572
     -72.38650193,-13.20873907,2910.572
     -72.38650193,-13.20873907,2910.572
     -72.38650193,-13.20873907,2910.572
     -72.38650193,-13.20873907,2910.572
     -72.38650193,-13.20873907,2910.572
     -72.38650193,-13.20873907,2910.572
     -72.38650193,-13.20873907,2910.572
     -72.38650193,-13.20873907,2910.572
     -72.38650193,-13.20873907,2910.572
     -72.38650193,-13.20873907,2910.572
     -72.38650193,-13.20873907,2910.572
     -72.38650193,-13.20873907,2910.572
     -72.38650193,-13.20873907,2910.572
     -72.38650193,-13.20873907,2910.572
     -72.38650193,-13.20873907,2910.572
     -72.38650193,-13.20873907,2910.572
     -72.38650193,-13.20873907,2910.572
     -72.38650193,-13.20873907,2910.572
     -72.38650193,-13.20873907,2910.572
     -72.38650193,-13.20873907,2910.572
     -72.38650193,-13.20873907,2910.572
     -72.38650193,-13.20873907,2910.572
     -72.38650193,-13.20873907,2910.572
     -72.38650193,-13.20873907,2910.572
     -72.38650193,-13.20873907,2910.572
     -72.38650193,-13.20873907,2910.572
     -72.38650193,-13.20873907,2910.572
     -72.38650193,-13.20873907,2910.572
     -72.38650193,-13.20873907,2910.572
     -72.38650193,-13.20873907,2910.572
     -72.38650193,-13.20873907,2910.572
     -72.38650193,-13.20873907,2910.572
     -72.38650193,-13.20873907,2910.572
     -72.38650193,-13.20873907,2910.572
     -72.38650193,-13.20873907,2910.572
     -72.38650193,-13.20873907,2910.572
     -72.38650193,-13.20873907,2910.572
     -72.38650193,-13.20873907,2910.572
     -72.38650193,-13.20873907,2910.572
     -72.38650193,-13.20873907,2910.572
     -72.38650193,-13.20873907,2910.572
     -72.38650193,-13.20873907,2910.572
     -72.38650193,-13.20873907,2910.572
     -72.38650193,-13.20873907,2910.572
     -72.38650193,-13.20873907,2910.572
     -72.38650193,-13.20873907,2910.572
     -72.38650193,-13.20873907,2910.572
     -72.38650193,-13.20873907,2910.572
     -72.38650193,-13.20873907,2910.572
     -72.38650193,-13.20873907,2910.572
     -72.38650193,-13.20873907,2910.572
     -72.38650193,-13.20873907,2910.572
     -72.38650193,-13.20873907,2910.572
     -72.38650193,-13.20873907,2910.572
     -72.38650193,-13.20873907,2910.572
     -72.38650193,-13.20873907,2910.572
     -72.38650193,-13.20873907,2910.572
     -72.38650193,-13.20873907,2910.572
     -72.38650193,-13.20873907,2910.572
     -72.38650193,-13.20873907,2910.572
     -72.38650193,-13.20873907,2910.572
     -72.38650193,-13.20873907,2910.572
     -72.38650193,-13.20873907,2910.572
     -72.38650193,-13.20873907,2910.572
     -72.38650193,-13.20873907,2910.572
     -72.38650193,-13.20873907,2910.572
     -72.38650193,-13.20873907,2910.572
     -72.38650193,-13.20873907,2910.572
     -72.38650193,-13.20873907,2910.572
     -72.38650193,-13.20873907,2910.572
     -72.38650193,-13.20873907,2910.572
     -72.38650193,-13.20873907,2910.572
     -72.38650193,-13.20873907,2910.572
     -72.38650193,-13.20873907,2910.572
     -72.38650193,-13.20873907,2910.572
     -72.38650193,-13.20873907,2910.572
     -72.38650193,-13.20873907,2910.572
     -72.38650193,-13.20873907,2910.572
     -72.38650193,-13.20873907,2910.572
     -72.38650193,-13.20873907,2910.572
     -72.38650193,-13.20873907,2910.572
     -72.38650193,-13.20873907,2910.572
     -72.38650193,-13.20873907,2910.572
     -72.38650193,-13.20873907,2910.572
     -72.38650193,-13.20873907,2910.572
     -72.38650193,-13.20873907,2910.572
     -72.38650193,-13.20873907,2910.572
     -72.38650193,-13.20873907,2910.572
     -72.38650193,-13.20873907,2910.572
     -72.38650193,-13.20873907,2910.572
     -72.38650193,-13.20873907,2910.572
     -72.38650193,-13.20873907,2910.572
     -72.38650193,-13.20873907,2910.572
     -72.38650193,-13.20873907,2910.572
     -72.38650193,-13.20873907,2910.572
     -72.38650193,-13.20873907,2910.572
     -72.38650193,-13.20873907,2910.572
     -72.38650193,-13.20873907,2910.572
     -72.38650193,-13.20873907,2910.572
     -72.38650193,-13.20873907,2910.572
     -72.38650193,-13.20873907,2910.572
     -72.38650193,-13.20873907,2910.572
     -72.38650193,-13.20873907,2910.572
     -72.38650193,-13.20873907,2910.572
     -72.38650193,-13.20873907,2910.572
     -72.38650193,-13.20873907,2910.572
     -72.38650193,-13.20873907,2910.572
     -72.38650193,-13.20873907,2910.572
     -72.38650193,-13.20873907,2910.572
     -72.38650193,-13.20873907,2910.572
     -72.38650193,-13.20873907,2910.572
     -72.38650193,-13.20873907,2910.572
     -72.38650193,-13.20873907,2910.572
     -72.38650193,-13.20873907,2910.572
     -72.38650193,-13.20873907,2910.572
     -72.38650193,-13.20873907,2910.572
     -72.38650193,-13.20873907,2910.572
     -72.38650193,-13.20873907,2910.572
     -72.38650193,-13.20873907,2910.572
     -72.38650193,-13.20873907,2910.572
     -72.38650193,-13.20873907,2910.572
     -72.38650193,-13.20873907,2910.572
     -72.38650193,-13.20873907,2910.572
     -72.38650193,-13.20873907,2910.572
     -72.38650193,-13.20873907,2910.572
     -72.38650193,-13.20873907,2910.572
     -72.38650193,-13.20873907,2910.572
     -72.38650193,-13.20873907,2910.572
     -72.38650193,-13.20873907,2910.572
     -72.38650193,-13.20873907,2910.572
     -72.38650193,-13.20873907,2910.572
     -72.38650193,-13.20873907,2910.572
     -72.38650193,-13.20873907,2910.572
     -72.38650193,-13.20873907,2910.572
     -72.38650193,-13.20873907,2910.572
     -72.38650193,-13.20873907,2910.572
     -72.38650193,-13.20873907,2910.572
     -72.38650193,-13.20873907,2910.572
     -72.38650193,-13.20873907,2910.572
     -72.38650193,-13.20873907,2910.572
     -72.38650193,-13.20873907,2910.572
     -72.38650193,-13.20873907,2910.572
     -72.38650193,-13.20873907,2910.572
     -72.38650193,-13.20873907,2910.572
     -72.38650193,-13.20873907,2910.572
     -72.38650193,-13.20873907,2910.572
     -72.38650193,-13.20873907,2910.572
     -72.38650193,-13.20873907,2910.572
     -72.38650193,-13.20873907,2910.572
     -72.38650193,-13.20873907,2910.572
     -72.38650193,-13.20873907,2910.572
     -72.38650193,-13.20873907,2910.572
     -72.38650193,-13.20873907,2910.572
     -72.38650193,-13.20873907,2910.572
     -72.38650193,-13.20873907,2910.572
     -72.38650193,-13.20873907,2910.572
     -72.38650193,-13.20873907,2910.572
     -72.38650193,-13.20873907,2910.572
     -72.38650193,-13.20873907,2910.572
     -72.38650193,-13.20873907,2910.572
     -72.38650193,-13.20873907,2910.572
     -72.38650193,-13.20873907,2910.572
     -72.38650193,-13.20873907,2910.572
     -72.38650193,-13.20873907,2910.572
     -72.38650193,-13.20873907,2910.572
     -72.38650193,-13.20873907,2910.572
     -72.38650193,-13.20873907,2910.572
     -72.38650193,-13.20873907,2910.572
     -72.38650193,-13.20873907,2910.572
     -72.38650193,-13.20873907,2910.572
     -72.38650193,-13.20873907,2910.572
     -72.38650193,-13.20873907,2910.572
     -72.38650193,-13.20873907,2910.572
     -72.38650193,-13.20873907,2910.572
     -72.38650193,-13.20873907,2910.572
     -72.38650193,-13.20873907,2910.572
     -72.38650193,-13.20873907,2910.572
     -72.38650193,-13.20873907,2910.572
     -72.38650193,-13.20873907,2910.572
     -72.38650193,-13.20873907,2910.572
     -72.38650193,-13.20873907,2910.572
     -72.38650193,-13.20873907,2910.572
     -72.38650193,-13.20873907,2910.572
     -72.38650193,-13.20873907,2910.572
     -72.38650193,-13.20873907,2910.572
     -72.38650193,-13.20873907,2910.572
     -72.38650193,-13.20873907,2910.572
     -72.38650193,-13.20873907,2910.572
     -72.38650193,-13.20873907,2910.572
     -72.38650193,-13.20873907,2910.572
     -72.38650193,-13.20873907,2910.572
     -72.38650193,-13.20873907,2910.572
     -72.38650193,-13.20873907,2910.572
     -72.38650193,-13.20873907,2910.572
     -72.38650193,-13.20873907,2910.572
     -72.38650193,-13.20873907,2910.572
     -72.38650193,-13.20873907,2910.572
     -72.38650193,-13.20873907,2910.572
     -72.38650193,-13.20873907,2910.572
     -72.38650193,-13.20873907,2910.572
     -72.38650193,-13.20873907,2910.572
     -72.38650193,-13.20873907,2910.572
     -72.38650193,-13.20873907,2910.572
     -72.38650193,-13.20873907,2910.572
     -72.38650193,-13.20873907,2910.572
     -72.38650193,-13.20873907,2910.572
     -72.38650193,-13.20873907,2910.572
     -72.38650193,-13.20873907,2910.572
     -72.38650193,-13.20873907,2910.572
     -72.38650193,-13.20873907,2910.572
     -72.38650193,-13.20873907,2910.572
     -72.38650193,-13.20873907,2910.572
     -72.38650193,-13.20873907,2910.572
     -72.38650193,-13.20873907,2910.572
     -72.38650193,-13.20873907,2910.572
     -72.38650193,-13.20873907,2910.572
     -72.38650193,-13.20873907,2910.572
     -72.38650193,-13.20873907,2910.572
     -72.38650193,-13.20873907,2910.572
     -72.38650193,-13.20873907,2910.572
     -72.38650193,-13.20873907,2910.572
     -72.38650193,-13.20873907,2910.572
     -72.38650193,-13.20873907,2910.572
     -72.38650193,-13.20873907,2910.572
     -72.38650193,-13.20873907,2910.572
     -72.38650193,-13.20873907,2910.572
     -72.38650193,-13.20873907,2910.572
     -72.38650193,-13.20873907,2910.572
     -72.38650193,-13.20873907,2910.572
     -72.38650193,-13.20873907,2910.572
     -72.38650193,-13.20873907,2910.572
     -72.38650193,-13.20873907,2910.572
     -72.38650193,-13.20873907,2910.572
     -72.38650193,-13.20873907,2910.572
     -72.38650193,-13.20873907,2910.572
     -72.38650193,-13.20873907,2910.572
     -72.38650193,-13.20873907,2910.572
     -72.38650193,-13.20873907,2910.572
     -72.38650193,-13.20873907,2910.572
     -72.38650193,-13.20873907,2910.572
     -72.38650193,-13.20873907,2910.572
     -72.38650193,-13.20873907,2910.572
     -72.38650193,-13.20873907,2910.572
     -72.38650193,-13.20873907,2910.572
     -72.38650193,-13.20873907,2910.572
     -72.38650193,-13.20873907,2910.572
     -72.38650193,-13.20873907,2910.572
     -72.38650193,-13.20873907,2910.572
     -72.38650193,-13.20873907,2910.572
     -72.38650193,-13.20873907,2910.572
     -72.38650193,-13.20873907,2910.572
     -72.38650193,-13.20873907,2910.572
     -72.38650193,-13.20873907,2910.572
     -72.38650193,-13.20873907,2910.572
     -72.38650193,-13.20873907,2910.572
     -72.38650193,-13.20873907,2910.572
     -72.38650193,-13.20873907,2910.572
     -72.38650193,-13.20873907,2910.572
     -72.38650193,-13.20873907,2910.572
     -72.38650193,-13.20873907,2910.572
     -72.38650193,-13.20873907,2910.572
     -72.38650193,-13.20873907,2910.572
     -72.38650193,-13.20873907,2910.572
     -72.38650193,-13.20873907,2910.572
     -72.38650193,-13.20873907,2910.572
     -72.38650193,-13.20873907,2910.572
     -72.38650193,-13.20873907,2910.572
     -72.38650193,-13.20873907,2910.572
     -72.38650193,-13.20873907,2910.572
     -72.38650193,-13.20873907,2910.572
     -72.38650193,-13.20873907,2910.572
     -72.38650193,-13.20873907,2910.572
     -72.38650193,-13.20873907,2910.572
     -72.38650193,-13.20873907,2910.572
     -72.38650193,-13.20873907,2910.572
     -72.38650193,-13.20873907,2910.572
     -72.38650193,-13.20873907,2910.572
     -72.38650193,-13.20873907,2910.572
     -72.38650193,-13.20873907,2910.572
     -72.38650193,-13.20873907,2910.572
     -72.38650193,-13.20873907,2910.572
     -72.38650193,-13.20873907,2910.572
     -72.38650193,-13.20873907,2910.572
     -72.38650193,-13.20873907,2910.572
     -72.38650193,-13.20873907,2910.572
     -72.38650193,-13.20873907,2910.572
     -72.38650193,-13.20873907,2910.572
     -72.38650193,-13.20873907,2910.572
     -72.38650193,-13.20873907,2910.572
     -72.38650193,-13.20873907,2910.572
     -72.38650193,-13.20873907,2910.572
     -72.38650193,-13.20873907,2910.572
     -72.38650193,-13.20873907,2910.572
     -72.38650193,-13.20873907,2910.572
     -72.38650193,-13.20873907,2910.572
     -72.38650193,-13.20873907,2910.572
     -72.38650193,-13.20873907,2910.572
     -72.38650193,-13.20873907,2910.572
     -72.38650193,-13.20873907,2910.572
     -72.38650193,-13.20873907,2910.572
     -72.38650193,-13.20873907,2910.572
     -72.38650193,-13.20873907,2910.572
     -72.38650193,-13.20873907,2910.572
     -72.38650193,-13.20873907,2910.572
     -72.38650193,-13.20873907,2910.572
     -72.38650193,-13.20873907,2910.572
     -72.38650193,-13.20873907,2910.572
     -72.38650193,-13.20873907,2910.572
     -72.38650193,-13.20873907,2910.572
     -72.38650193,-13.20873907,2910.572
     -72.38650193,-13.20873907,2910.572
     -72.38650193,-13.20873907,2910.572
     -72.38650193,-13.20873907,2910.572
     -72.38650193,-13.20873907,2910.572
     -72.38650193,-13.20873907,2910.572
     -72.38650193,-13.20873907,2910.572
     -72.38650193,-13.20873907,2910.572
     -72.38650193,-13.20873907,2910.572
     -72.38650193,-13.20873907,2910.572
     -72.38650193,-13.20873907,2910.572
     -72.38650193,-13.20873907,2910.572
     -72.38650193,-13.20873907,2910.572
     -72.38650193,-13.20873907,2910.572
     -72.38650193,-13.20873907,2910.572
     -72.38650193,-13.20873907,2910.572
     -72.38650193,-13.20873907,2910.572
     -72.38650193,-13.20873907,2910.572
     -72.38650193,-13.20873907,2910.572
     -72.38650193,-13.20873907,2910.572
     -72.38650193,-13.20873907,2910.572
     -72.38650193,-13.20873907,2910.572
     -72.38650193,-13.20873907,2910.572
     -72.38650193,-13.20873907,2910.572
     -72.38650193,-13.20873907,2910.572
     -72.38650193,-13.20873907,2910.572
     -72.38650193,-13.20873907,2910.572
     -72.38650193,-13.20873907,2910.572
     -72.38650193,-13.20873907,2910.572
     -72.38650193,-13.20873907,2910.572
     -72.38650193,-13.20873907,2910.572
     -72.38650193,-13.20873907,2910.572
     -72.38650193,-13.20873907,2910.572
     -72.38650193,-13.20873907,2910.572
     -72.38650193,-13.20873907,2910.572
     -72.38650193,-13.20873907,2910.572
     -72.38650193,-13.20873907,2910.572
     -72.38650193,-13.20873907,2910.572
     -72.38650193,-13.20873907,2910.572
     -72.38650193,-13.20873907,2910.572
     -72.38650193,-13.20873907,2910.572
     -72.38650193,-13.20873907,2910.572
     -72.38650193,-13.20873907,2910.572
     -72.38650193,-13.20873907,2910.572
     -72.38650193,-13.20873907,2910.572
     -72.38650193,-13.20873907,2910.572
     -72.38650193,-13.20873907,2910.572
     -72.38650193,-13.20873907,2910.572
     -72.38650193,-13.20873907,2910.572
     -72.38650193,-13.20873907,2910.572
     -72.38650193,-13.20873907,2910.572
     -72.38650193,-13.20873907,2910.572
     -72.38650193,-13.20873907,2910.572
     -72.38650193,-13.20873907,2910.572
     -72.38650193,-13.20873907,2910.572
     -72.38650193,-13.20873907,2910.572
     -72.38650193,-13.20873907,2910.572
     -72.38650193,-13.20873907,2910.572
     -72.38650193,-13.20873907,2910.572
     -72.38650193,-13.20873907,2910.572
     -72.38650193,-13.20873907,2910.572
     -72.38650193,-13.20873907,2910.572
     -72.38650193,-13.20873907,2910.572
     -72.38650193,-13.20873907,2910.572
     -72.38650193,-13.20873907,2910.572
     -72.38650193,-13.20873907,2910.572
     -72.38650193,-13.20873907,2910.572
     -72.38650193,-13.20873907,2910.572
     -72.38650193,-13.20873907,2910.572
     -72.38650193,-13.20873907,2910.572
     -72.38650193,-13.20873907,2910.572
     -72.38650193,-13.20873907,2910.572
     -72.38650193,-13.20873907,2910.572
     -72.38650193,-13.20873907,2910.572
     -72.38650193,-13.20873907,2910.572
     -72.38650193,-13.20873907,2910.572
     -72.38650193,-13.20873907,2910.572
     -72.38650193,-13.20873907,2910.572
     -72.38650193,-13.20873907,2910.572
     -72.38650193,-13.20873907,2910.572
     -72.38650193,-13.20873907,2910.572
     -72.38650193,-13.20873907,2910.572
     -72.38650193,-13.20873907,2910.572
     -72.38650193,-13.20873907,2910.572
     -72.38650193,-13.20873907,2910.572
     -72.38650193,-13.20873907,2910.572
     -72.38650193,-13.20873907,2910.572
     -72.38650193,-13.20873907,2910.572
     -72.38650193,-13.20873907,2910.572
     -72.38650193,-13.20873907,2910.572
     -72.38650193,-13.20873907,2910.572
     -72.38650193,-13.20873907,2910.572
     -72.38650193,-13.20873907,2910.572
     -72.38650193,-13.20873907,2910.572
     -72.38650193,-13.20873907,2910.572
     -72.38650193,-13.20873907,2910.572
     -72.38650193,-13.20873907,2910.572
     -72.38650193,-13.20873907,2910.572
     -72.38650193,-13.20873907,2910.572
     -72.38650193,-13.20873907,2910.572
     -72.38650193,-13.20873907,2910.572
     -72.38650193,-13.20873907,2910.572
     -72.38650193,-13.20873907,2910.572
     -72.38650193,-13.20873907,2910.572
     -72.38650193,-13.20873907,2910.572
     -72.38650193,-13.20873907,2910.572
     -72.38650193,-13.20873907,2910.572
     -72.38650193,-13.20873907,2910.572
     -72.38650193,-13.20873907,2910.572
     -72.38650193,-13.20873907,2910.572
     -72.38650813,-13.20873365,2910.193
     -72.38650813,-13.20873365,2910.193
     -72.38650813,-13.20873365,2910.193
     -72.38652088,-13.20872980,2910.642
     -72.38654067,-13.20871913,2912.082
     -72.38655800,-13.20871168,2913.020
     -72.38658438,-13.20869253,2914.992
     -72.38658438,-13.20869253,2914.992
     -72.38658438,-13.20869253,2914.992
     -72.38658438,-13.20869253,2914.992
     -72.38658438,-13.20869253,2914.992
     -72.38658438,-13.20869253,2914.992
     -72.38658438,-13.20869253,2914.992
     -72.38658438,-13.20869253,2914.992
     -72.38658438,-13.20869253,2914.992
     -72.38658438,-13.20869253,2914.992
     -72.38658438,-13.20869253,2914.992
     -72.38658438,-13.20869253,2914.992
     -72.38658438,-13.20869253,2914.992
     -72.38658438,-13.20869253,2914.992
     -72.38658438,-13.20869253,2914.992
     -72.38658438,-13.20869253,2914.992
     -72.38658438,-13.20869253,2914.992
     -72.38658438,-13.20869253,2914.992
     -72.38658438,-13.20869253,2914.992
     -72.38658438,-13.20869253,2914.992
     -72.38658438,-13.20869253,2914.992
     -72.38658438,-13.20869253,2914.992
     -72.38658438,-13.20869253,2914.992
     -72.38658438,-13.20869253,2914.992
     -72.38658438,-13.20869253,2914.992
     -72.38658438,-13.20869253,2914.992
     -72.38658438,-13.20869253,2914.992
     -72.38658438,-13.20869253,2914.992
     -72.38658438,-13.20869253,2914.992
     -72.38658438,-13.20869253,2914.992
     -72.38658438,-13.20869253,2914.992
     -72.38658438,-13.20869253,2914.992
     -72.38658438,-13.20869253,2914.992
     -72.38658438,-13.20869253,2914.992
     -72.38658438,-13.20869253,2914.992
     -72.38658438,-13.20869253,2914.992
     -72.38658438,-13.20869253,2914.992
     -72.38658438,-13.20869253,2914.992
     -72.38658438,-13.20869253,2914.992
     -72.38658438,-13.20869253,2914.992
     -72.38658438,-13.20869253,2914.992
     -72.38658438,-13.20869253,2914.992
     -72.38658438,-13.20869253,2914.992
     -72.38658438,-13.20869253,2914.992
     -72.38658438,-13.20869253,2914.992
     -72.38658438,-13.20869253,2914.992
     -72.38658438,-13.20869253,2914.992
     -72.38658438,-13.20869253,2914.992
     -72.38658438,-13.20869253,2914.992
     -72.38658438,-13.20869253,2914.992
     -72.38658438,-13.20869253,2914.992
     -72.38658438,-13.20869253,2914.992
     -72.38658438,-13.20869253,2914.992
     -72.38658438,-13.20869253,2914.992
     -72.38658438,-13.20869253,2914.992
     -72.38658438,-13.20869253,2914.992
     -72.38658438,-13.20869253,2914.992
     -72.38658438,-13.20869253,2914.992
     -72.38658438,-13.20869253,2914.992
     -72.38658438,-13.20869253,2914.992
     -72.38658438,-13.20869253,2914.992
     -72.38658438,-13.20869253,2914.992
     -72.38658438,-13.20869253,2914.992
     -72.38658438,-13.20869253,2914.992
     -72.38658438,-13.20869253,2914.992
     -72.38658438,-13.20869253,2914.992
     -72.38658438,-13.20869253,2914.992
     -72.38658438,-13.20869253,2914.992
     -72.38658438,-13.20869253,2914.992
     -72.38658438,-13.20869253,2914.992
     -72.38658438,-13.20869253,2914.992
     -72.38658438,-13.20869253,2914.992
     -72.38658438,-13.20869253,2914.992
     -72.38658438,-13.20869253,2914.992
     -72.38658438,-13.20869253,2914.992
     -72.38658438,-13.20869253,2914.992
     -72.38658438,-13.20869253,2914.992
     -72.38658438,-13.20869253,2914.992
     -72.38658438,-13.20869253,2914.992
     -72.38658438,-13.20869253,2914.992
     -72.38658438,-13.20869253,2914.992
     -72.38658438,-13.20869253,2914.992
     -72.38658438,-13.20869253,2914.992
     -72.38658438,-13.20869253,2914.992
     -72.38658438,-13.20869253,2914.992
     -72.38658438,-13.20869253,2914.992
     -72.38658438,-13.20869253,2914.992
     -72.38658438,-13.20869253,2914.992
     -72.38658438,-13.20869253,2914.992
     -72.38658438,-13.20869253,2914.992
     -72.38658438,-13.20869253,2914.992
     -72.38658438,-13.20869253,2914.992
     -72.38658438,-13.20869253,2914.992
     -72.38658438,-13.20869253,2914.992
     -72.38658438,-13.20869253,2914.992
     -72.38658438,-13.20869253,2914.992
     -72.38658438,-13.20869253,2914.992
     -72.38658438,-13.20869253,2914.992
     -72.38658438,-13.20869253,2914.992
     -72.38658438,-13.20869253,2914.992
     -72.38658438,-13.20869253,2914.992
     -72.38658438,-13.20869253,2914.992
     -72.38658438,-13.20869253,2914.992
     -72.38658438,-13.20869253,2914.992
     -72.38658438,-13.20869253,2914.992
     -72.38658438,-13.20869253,2914.992
     -72.38658438,-13.20869253,2914.992
     -72.38658438,-13.20869253,2914.992
     -72.38658438,-13.20869253,2914.992
     -72.38658438,-13.20869253,2914.992
     -72.38658438,-13.20869253,2914.992
     -72.38658438,-13.20869253,2914.992
     -72.38658438,-13.20869253,2914.992
     -72.38658438,-13.20869253,2914.992
     -72.38658438,-13.20869253,2914.992
     -72.38658438,-13.20869253,2914.992
     -72.38658438,-13.20869253,2914.992
     -72.38658438,-13.20869253,2914.992
     -72.38658438,-13.20869253,2914.992
     -72.38658438,-13.20869253,2914.992
     -72.38658438,-13.20869253,2914.992
     -72.38658438,-13.20869253,2914.992
     -72.38658438,-13.20869253,2914.992
     -72.38658438,-13.20869253,2914.992
     -72.38658438,-13.20869253,2914.992
     -72.38658438,-13.20869253,2914.992
     -72.38658438,-13.20869253,2914.992
     -72.38658438,-13.20869253,2914.992
     -72.38658438,-13.20869253,2914.992
     -72.38658438,-13.20869253,2914.992
     -72.38658438,-13.20869253,2914.992
     -72.38658438,-13.20869253,2914.992
     -72.38658438,-13.20869253,2914.992
     -72.38658438,-13.20869253,2914.992
     -72.38658438,-13.20869253,2914.992
     -72.38658438,-13.20869253,2914.992
     -72.38658438,-13.20869253,2914.992
     -72.38658438,-13.20869253,2914.992
     -72.38658438,-13.20869253,2914.992
     -72.38658438,-13.20869253,2914.992
     -72.38658438,-13.20869253,2914.992
     -72.38658438,-13.20869253,2914.992
     -72.38658438,-13.20869253,2914.992
     -72.38658438,-13.20869253,2914.992
     -72.38658438,-13.20869253,2914.992
     -72.38658438,-13.20869253,2914.992
     -72.38658438,-13.20869253,2914.992
     -72.38658438,-13.20869253,2914.992
     -72.38658438,-13.20869253,2914.992
     -72.38658438,-13.20869253,2914.992
     -72.38658438,-13.20869253,2914.992
     -72.38658438,-13.20869253,2914.992
     -72.38658438,-13.20869253,2914.992
     -72.38658438,-13.20869253,2914.992
     -72.38658438,-13.20869253,2914.992
     -72.38658438,-13.20869253,2914.992
     -72.38658438,-13.20869253,2914.992
     -72.38658438,-13.20869253,2914.992
     -72.38658438,-13.20869253,2914.992
     -72.38658438,-13.20869253,2914.992
     -72.38658438,-13.20869253,2914.992
     -72.38658438,-13.20869253,2914.992
     -72.38658438,-13.20869253,2914.992
     -72.38658438,-13.20869253,2914.992
     -72.38658438,-13.20869253,2914.992
     -72.38658438,-13.20869253,2914.992
     -72.38658438,-13.20869253,2914.992
     -72.38658438,-13.20869253,2914.992
     -72.38658438,-13.20869253,2914.992
     -72.38658438,-13.20869253,2914.992
     -72.38658438,-13.20869253,2914.992
     -72.38658438,-13.20869253,2914.992
     -72.38658438,-13.20869253,2914.992
     -72.38658438,-13.20869253,2914.992
     -72.38658438,-13.20869253,2914.992
     -72.38658438,-13.20869253,2914.992
     -72.38658438,-13.20869253,2914.992
     -72.38658438,-13.20869253,2914.992
     -72.38658438,-13.20869253,2914.992
     -72.38658438,-13.20869253,2914.992
     -72.38658438,-13.20869253,2914.992
     -72.38658438,-13.20869253,2914.992
     -72.38658438,-13.20869253,2914.992
     -72.38658438,-13.20869253,2914.992
     -72.38658438,-13.20869253,2914.992
     -72.38658438,-13.20869253,2914.992
     -72.38658438,-13.20869253,2914.992
     -72.38658438,-13.20869253,2914.992
     -72.38658438,-13.20869253,2914.992
     -72.38658438,-13.20869253,2914.992
     -72.38658438,-13.20869253,2914.992
     -72.38658438,-13.20869253,2914.992
     -72.38658438,-13.20869253,2914.992
     -72.38658438,-13.20869253,2914.992
     -72.38658438,-13.20869253,2914.992
     -72.38658438,-13.20869253,2914.992
     -72.38658438,-13.20869253,2914.992
     -72.38658438,-13.20869253,2914.992
     -72.38658438,-13.20869253,2914.992
     -72.38658438,-13.20869253,2914.992
     -72.38658438,-13.20869253,2914.992
     -72.38658438,-13.20869253,2914.992
     -72.38658438,-13.20869253,2914.992
     -72.38658438,-13.20869253,2914.992
     -72.38658438,-13.20869253,2914.992
     -72.38658438,-13.20869253,2914.992
     -72.38658438,-13.20869253,2914.992
     -72.38658438,-13.20869253,2914.992
     -72.38658438,-13.20869253,2914.992
     -72.38658438,-13.20869253,2914.992
     -72.38658438,-13.20869253,2914.992
     -72.38658438,-13.20869253,2914.992
     -72.38658438,-13.20869253,2914.992
     -72.38656505,-13.20870288,2913.296
     -72.38656505,-13.20870288,2913.296
     -72.38656505,-13.20870288,2913.296
     -72.38656505,-13.20870288,2913.296
     -72.38656505,-13.20870288,2913.296
     -72.38654523,-13.20871438,2911.233
     -72.38652540,-13.20872025,2909.922
     -72.38650135,-13.20872597,2908.611
     -72.38648300,-13.20873037,2906.410
     -72.38646812,-13.20873043,2904.077
     -72.38646812,-13.20873043,2904.077
     -72.38645320,-13.20873793,2903.576
     -72.38643742,-13.20874375,2903.112
     -72.38642220,-13.20874503,2902.512
     -72.38640713,-13.20874910,2902.295
     -72.38639292,-13.20875933,2902.999
     -72.38638003,-13.20876692,2903.326
     -72.38638002,-13.20876692,2903.326
     -72.38637265,-13.20876897,2902.708
     -72.38636248,-13.20876700,2902.637
     -72.38635185,-13.20876773,2900.891
     -72.38633842,-13.20877037,2898.176
     -72.38633058,-13.20877157,2895.557
     -72.38632075,-13.20877810,2893.172
     -72.38631493,-13.20878515,2890.928
     -72.38630822,-13.20878758,2888.848
     -72.38630103,-13.20879247,2888.404
     -72.38630103,-13.20879247,2888.404
     -72.38630103,-13.20879247,2888.404
     -72.38630057,-13.20879365,2887.072
     -72.38629552,-13.20879755,2887.231
     -72.38629552,-13.20879755,2887.231
     -72.38629552,-13.20879755,2887.231
     -72.38629552,-13.20879755,2887.231
     -72.38629552,-13.20879755,2887.231
     -72.38629552,-13.20879755,2887.231
     -72.38629552,-13.20879755,2887.231
     -72.38629552,-13.20879755,2887.231
     -72.38629552,-13.20879755,2887.231
     -72.38629552,-13.20879755,2887.231
     -72.38629552,-13.20879755,2887.231
     -72.38629552,-13.20879755,2887.231
     -72.38629552,-13.20879755,2887.231
     -72.38629552,-13.20879755,2887.231
     -72.38629552,-13.20879755,2887.231
     -72.38629552,-13.20879755,2887.231
     -72.38629552,-13.20879755,2887.231
     -72.38629552,-13.20879755,2887.231
     -72.38629552,-13.20879755,2887.231
     -72.38629552,-13.20879755,2887.231
     -72.38629552,-13.20879755,2887.231
     -72.38629552,-13.20879755,2887.231
     -72.38629552,-13.20879755,2887.231
     -72.38629552,-13.20879755,2887.231
     -72.38629552,-13.20879755,2887.231
     -72.38629552,-13.20879755,2887.231
     -72.38631333,-13.20879380,2888.514
     -72.38632473,-13.20879585,2888.624
     -72.38632473,-13.20879585,2888.624
     -72.38632473,-13.20879585,2888.624
     -72.38632473,-13.20879585,2888.624
     -72.38632473,-13.20879585,2888.624
     -72.38632473,-13.20879585,2888.624
     -72.38633788,-13.20879117,2887.611
     -72.38635375,-13.20878793,2887.128
     -72.38636958,-13.20878767,2886.889
     -72.38637883,-13.20878528,2887.092
     -72.38639072,-13.20878322,2887.368
     -72.38640212,-13.20877930,2887.503
     -72.38641042,-13.20877677,2887.654
     -72.38641305,-13.20877290,2886.818
     -72.38641305,-13.20877290,2886.818
     -72.38641542,-13.20876850,2886.959
     -72.38642047,-13.20876210,2887.218
     -72.38642142,-13.20874968,2888.068
     -72.38642592,-13.20873767,2888.199
     -72.38643250,-13.20873390,2888.497
     -72.38643250,-13.20873390,2888.497
     -72.38643250,-13.20873390,2888.497
     -72.38643250,-13.20873390,2888.497
     -72.38644005,-13.20873203,2888.671
     -72.38644895,-13.20873098,2888.310
     -72.38644897,-13.20873098,2888.310
     -72.38644897,-13.20873098,2888.310
     -72.38644897,-13.20873098,2888.310
     -72.38644897,-13.20873098,2888.310
     -72.38644897,-13.20873098,2888.310
     -72.38644897,-13.20873098,2888.310
     -72.38644897,-13.20873098,2888.310
     -72.38644897,-13.20873098,2888.310
     -72.38646685,-13.20872807,2888.161
     -72.38646685,-13.20872807,2888.161
     -72.38646685,-13.20872807,2888.161
     -72.38646685,-13.20872807,2888.161
     -72.38646685,-13.20872807,2888.161
     -72.38647177,-13.20873448,2890.468
     -72.38647177,-13.20873448,2890.468
     -72.38647177,-13.20873448,2890.468
     -72.38647177,-13.20873448,2890.468
     -72.38647177,-13.20873448,2890.468
     -72.38647968,-13.20873183,2889.990
     -72.38648935,-13.20873292,2890.694
     -72.38649808,-13.20873247,2891.072
     -72.38650352,-13.20873452,2891.955
     -72.38650753,-13.20873007,2892.850
     -72.38651648,-13.20872557,2892.703
     -72.38651648,-13.20872557,2892.703
     -72.38651648,-13.20872557,2892.703
     -72.38652638,-13.20873087,2893.152
     -72.38652638,-13.20873087,2893.152
     -72.38652638,-13.20873087,2893.152
     -72.38652638,-13.20873087,2893.152
     -72.38652638,-13.20873087,2893.152
     -72.38653760,-13.20872330,2891.843
     -72.38653760,-13.20872330,2891.843
     -72.38653760,-13.20872330,2891.843
     -72.38653760,-13.20872330,2891.843
     -72.38653760,-13.20872330,2891.843
     -72.38653760,-13.20872330,2891.843
     -72.38653760,-13.20872330,2891.843
     -72.38653760,-13.20872330,2891.843
     -72.38653760,-13.20872330,2891.843
     -72.38653760,-13.20872330,2891.843
     -72.38653760,-13.20872330,2891.843
     -72.38653760,-13.20872330,2891.843
     -72.38654465,-13.20872592,2888.413
     -72.38654965,-13.20873130,2887.393
     -72.38655075,-13.20873748,2887.478
     -72.38655075,-13.20873748,2887.478
     -72.38655075,-13.20873748,2887.478
     -72.38655075,-13.20873748,2887.478
     -72.38655075,-13.20873748,2887.478
     -72.38655075,-13.20873748,2887.478
     -72.38655075,-13.20873748,2887.478
     -72.38655075,-13.20873748,2887.478
     -72.38655075,-13.20873748,2887.478
     -72.38655075,-13.20873748,2887.478
     -72.38655075,-13.20873748,2887.478
     -72.38655075,-13.20873748,2887.478
     -72.38655075,-13.20873748,2887.478
     -72.38655075,-13.20873748,2887.478
     -72.38655075,-13.20873748,2887.478
     -72.38655075,-13.20873748,2887.478
     -72.38655075,-13.20873748,2887.478
     -72.38655075,-13.20873748,2887.478
     -72.38655075,-13.20873748,2887.478
     -72.38655075,-13.20873748,2887.478
     -72.38655075,-13.20873748,2887.478
     -72.38655075,-13.20873748,2887.478
     -72.38655075,-13.20873748,2887.478
     -72.38655075,-13.20873748,2887.478
     -72.38655075,-13.20873748,2887.478
     -72.38655075,-13.20873748,2887.478
     -72.38655075,-13.20873748,2887.478
     -72.38655075,-13.20873748,2887.478
     -72.38655075,-13.20873748,2887.478
     -72.38655075,-13.20873748,2887.478
     -72.38655075,-13.20873748,2887.478
     -72.38655075,-13.20873748,2887.478
     -72.38655075,-13.20873748,2887.478
     -72.38656442,-13.20872338,2886.960
     -72.38657295,-13.20871168,2887.550
     -72.38657758,-13.20869650,2887.776
     -72.38657682,-13.20867965,2887.131
     -72.38657682,-13.20867965,2887.131
     -72.38657682,-13.20867965,2887.131
     -72.38657682,-13.20867965,2887.131
     -72.38657215,-13.20867187,2887.828
     -72.38656302,-13.20866007,2888.628
     -72.38656302,-13.20866007,2888.628
     -72.38656302,-13.20866007,2888.628
     -72.38656302,-13.20866007,2888.628
     -72.38656302,-13.20866007,2888.628
     -72.38657980,-13.20866667,2889.278
     -72.38659430,-13.20867593,2890.249
     -72.38659430,-13.20867593,2890.249
     -72.38660632,-13.20867888,2889.566
     -72.38661773,-13.20867408,2889.963
     -72.38662403,-13.20866805,2889.897
     -72.38662403,-13.20866805,2889.897
     -72.38662403,-13.20866805,2889.897
     -72.38662403,-13.20866805,2889.897
     -72.38662403,-13.20866805,2889.897
     -72.38663852,-13.20866305,2889.312
     -72.38663852,-13.20866305,2889.312
     -72.38663852,-13.20866305,2889.312
     -72.38663852,-13.20866305,2889.312
     -72.38663852,-13.20866305,2889.312
     -72.38663852,-13.20866305,2889.312
     -72.38663852,-13.20866305,2889.312
     -72.38663852,-13.20866305,2889.312
     -72.38663852,-13.20866305,2889.312
     -72.38665005,-13.20865425,2889.643
     -72.38665807,-13.20864768,2889.765
     -72.38666793,-13.20864130,2890.810
     -72.38666793,-13.20864130,2890.810
     -72.38667412,-13.20863193,2891.166
     -72.38667225,-13.20862307,2890.694
     -72.38667275,-13.20861847,2892.834
     -72.38668097,-13.20861030,2892.625
     -72.38668097,-13.20861030,2892.624
     -72.38668097,-13.20861030,2892.624
     -72.38668097,-13.20861030,2892.624
     -72.38668200,-13.20860762,2894.655
     -72.38668200,-13.20860762,2894.655
     -72.38668200,-13.20860762,2894.655
     -72.38668200,-13.20860762,2894.655
     -72.38668200,-13.20860762,2894.655
     -72.38668200,-13.20860762,2894.655
     -72.38668200,-13.20860762,2894.655
     -72.38669172,-13.20859773,2895.320
     -72.38670017,-13.20858555,2895.119
     -72.38670017,-13.20858555,2895.119
     -72.38670017,-13.20858555,2895.119
     -72.38670017,-13.20858555,2895.119
     -72.38670017,-13.20858555,2895.119
     -72.38670017,-13.20858555,2895.119
     -72.38670017,-13.20858555,2895.119
     -72.38671478,-13.20857843,2895.235
     -72.38672670,-13.20856722,2894.045
     -72.38674035,-13.20855417,2892.849
     -72.38675272,-13.20854185,2892.471
     -72.38675272,-13.20854185,2892.471
     -72.38676135,-13.20853497,2892.876
     -72.38676812,-13.20852988,2893.966
     -72.38677032,-13.20852135,2893.776
     -72.38677328,-13.20851442,2893.760
     -72.38677547,-13.20850702,2895.042
     -72.38677847,-13.20850007,2894.856
     -72.38677847,-13.20850007,2894.856
     -72.38677847,-13.20850007,2894.856
     -72.38677847,-13.20850007,2894.856
     -72.38677847,-13.20850007,2894.856
     -72.38677847,-13.20850007,2894.856
     -72.38677847,-13.20850007,2894.856
     -72.38677847,-13.20850007,2894.856
     -72.38677847,-13.20850007,2894.856
     -72.38677847,-13.20850007,2894.856
     -72.38677847,-13.20850007,2894.856
     -72.38677498,-13.20848768,2896.287
     -72.38677498,-13.20848768,2896.287
     -72.38677498,-13.20848768,2896.287
     -72.38677232,-13.20847913,2897.366
     -72.38676707,-13.20847330,2898.548
     -72.38676020,-13.20846677,2900.205
     -72.38675227,-13.20846163,2901.487
     -72.38674600,-13.20845783,2903.542
     -72.38674600,-13.20845783,2903.541
     -72.38673617,-13.20845493,2905.912
     -72.38673258,-13.20845087,2906.468
     -72.38672580,-13.20844300,2907.364
     -72.38672178,-13.20844073,2908.129
     -72.38671278,-13.20843898,2908.850
     -72.38670170,-13.20843963,2909.102
     -72.38668890,-13.20843858,2909.041
     -72.38667790,-13.20843867,2910.074
     -72.38666513,-13.20844645,2910.232
     -72.38665247,-13.20845478,2910.563
     -72.38664457,-13.20846062,2910.702
     -72.38663738,-13.20845787,2910.275
     -72.38663023,-13.20846022,2909.900
     -72.38662063,-13.20846202,2910.345
     -72.38661578,-13.20846430,2909.527
     -72.38661132,-13.20846858,2908.323
     -72.38661132,-13.20846858,2908.323
     -72.38660502,-13.20847618,2908.348
     -72.38660045,-13.20847138,2908.371
     -72.38659203,-13.20847037,2908.045
     -72.38658483,-13.20846625,2907.640
     -72.38657835,-13.20846135,2906.961
     -72.38657835,-13.20846135,2906.961
     -72.38657835,-13.20846135,2906.961
     -72.38657835,-13.20846135,2906.961
     -72.38657835,-13.20846135,2906.961
     -72.38657835,-13.20846135,2906.961
     -72.38657835,-13.20846135,2906.961
     -72.38657835,-13.20846135,2906.961
     -72.38657835,-13.20846135,2906.961
     -72.38657835,-13.20846135,2906.961
     -72.38657835,-13.20846135,2906.961
     -72.38657835,-13.20846135,2906.961
     -72.38657835,-13.20846135,2906.961
     -72.38657310,-13.20844883,2906.344
     -72.38656200,-13.20843813,2905.709
     -72.38656165,-13.20843010,2905.163
     -72.38655702,-13.20842163,2904.652
     -72.38655388,-13.20841112,2903.641
     -72.38655123,-13.20840442,2903.145
     -72.38654872,-13.20840007,2902.510
     -72.38654237,-13.20839038,2902.377
     -72.38654193,-13.20837853,2903.105
     -72.38654192,-13.20837853,2903.105
     -72.38654192,-13.20837853,2903.105
     -72.38654192,-13.20837853,2903.105
     -72.38655300,-13.20835833,2902.191
     -72.38655300,-13.20835833,2902.191
     -72.38655300,-13.20835833,2902.191
     -72.38653813,-13.20833785,2904.477
     -72.38652668,-13.20832553,2906.961
     -72.38651862,-13.20831168,2908.527
     -72.38651205,-13.20830435,2910.293
     -72.38650230,-13.20829690,2911.833
     -72.38649483,-13.20828403,2912.739
     -72.38647968,-13.20827483,2913.543
     -72.38646972,-13.20826930,2913.391
     -72.38645587,-13.20826407,2913.496
     -72.38644460,-13.20825660,2913.941
     -72.38644145,-13.20824513,2913.132
     -72.38643618,-13.20823677,2913.635
     -72.38643252,-13.20822688,2914.137
     -72.38643427,-13.20821795,2913.824
     -72.38642998,-13.20820680,2914.038
     -72.38642655,-13.20819573,2913.529
     -72.38642487,-13.20818447,2912.998
     -72.38642700,-13.20817252,2912.444
     -72.38643395,-13.20816425,2912.175
     -72.38644155,-13.20815098,2910.934
     -72.38644908,-13.20814707,2911.650
     -72.38645908,-13.20814277,2910.957
     -72.38645908,-13.20814277,2910.957
     -72.38645908,-13.20814277,2910.957
     -72.38646267,-13.20813018,2909.845
     -72.38646158,-13.20812235,2910.010
     -72.38646158,-13.20812235,2910.010
     -72.38646158,-13.20812235,2910.010
     -72.38646158,-13.20812235,2910.010
     -72.38646158,-13.20812235,2910.010
     -72.38646158,-13.20812235,2910.010
     -72.38646158,-13.20812235,2910.010
     -72.38646158,-13.20812235,2910.010
     -72.38646358,-13.20811748,2909.853
     -72.38646358,-13.20811747,2909.853
     -72.38646358,-13.20811747,2909.853
     -72.38646358,-13.20811747,2909.853
     -72.38646358,-13.20811747,2909.853
     -72.38647997,-13.20811883,2909.495
     -72.38648560,-13.20812450,2909.231
     -72.38649495,-13.20812757,2908.991
     -72.38650310,-13.20813297,2908.686
     -72.38650310,-13.20813297,2908.686
     -72.38650310,-13.20813297,2908.686
     -72.38650310,-13.20813297,2908.686
     -72.38650310,-13.20813297,2908.686
     -72.38650310,-13.20813297,2908.686
     -72.38650310,-13.20813297,2908.686
     -72.38650310,-13.20813297,2908.686
     -72.38650310,-13.20813297,2908.686
     -72.38650310,-13.20813297,2908.686
     -72.38650310,-13.20813297,2908.686
     -72.38650310,-13.20813297,2908.686
     -72.38650310,-13.20813297,2908.686
     -72.38650310,-13.20813297,2908.686
     -72.38650310,-13.20813297,2908.686
     -72.38650310,-13.20813297,2908.686
     -72.38650310,-13.20813297,2908.686
     -72.38650310,-13.20813297,2908.686
     -72.38650150,-13.20812193,2910.218
     -72.38649803,-13.20811090,2911.084
     -72.38649513,-13.20809512,2912.596
     -72.38649348,-13.20808293,2914.288
     -72.38649348,-13.20808292,2914.288
     -72.38649348,-13.20808292,2914.288
     -72.38649348,-13.20808292,2914.288
     -72.38648913,-13.20805925,2916.640
     -72.38648548,-13.20804473,2917.299
     -72.38648260,-13.20802913,2918.056
     -72.38647795,-13.20801452,2919.725
     -72.38648008,-13.20799585,2920.563
     -72.38647838,-13.20798653,2922.286
     -72.38647838,-13.20798653,2922.286
     -72.38647838,-13.20798653,2922.286
     -72.38648918,-13.20797288,2921.752
     -72.38649495,-13.20796428,2921.801
     -72.38649495,-13.20796428,2921.801
     -72.38649495,-13.20796428,2921.801
     -72.38649495,-13.20796428,2921.801
     -72.38649495,-13.20796428,2921.801
     -72.38649495,-13.20796428,2921.801
     -72.38649495,-13.20796428,2921.801
     -72.38649495,-13.20796428,2921.801
     -72.38649495,-13.20796428,2921.801
     -72.38651122,-13.20795203,2922.238
     -72.38651742,-13.20794710,2922.529
     -72.38651742,-13.20794710,2922.529
     -72.38651742,-13.20794710,2922.529
     -72.38651742,-13.20794710,2922.529
     -72.38651742,-13.20794710,2922.529
     -72.38651742,-13.20794710,2922.529
     -72.38651742,-13.20794710,2922.529
     -72.38651742,-13.20794710,2922.529
     -72.38651742,-13.20794710,2922.529
     -72.38652182,-13.20793632,2923.186
     -72.38652408,-13.20792195,2924.254
     -72.38652408,-13.20792195,2924.253
     -72.38652408,-13.20792195,2924.253
     -72.38652263,-13.20790222,2925.854
     -72.38652415,-13.20788753,2926.227
     -72.38653092,-13.20787437,2926.884
     -72.38653092,-13.20787437,2926.884
     -72.38653092,-13.20787437,2926.884
     -72.38653092,-13.20787437,2926.884
     -72.38653432,-13.20786248,2927.992
     -72.38653853,-13.20785723,2928.026
     -72.38654328,-13.20785147,2928.791
     -72.38654135,-13.20784020,2929.590
     -72.38654642,-13.20783368,2930.147
     -72.38654938,-13.20782468,2930.322
     -72.38655847,-13.20781845,2930.320
     -72.38655810,-13.20781103,2931.214
     -72.38655903,-13.20780085,2932.335
     -72.38655322,-13.20778718,2933.326
     -72.38655210,-13.20777913,2933.417
     -72.38655210,-13.20777913,2933.417
     -72.38655210,-13.20777913,2933.417
     -72.38655053,-13.20778130,2934.024
     -72.38655053,-13.20778130,2934.024
     -72.38654855,-13.20777740,2934.494
     -72.38654447,-13.20777100,2935.027
     -72.38654788,-13.20776267,2934.665
     -72.38654788,-13.20776267,2934.666
     -72.38654788,-13.20776267,2934.666
     -72.38654788,-13.20776267,2934.666
     -72.38654788,-13.20776267,2934.666
     -72.38654788,-13.20776267,2934.666
     -72.38654788,-13.20776267,2934.666
     -72.38654788,-13.20776267,2934.666
     -72.38654788,-13.20776267,2934.666
     -72.38654788,-13.20776267,2934.666
     -72.38654788,-13.20776267,2934.666
     -72.38654700,-13.20774032,2934.835
     -72.38655133,-13.20772115,2934.735
     -72.38655817,-13.20770565,2934.479
     -72.38655452,-13.20769368,2935.725
     -72.38655452,-13.20769368,2935.725
     -72.38655452,-13.20769368,2935.725
     -72.38655452,-13.20769368,2935.725
     -72.38655452,-13.20769368,2935.725
     -72.38655452,-13.20769368,2935.725
     -72.38655452,-13.20769368,2935.725
     -72.38655452,-13.20769368,2935.725
     -72.38655452,-13.20769368,2935.725
     -72.38655452,-13.20769368,2935.725
     -72.38655452,-13.20769368,2935.725
     -72.38655452,-13.20769368,2935.725
     -72.38655452,-13.20769368,2935.725
     -72.38655452,-13.20769368,2935.725
     -72.38655452,-13.20769368,2935.725
     -72.38655452,-13.20769368,2935.725
     -72.38655452,-13.20769368,2935.725
     -72.38655452,-13.20769368,2935.725
     -72.38655452,-13.20769368,2935.725
     -72.38655452,-13.20769368,2935.725
     -72.38655452,-13.20769368,2935.725
     -72.38655452,-13.20769368,2935.725
     -72.38655452,-13.20769368,2935.725
     -72.38655452,-13.20769368,2935.725
     -72.38655452,-13.20769368,2935.725
     -72.38655452,-13.20769368,2935.725
     -72.38655452,-13.20769368,2935.725
     -72.38655452,-13.20769368,2935.725
     -72.38655452,-13.20769368,2935.725
     -72.38655452,-13.20769368,2935.725
     -72.38655452,-13.20769368,2935.725
     -72.38655452,-13.20769368,2935.725
     -72.38655452,-13.20769368,2935.725
     -72.38655452,-13.20769368,2935.725
     -72.38655452,-13.20769368,2935.725
     -72.38655452,-13.20769368,2935.725
     -72.38655452,-13.20769368,2935.725
     -72.38655452,-13.20769368,2935.725
     -72.38655452,-13.20769368,2935.725
     -72.38655452,-13.20769368,2935.725
     -72.38655452,-13.20769368,2935.725
     -72.38655452,-13.20769368,2935.725
     -72.38655452,-13.20769368,2935.725
     -72.38655452,-13.20769368,2935.725
     -72.38655452,-13.20769368,2935.725
     -72.38655452,-13.20769368,2935.725
     -72.38655452,-13.20769368,2935.725
     -72.38655452,-13.20769368,2935.725
     -72.38655452,-13.20769368,2935.725
     -72.38655452,-13.20769368,2935.725
     -72.38655452,-13.20769368,2935.725
     -72.38655452,-13.20769368,2935.725
     -72.38655452,-13.20769368,2935.725
     -72.38655452,-13.20769368,2935.725
     -72.38655452,-13.20769368,2935.725
     -72.38655452,-13.20769368,2935.725
     -72.38655452,-13.20769368,2935.725
     -72.38655452,-13.20769368,2935.725
     -72.38655452,-13.20769368,2935.725
     -72.38655452,-13.20769368,2935.725
     -72.38655452,-13.20769368,2935.725
     -72.38655452,-13.20769368,2935.725
     -72.38655452,-13.20769368,2935.725
     -72.38655452,-13.20769368,2935.725
     -72.38655452,-13.20769368,2935.725
     -72.38655452,-13.20769368,2935.725
     -72.38655452,-13.20769368,2935.725
     -72.38655452,-13.20769368,2935.725
     -72.38655452,-13.20769368,2935.725
     -72.38655452,-13.20769368,2935.725
     -72.38655452,-13.20769368,2935.725
     -72.38655452,-13.20769368,2935.725
     -72.38655452,-13.20769368,2935.725
     -72.38655452,-13.20769368,2935.725
     -72.38655452,-13.20769368,2935.725
     -72.38655452,-13.20769368,2935.725
     -72.38655452,-13.20769368,2935.725
     -72.38655452,-13.20769368,2935.725
     -72.38655452,-13.20769368,2935.725
     -72.38655452,-13.20769368,2935.725
     -72.38655452,-13.20769368,2935.725
     -72.38655452,-13.20769368,2935.725
     -72.38656460,-13.20769880,2933.881
     -72.38656242,-13.20770782,2933.028
     -72.38656242,-13.20770782,2933.028
     -72.38656242,-13.20770782,2933.028
     -72.38656908,-13.20772145,2931.118
     -72.38655902,-13.20773863,2929.013
     -72.38655902,-13.20773863,2929.013
     -72.38655902,-13.20773863,2929.013
     -72.38655902,-13.20773863,2929.013
     -72.38655695,-13.20772507,2929.045
     -72.38655758,-13.20772160,2930.305
     -72.38655758,-13.20772160,2930.305
     -72.38655875,-13.20772500,2931.377
     -72.38655875,-13.20772500,2931.377
     -72.38655875,-13.20772500,2931.377
     -72.38655875,-13.20772500,2931.377
     -72.38655875,-13.20772500,2931.377
     -72.38655820,-13.20771290,2931.629
     -72.38657417,-13.20771607,2931.340
     -72.38657417,-13.20771608,2931.340
     -72.38657417,-13.20771608,2931.340
     -72.38658158,-13.20772067,2933.057
     -72.38658158,-13.20772067,2933.057
     -72.38658158,-13.20772067,2933.057
     -72.38658158,-13.20772067,2933.057
     -72.38658158,-13.20772067,2933.057
     -72.38658158,-13.20772067,2933.057
     -72.38658158,-13.20772067,2933.057
     -72.38658158,-13.20772067,2933.057
     -72.38658158,-13.20772067,2933.057
     -72.38658158,-13.20772067,2933.057
     -72.38658158,-13.20772067,2933.057
     -72.38658010,-13.20772070,2933.916
     -72.38658010,-13.20772070,2933.916
     -72.38658010,-13.20772070,2933.916
     -72.38658010,-13.20772070,2933.916
     -72.38658010,-13.20772070,2933.916
     -72.38658010,-13.20772070,2933.916
     -72.38658010,-13.20772070,2933.916
     -72.38658010,-13.20772070,2933.916
     -72.38658010,-13.20772070,2933.916
     -72.38658010,-13.20772070,2933.916
     -72.38658010,-13.20772070,2933.916
     -72.38658010,-13.20772070,2933.916
     -72.38658010,-13.20772070,2933.916
     -72.38658010,-13.20772070,2933.916
     -72.38658010,-13.20772070,2933.916
     -72.38658010,-13.20772070,2933.916
     -72.38658010,-13.20772070,2933.916
     -72.38658010,-13.20772070,2933.916
     -72.38658010,-13.20772070,2933.916
     -72.38658010,-13.20772070,2933.916
     -72.38658010,-13.20772070,2933.916
     -72.38658010,-13.20772070,2933.916
     -72.38658010,-13.20772070,2933.916
     -72.38658010,-13.20772070,2933.916
     -72.38658010,-13.20772070,2933.916
     -72.38658010,-13.20772070,2933.916
     -72.38657660,-13.20772872,2933.997
     -72.38657755,-13.20773657,2933.456
     -72.38658113,-13.20774693,2932.685
     -72.38658113,-13.20774695,2932.685
     -72.38658113,-13.20774695,2932.685
     -72.38658113,-13.20774695,2932.685
     -72.38658113,-13.20774695,2932.685
     -72.38658113,-13.20774695,2932.685
     -72.38658113,-13.20774695,2932.685
     -72.38658113,-13.20774695,2932.685
     -72.38658113,-13.20774695,2932.685
     -72.38658113,-13.20774695,2932.685
     -72.38658113,-13.20774695,2932.685
     -72.38658113,-13.20774695,2932.685
     -72.38658113,-13.20774695,2932.685
     -72.38658357,-13.20774970,2931.150
     -72.38658357,-13.20774970,2931.150
     -72.38658357,-13.20774970,2931.150
     -72.38658357,-13.20774970,2931.150
     -72.38658357,-13.20774970,2931.150
     -72.38658357,-13.20774970,2931.150
     -72.38658357,-13.20774970,2931.150
     -72.38658357,-13.20774970,2931.150
     -72.38658357,-13.20774970,2931.150
     -72.38658703,-13.20775098,2931.092
     -72.38658703,-13.20775098,2931.092
     -72.38658703,-13.20775098,2931.092
     -72.38658703,-13.20775098,2931.092
     -72.38658703,-13.20775098,2931.092
     -72.38658703,-13.20775098,2931.092
     -72.38659132,-13.20774785,2930.047
     -72.38659132,-13.20774785,2930.047
     -72.38659132,-13.20774785,2930.047
     -72.38659132,-13.20774785,2930.047
     -72.38659132,-13.20774785,2930.047
     -72.38659132,-13.20774785,2930.047
     -72.38659132,-13.20774785,2930.047
     -72.38659132,-13.20774785,2930.047
     -72.38659132,-13.20774785,2930.047
     -72.38659132,-13.20774785,2930.047
     -72.38659132,-13.20774785,2930.047
     -72.38659132,-13.20774785,2930.047
     -72.38659132,-13.20774785,2930.047
     -72.38658980,-13.20775137,2932.076
     -72.38658980,-13.20775137,2932.076
     -72.38658980,-13.20775137,2932.076
     -72.38658980,-13.20775137,2932.076
     -72.38658980,-13.20775137,2932.076
     -72.38658980,-13.20775137,2932.076
     -72.38658980,-13.20775137,2932.076
     -72.38658980,-13.20775137,2932.076
     -72.38659807,-13.20775090,2931.090
     -72.38660582,-13.20775242,2930.743
     -72.38660582,-13.20775242,2930.743
     -72.38660582,-13.20775242,2930.743
     -72.38660582,-13.20775242,2930.743
     -72.38661277,-13.20776532,2930.910
     -72.38661277,-13.20776532,2930.910
     -72.38661277,-13.20776532,2930.910
     -72.38661277,-13.20776532,2930.910
     -72.38661277,-13.20776532,2930.910
     -72.38661277,-13.20776532,2930.910
     -72.38661277,-13.20776532,2930.910
     -72.38661277,-13.20776532,2930.910
     -72.38661277,-13.20776532,2930.910
     -72.38661277,-13.20776532,2930.910
     -72.38661277,-13.20776532,2930.910
     -72.38661277,-13.20776532,2930.910
     -72.38661277,-13.20776532,2930.910
     -72.38661277,-13.20776532,2930.910
     -72.38661277,-13.20776532,2930.910
     -72.38661277,-13.20776532,2930.910
     -72.38661277,-13.20776532,2930.910
     -72.38661277,-13.20776532,2930.910
     -72.38661277,-13.20776532,2930.910
     -72.38661277,-13.20776532,2930.910
     -72.38661277,-13.20776532,2930.910
     -72.38661277,-13.20776532,2930.910
     -72.38661277,-13.20776532,2930.910
     -72.38661277,-13.20776532,2930.910
     -72.38661277,-13.20776532,2930.910
     -72.38661277,-13.20776532,2930.910
     -72.38661277,-13.20776532,2930.910
     -72.38661277,-13.20776532,2930.910
     -72.38661277,-13.20776532,2930.910
     -72.38661277,-13.20776532,2930.910
     -72.38661277,-13.20776532,2930.910
     -72.38661277,-13.20776532,2930.910
     -72.38661277,-13.20776532,2930.910
     -72.38661277,-13.20776532,2930.910
     -72.38661277,-13.20776532,2930.910
     -72.38661277,-13.20776532,2930.910
     -72.38661277,-13.20776532,2930.910
     -72.38661277,-13.20776532,2930.910
     -72.38661277,-13.20776532,2930.910
     -72.38661277,-13.20776532,2930.910
     -72.38661128,-13.20776860,2930.961
     -72.38661350,-13.20776040,2930.149
     -72.38661350,-13.20776040,2930.148
     -72.38661062,-13.20776228,2929.952
     -72.38661187,-13.20776758,2929.892
     -72.38661187,-13.20776758,2929.892
     -72.38661187,-13.20776758,2929.892
     -72.38661187,-13.20776758,2929.892
     -72.38661187,-13.20776758,2929.892
     -72.38661187,-13.20776758,2929.892
     -72.38661187,-13.20776758,2929.892
     -72.38661187,-13.20776758,2929.892
     -72.38661187,-13.20776758,2929.892
     -72.38661187,-13.20776758,2929.892
     -72.38661187,-13.20776758,2929.892
     -72.38661187,-13.20776758,2929.892
     -72.38661187,-13.20776758,2929.892
     -72.38661187,-13.20776758,2929.892
     -72.38661187,-13.20776758,2929.892
     -72.38661187,-13.20776758,2929.892
     -72.38661187,-13.20776758,2929.892
     -72.38661187,-13.20776758,2929.892
     -72.38661187,-13.20776758,2929.892
     -72.38661187,-13.20776758,2929.892
     -72.38661187,-13.20776758,2929.892
     -72.38661323,-13.20777165,2928.786
     -72.38661877,-13.20777575,2927.653
     -72.38661877,-13.20777575,2927.653
     -72.38661877,-13.20777575,2927.653
     -72.38661877,-13.20777575,2927.653
     -72.38662557,-13.20778187,2928.047
     -72.38663192,-13.20778577,2928.348
     -72.38663192,-13.20778577,2928.348
     -72.38663675,-13.20779427,2929.935
     -72.38663675,-13.20779427,2929.935
     -72.38663675,-13.20779427,2929.935
     -72.38663675,-13.20779427,2929.935
     -72.38663675,-13.20779427,2929.935
     -72.38663675,-13.20779427,2929.935
     -72.38663675,-13.20779427,2929.935
     -72.38663675,-13.20779427,2929.935
     -72.38663675,-13.20779427,2929.935
     -72.38663675,-13.20779427,2929.935
     -72.38663675,-13.20779427,2929.935
     -72.38663675,-13.20779427,2929.935
     -72.38663675,-13.20779427,2929.935
     -72.38663675,-13.20779427,2929.935
     -72.38663675,-13.20779427,2929.935
     -72.38663675,-13.20779427,2929.935
     -72.38663675,-13.20779427,2929.935
     -72.38663675,-13.20779427,2929.935
     -72.38663675,-13.20779427,2929.935
     -72.38663675,-13.20779427,2929.935
     -72.38663675,-13.20779427,2929.935
     -72.38663675,-13.20779427,2929.935
     -72.38663675,-13.20779427,2929.935
     -72.38663675,-13.20779427,2929.935
     -72.38663385,-13.20778693,2930.237
     -72.38662947,-13.20777582,2930.681
     -72.38662100,-13.20776425,2932.146
     -72.38662100,-13.20776425,2932.146
     -72.38662100,-13.20776425,2932.146
     -72.38662100,-13.20776425,2932.146
     -72.38662100,-13.20776425,2932.146
     -72.38662100,-13.20776425,2932.146
     -72.38662100,-13.20776425,2932.146
     -72.38662100,-13.20776425,2932.146
     -72.38662100,-13.20776425,2932.146
     -72.38662100,-13.20776425,2932.146
     -72.38662100,-13.20776425,2932.146
     -72.38662100,-13.20776425,2932.146
     -72.38662100,-13.20776425,2932.146
     -72.38662100,-13.20776425,2932.146
     -72.38662100,-13.20776425,2932.146
     -72.38662100,-13.20776425,2932.146
     -72.38662100,-13.20776425,2932.146
     -72.38662100,-13.20776425,2932.146
     -72.38660913,-13.20775278,2933.467
     -72.38660913,-13.20775278,2933.467
     -72.38660913,-13.20775278,2933.467
     -72.38660913,-13.20775278,2933.467
     -72.38660913,-13.20775278,2933.467
     -72.38660913,-13.20775278,2933.467
     -72.38660913,-13.20775278,2933.467
     -72.38660913,-13.20775278,2933.467
     -72.38660913,-13.20775278,2933.467
     -72.38660913,-13.20775278,2933.467
     -72.38660913,-13.20775278,2933.467
     -72.38660913,-13.20775278,2933.467
     -72.38660913,-13.20775278,2933.467
     -72.38660913,-13.20775278,2933.467
     -72.38660913,-13.20775278,2933.467
     -72.38660913,-13.20775278,2933.467
     -72.38660913,-13.20775278,2933.467
     -72.38660913,-13.20775278,2933.467
     -72.38660913,-13.20775278,2933.467
     -72.38660913,-13.20775278,2933.467
     -72.38660913,-13.20775278,2933.467
     -72.38661990,-13.20777217,2938.502
     -72.38661990,-13.20777217,2938.502
     -72.38665002,-13.20777168,2936.183
     -72.38667405,-13.20776897,2932.748
     -72.38667405,-13.20776897,2932.748
     -72.38669602,-13.20776952,2928.657
     -72.38671155,-13.20777153,2927.156
     -72.38671155,-13.20777153,2927.156
     -72.38672875,-13.20778020,2926.590
     -72.38672875,-13.20778020,2926.590
     -72.38672875,-13.20778020,2926.590
     -72.38673867,-13.20778255,2925.906
     -72.38674305,-13.20778947,2925.487
     -72.38674305,-13.20778947,2925.487
     -72.38674305,-13.20778947,2925.487
     -72.38674305,-13.20778947,2925.487
     -72.38674305,-13.20778947,2925.487
     -72.38674305,-13.20778947,2925.487
     -72.38674305,-13.20778947,2925.487
     -72.38674305,-13.20778947,2925.487
     -72.38674305,-13.20778947,2925.487
     -72.38674305,-13.20778947,2925.487
     -72.38674305,-13.20778947,2925.487
     -72.38674305,-13.20778947,2925.487
     -72.38674305,-13.20778947,2925.487
     -72.38674053,-13.20781742,2924.291
     -72.38674053,-13.20781742,2924.291
     -72.38674053,-13.20781742,2924.291
     -72.38674053,-13.20781742,2924.291
     -72.38674053,-13.20781742,2924.291
     -72.38674053,-13.20781742,2924.291
     -72.38674053,-13.20781742,2924.291
     -72.38674053,-13.20781742,2924.291
     -72.38674053,-13.20781742,2924.291
     -72.38674432,-13.20784625,2927.396
     -72.38674728,-13.20786510,2929.043
     -72.38674728,-13.20786510,2929.043
     -72.38675608,-13.20786958,2928.451
     -72.38676300,-13.20787140,2927.150
     -72.38676615,-13.20787397,2927.446
     -72.38677093,-13.20788252,2928.642
     -72.38677352,-13.20788945,2927.684
     -72.38677953,-13.20789455,2926.680
     -72.38678220,-13.20790337,2926.853
     -72.38678362,-13.20791253,2927.083
     -72.38678383,-13.20792425,2926.957
     -72.38678532,-13.20793417,2926.291
     -72.38678443,-13.20794492,2926.851
     -72.38678433,-13.20794917,2925.880
     -72.38678433,-13.20794917,2925.880
     -72.38678433,-13.20794917,2925.880
     -72.38678433,-13.20794917,2925.880
     -72.38678433,-13.20794917,2925.880
     -72.38678433,-13.20794917,2925.880
     -72.38678433,-13.20794917,2925.880
     -72.38678443,-13.20795708,2925.343
     -72.38678103,-13.20796672,2925.281
     -72.38678103,-13.20796672,2925.281
     -72.38678103,-13.20796672,2925.281
     -72.38678103,-13.20796672,2925.281
     -72.38678103,-13.20796672,2925.281
     -72.38678103,-13.20796672,2925.281
     -72.38678103,-13.20796672,2925.281
     -72.38678398,-13.20797270,2924.032
     -72.38678398,-13.20797270,2924.032
     -72.38678398,-13.20797270,2924.032
     -72.38678398,-13.20797270,2924.032
     -72.38678398,-13.20797270,2924.032
     -72.38678398,-13.20797270,2924.032
     -72.38678398,-13.20797270,2924.032
     -72.38678398,-13.20797270,2924.032
     -72.38678398,-13.20797270,2924.032
     -72.38678398,-13.20797270,2924.032
     -72.38678398,-13.20797270,2924.032
     -72.38678398,-13.20797270,2924.032
     -72.38678398,-13.20797270,2924.032
     -72.38678398,-13.20797270,2924.032
     -72.38678398,-13.20797270,2924.032
     -72.38678398,-13.20797270,2924.032
     -72.38678398,-13.20797270,2924.032
     -72.38678398,-13.20797270,2924.032
     -72.38678398,-13.20797270,2924.032
     -72.38678398,-13.20797270,2924.032
     -72.38678398,-13.20797270,2924.032
     -72.38678398,-13.20797270,2924.032
     -72.38678398,-13.20797270,2924.032
     -72.38678398,-13.20797270,2924.032
     -72.38678398,-13.20797270,2924.032
     -72.38678398,-13.20797270,2924.032
     -72.38678398,-13.20797270,2924.032
     -72.38678398,-13.20797270,2924.032
     -72.38677382,-13.20797372,2925.208
     -72.38676147,-13.20798660,2926.895
     -72.38675355,-13.20800352,2928.753
     -72.38675357,-13.20800352,2928.753
     -72.38675357,-13.20800352,2928.753
     -72.38675357,-13.20800352,2928.753
     -72.38675357,-13.20800352,2928.753
     -72.38675357,-13.20800352,2928.753
     -72.38675357,-13.20800352,2928.753
     -72.38675357,-13.20800352,2928.753
     -72.38675357,-13.20800352,2928.753
     -72.38675357,-13.20800352,2928.753
     -72.38675357,-13.20800352,2928.753
     -72.38675357,-13.20800352,2928.753
     -72.38675808,-13.20800387,2929.022
     -72.38675808,-13.20800387,2929.022
     -72.38675897,-13.20800118,2930.799
     -72.38675897,-13.20800118,2930.799
     -72.38675897,-13.20800118,2930.799
     -72.38675897,-13.20800118,2930.799
     -72.38675897,-13.20800118,2930.799
     -72.38675897,-13.20800118,2930.799
     -72.38675897,-13.20800118,2930.799
     -72.38675897,-13.20800118,2930.799
     -72.38675897,-13.20800118,2930.799
     -72.38675897,-13.20800118,2930.799
     -72.38675897,-13.20800118,2930.799
     -72.38675897,-13.20800118,2930.799
     -72.38675258,-13.20800583,2930.092
     -72.38675942,-13.20801115,2929.498
     -72.38677247,-13.20801452,2928.716
     -72.38677247,-13.20801452,2928.716
     -72.38678675,-13.20802772,2925.613
     -72.38679247,-13.20802987,2923.491
     -72.38679928,-13.20801892,2921.236
     -72.38680988,-13.20800517,2919.501
     -72.38682050,-13.20799847,2918.306
     -72.38682050,-13.20799847,2918.306
     -72.38683213,-13.20798970,2915.016
     -72.38682673,-13.20800292,2918.648
     -72.38683653,-13.20800400,2918.787
     -72.38683817,-13.20799340,2921.909
     -72.38683817,-13.20799340,2921.909
     -72.38684527,-13.20797712,2920.120
     -72.38684527,-13.20797712,2920.120
     -72.38684527,-13.20797712,2920.120
     -72.38683552,-13.20795577,2917.690
     -72.38683552,-13.20795577,2917.690
     -72.38683552,-13.20795577,2917.690
     -72.38683552,-13.20795577,2917.690
     -72.38683552,-13.20795577,2917.690
     -72.38683552,-13.20795577,2917.690
     -72.38683552,-13.20795577,2917.690
     -72.38683552,-13.20795577,2917.690
     -72.38683552,-13.20795577,2917.690
     -72.38682685,-13.20795145,2920.020
     -72.38682448,-13.20794830,2919.765
     -72.38682960,-13.20794055,2919.697
     -72.38683058,-13.20793162,2919.388
     -72.38683058,-13.20793160,2919.388
     -72.38683058,-13.20793160,2919.388
     -72.38684125,-13.20792438,2918.955
     -72.38685078,-13.20792197,2918.698
     -72.38685078,-13.20792197,2918.698
     -72.38685078,-13.20792197,2918.698
     -72.38685078,-13.20792197,2918.698
     -72.38685078,-13.20792197,2918.698
     -72.38685078,-13.20792197,2918.698
     -72.38685078,-13.20792197,2918.698
     -72.38685078,-13.20792197,2918.698
     -72.38685078,-13.20792197,2918.698
     -72.38685078,-13.20792197,2918.698
     -72.38685078,-13.20792197,2918.698
     -72.38685078,-13.20792197,2918.698
     -72.38685078,-13.20792197,2918.698
     -72.38685078,-13.20792197,2918.698
     -72.38684150,-13.20790273,2917.827
     -72.38683293,-13.20789177,2916.314
     -72.38682410,-13.20788422,2915.596
     -72.38681678,-13.20787735,2916.249
     -72.38681307,-13.20787040,2917.584
     -72.38681307,-13.20787038,2917.584
     -72.38681307,-13.20787038,2917.584
     -72.38681307,-13.20787038,2917.584
     -72.38681307,-13.20787038,2917.584
     -72.38681307,-13.20787038,2917.584
     -72.38681307,-13.20787038,2917.584
     -72.38681307,-13.20787038,2917.584
     -72.38681307,-13.20787038,2917.584
     -72.38681307,-13.20787038,2917.584
     -72.38681307,-13.20787038,2917.584
     -72.38682235,-13.20786582,2918.753
     -72.38682235,-13.20786582,2918.753
     -72.38682235,-13.20786582,2918.753
     -72.38682235,-13.20786582,2918.753
     -72.38682235,-13.20786582,2918.753
     -72.38682235,-13.20786582,2918.753
     -72.38682583,-13.20787088,2923.604
     -72.38683515,-13.20787427,2926.972
     -72.38683515,-13.20787427,2926.972
     -72.38684612,-13.20787733,2928.433
     -72.38684612,-13.20787733,2928.433
     -72.38685342,-13.20787748,2932.116
     -72.38685342,-13.20787748,2932.116
     -72.38685342,-13.20787748,2932.116
     -72.38685342,-13.20787748,2932.116
     -72.38685342,-13.20787748,2932.116
     -72.38685342,-13.20787748,2932.116
     -72.38685342,-13.20787748,2932.116
     -72.38685342,-13.20787748,2932.116
     -72.38685342,-13.20787748,2932.116
     -72.38685342,-13.20787748,2932.116
     -72.38685342,-13.20787748,2932.116
     -72.38685342,-13.20787748,2932.116
     -72.38685342,-13.20787748,2932.116
     -72.38685342,-13.20787748,2932.116
     -72.38685342,-13.20787748,2932.116
     -72.38685342,-13.20787748,2932.116
     -72.38685342,-13.20787748,2932.116
     -72.38686117,-13.20787173,2935.326
     -72.38686635,-13.20786590,2937.882
     -72.38687507,-13.20786068,2939.683
     -72.38688935,-13.20785395,2942.264
     -72.38690527,-13.20785807,2943.515
     -72.38690790,-13.20786743,2945.262
     -72.38691272,-13.20787772,2948.066
     -72.38692052,-13.20788250,2948.591
     -72.38692052,-13.20788250,2948.592
     -72.38692052,-13.20788250,2948.592
     -72.38692052,-13.20788250,2948.592
     -72.38692052,-13.20788250,2948.592
     -72.38692052,-13.20788250,2948.592
     -72.38692052,-13.20788250,2948.592
     -72.38691343,-13.20787790,2947.542
     -72.38691012,-13.20786620,2946.475
     -72.38690172,-13.20785648,2947.065
     -72.38689035,-13.20784922,2948.292
     -72.38687818,-13.20783878,2948.017
     -72.38686613,-13.20783462,2947.361
     -72.38685882,-13.20782328,2945.499
     -72.38685023,-13.20781543,2945.926
     -72.38684447,-13.20780485,2946.584
     -72.38684447,-13.20780485,2946.584
     -72.38684447,-13.20780485,2946.584
     -72.38684447,-13.20780485,2946.584
     -72.38684447,-13.20780485,2946.584
     -72.38684447,-13.20780485,2946.584
     -72.38684447,-13.20780485,2946.584
     -72.38684447,-13.20780485,2946.584
     -72.38684447,-13.20780485,2946.584
     -72.38684447,-13.20780485,2946.584
     -72.38684447,-13.20780485,2946.584
     -72.38684447,-13.20780485,2946.584
     -72.38684723,-13.20779657,2944.846
     -72.38684723,-13.20779657,2944.846
     -72.38684723,-13.20779657,2944.846
     -72.38684723,-13.20779657,2944.846
     -72.38684723,-13.20779657,2944.846
     -72.38684723,-13.20779657,2944.846
     -72.38685213,-13.20778518,2946.680
     -72.38685558,-13.20777242,2947.792
     -72.38685968,-13.20777638,2948.770
     -72.38685968,-13.20777638,2948.770
     -72.38685477,-13.20777570,2950.098
     -72.38685477,-13.20777570,2950.098
     -72.38684850,-13.20777885,2953.953
     -72.38684730,-13.20778095,2954.206
     -72.38684265,-13.20778340,2953.910
     -72.38683387,-13.20778578,2952.639
     -72.38682182,-13.20778243,2950.297
     -72.38681513,-13.20778353,2949.944
     -72.38680833,-13.20777895,2949.474
     -72.38680833,-13.20777895,2949.474
     -72.38680833,-13.20777895,2949.474
     -72.38681453,-13.20777427,2950.854
     -72.38681453,-13.20777427,2950.854
     -72.38681453,-13.20777427,2950.854
     -72.38681453,-13.20777427,2950.854
     -72.38681453,-13.20777427,2950.854
     -72.38681453,-13.20777427,2950.854
     -72.38682427,-13.20776695,2951.386
     -72.38683563,-13.20775907,2952.292
     -72.38684780,-13.20775702,2951.802
     -72.38685293,-13.20775372,2951.149
     -72.38685293,-13.20775372,2951.149
     -72.38685293,-13.20775372,2951.149
     -72.38685293,-13.20775372,2951.149
     -72.38685293,-13.20775372,2951.149
     -72.38687362,-13.20776172,2953.166
     -72.38688290,-13.20776410,2955.664
     -72.38688290,-13.20776410,2955.664
     -72.38688290,-13.20776410,2955.664
     -72.38688290,-13.20776410,2955.664
     -72.38688290,-13.20776410,2955.664
     -72.38688290,-13.20776410,2955.664
     -72.38689175,-13.20776108,2953.768
     -72.38690483,-13.20775967,2954.358
     -72.38692115,-13.20776242,2954.169
     -72.38693088,-13.20776982,2955.010
     -72.38693658,-13.20777693,2955.682
     -72.38694337,-13.20777848,2955.395
     -72.38695173,-13.20777378,2955.094
     -72.38695860,-13.20777122,2955.840
     -72.38695860,-13.20777122,2955.840
     -72.38695860,-13.20777122,2955.840
     -72.38695860,-13.20777122,2955.840
     -72.38695860,-13.20777122,2955.840
     -72.38695860,-13.20777122,2955.840
     -72.38695860,-13.20777122,2955.840
     -72.38695860,-13.20777122,2955.840
     -72.38695860,-13.20777122,2955.840
     -72.38695860,-13.20777122,2955.840
     -72.38695860,-13.20777122,2955.840
     -72.38695860,-13.20777122,2955.840
     -72.38695860,-13.20777122,2955.840
     -72.38695860,-13.20777122,2955.840
     -72.38695860,-13.20777122,2955.840
     -72.38695860,-13.20777122,2955.840
     -72.38695860,-13.20777122,2955.840
     -72.38695860,-13.20777122,2955.840
     -72.38695772,-13.20776790,2953.662
     -72.38695933,-13.20776767,2951.851
     -72.38696913,-13.20776930,2950.978
     -72.38697812,-13.20777458,2950.947
     -72.38697812,-13.20777458,2950.947
     -72.38697812,-13.20777458,2950.947
     -72.38697812,-13.20777458,2950.947
     -72.38697812,-13.20777458,2950.947
     -72.38697812,-13.20777458,2950.947
     -72.38697812,-13.20777458,2950.947
     -72.38698252,-13.20777637,2950.754
     -72.38698522,-13.20777855,2951.876
     -72.38699948,-13.20778590,2951.852
     -72.38702020,-13.20779837,2952.828
     -72.38703463,-13.20780200,2953.960
     -72.38703300,-13.20779948,2955.604
     -72.38703370,-13.20779320,2955.071
     -72.38703370,-13.20779322,2955.071
     -72.38703370,-13.20779322,2955.071
     -72.38703370,-13.20779322,2955.071
     -72.38703370,-13.20779322,2955.071
     -72.38703947,-13.20778342,2953.629
     -72.38703983,-13.20776777,2954.909
     -72.38703983,-13.20776777,2954.909
     -72.38703983,-13.20776777,2954.909
     -72.38703983,-13.20776777,2954.909
     -72.38703983,-13.20776777,2954.909
     -72.38703983,-13.20776777,2954.909
     -72.38703983,-13.20776777,2954.909
     -72.38703983,-13.20776777,2954.909
     -72.38703983,-13.20776777,2954.909
     -72.38703983,-13.20776777,2954.909
     -72.38703983,-13.20776777,2954.909
     -72.38703983,-13.20776777,2954.909
     -72.38703983,-13.20776777,2954.909
     -72.38703983,-13.20776777,2954.909
     -72.38703983,-13.20776777,2954.909
     -72.38703983,-13.20776777,2954.909
     -72.38702932,-13.20777265,2954.142
     -72.38702305,-13.20777502,2954.010
     -72.38701562,-13.20777603,2953.144
     -72.38700668,-13.20777620,2952.978
     -72.38699607,-13.20777330,2953.140
     -72.38698798,-13.20776960,2953.773
     -72.38698315,-13.20776263,2955.044
     -72.38698315,-13.20776263,2955.044
     -72.38698315,-13.20776263,2955.044
     -72.38698315,-13.20776263,2955.044
     -72.38698315,-13.20776263,2955.044
     -72.38698315,-13.20776263,2955.044
     -72.38698315,-13.20776263,2955.044
     -72.38698315,-13.20776263,2955.044
     -72.38698315,-13.20776263,2955.044
     -72.38698315,-13.20776263,2955.044
     -72.38698315,-13.20776263,2955.044
     -72.38698315,-13.20776263,2955.044
     -72.38698315,-13.20776263,2955.044
     -72.38698315,-13.20776263,2955.044
     -72.38698315,-13.20776263,2955.044
     -72.38698315,-13.20776263,2955.044
     -72.38698315,-13.20776263,2955.044
     -72.38698315,-13.20776263,2955.044
     -72.38698315,-13.20776263,2955.044
     -72.38698255,-13.20775303,2956.792
     -72.38698255,-13.20775303,2956.792
     -72.38698255,-13.20775303,2956.792
     -72.38698255,-13.20775303,2956.792
     -72.38698255,-13.20775303,2956.792
     -72.38698255,-13.20775303,2956.792
     -72.38698255,-13.20775303,2956.792
     -72.38698255,-13.20775303,2956.792
     -72.38699268,-13.20774473,2957.009
     -72.38700782,-13.20773875,2957.248
     -72.38701702,-13.20773567,2957.290
     -72.38702823,-13.20772588,2956.838
     -72.38703557,-13.20771693,2957.500
     -72.38703557,-13.20771693,2957.500
     -72.38703557,-13.20771693,2957.500
     -72.38703557,-13.20771693,2957.500
     -72.38703557,-13.20771693,2957.500
     -72.38703557,-13.20771693,2957.500
     -72.38703557,-13.20771693,2957.500
     -72.38703557,-13.20771693,2957.500
     -72.38703557,-13.20771693,2957.500
     -72.38703557,-13.20771693,2957.500
     -72.38703557,-13.20771693,2957.500
     -72.38703557,-13.20771693,2957.500
     -72.38703557,-13.20771693,2957.500
     -72.38703557,-13.20771693,2957.500
     -72.38703557,-13.20771693,2957.500
     -72.38703557,-13.20771693,2957.500
     -72.38703557,-13.20771693,2957.500
     -72.38703557,-13.20771693,2957.500
     -72.38700297,-13.20771763,2960.503
     -72.38700297,-13.20771763,2960.503
     -72.38700297,-13.20771763,2960.503
     -72.38700297,-13.20771763,2960.503
     -72.38700297,-13.20771763,2960.503
     -72.38700297,-13.20771763,2960.503
     -72.38700297,-13.20771763,2960.503
     -72.38700297,-13.20771763,2960.503
     -72.38700297,-13.20771763,2960.503
     -72.38700297,-13.20771763,2960.503
     -72.38700297,-13.20771763,2960.503
     -72.38700297,-13.20771763,2960.503
     -72.38700297,-13.20771763,2960.503
     -72.38700297,-13.20771763,2960.503
     -72.38700297,-13.20771763,2960.503
     -72.38700297,-13.20771763,2960.503
     -72.38700297,-13.20771763,2960.503
     -72.38700297,-13.20771763,2960.503
     -72.38699822,-13.20772098,2963.489
     -72.38699195,-13.20772603,2964.547
     -72.38699100,-13.20772827,2965.292
     -72.38699100,-13.20772827,2965.291
     -72.38698743,-13.20772978,2967.588
     -72.38698302,-13.20772713,2967.073
     -72.38698300,-13.20772713,2967.073
     -72.38698300,-13.20772713,2967.073
     -72.38698777,-13.20771828,2965.411
     -72.38699542,-13.20770893,2965.270
     -72.38699542,-13.20770893,2965.270
     -72.38699542,-13.20770893,2965.270
     -72.38699542,-13.20770893,2965.270
     -72.38699407,-13.20771020,2966.749
     -72.38698465,-13.20770698,2966.942
     -72.38697515,-13.20770128,2967.164
     -72.38697515,-13.20770128,2967.164
     -72.38697515,-13.20770128,2967.164
     -72.38697515,-13.20770128,2967.164
     -72.38697515,-13.20770128,2967.164
     -72.38697515,-13.20770128,2967.164
     -72.38697515,-13.20770128,2967.164
     -72.38697515,-13.20770128,2967.164
     -72.38697515,-13.20770128,2967.164
     -72.38697515,-13.20770128,2967.164
     -72.38697515,-13.20770128,2967.164
     -72.38697515,-13.20770128,2967.164
     -72.38698063,-13.20769237,2967.312
     -72.38698063,-13.20769237,2967.312
     -72.38698653,-13.20769292,2968.831
     -72.38698653,-13.20769292,2968.831
     -72.38698653,-13.20769292,2968.831
     -72.38698642,-13.20768453,2969.332
     -72.38698642,-13.20768453,2969.332
     -72.38697927,-13.20767967,2970.539
     -72.38697222,-13.20766680,2971.416
     -72.38696900,-13.20766047,2972.088
     -72.38696782,-13.20765250,2972.109
     -72.38697623,-13.20764363,2971.845
     -72.38698953,-13.20763465,2971.803
     -72.38700397,-13.20763502,2972.335
     -72.38700397,-13.20763502,2972.335
     -72.38700397,-13.20763502,2972.335
     -72.38700397,-13.20763502,2972.335
     -72.38700397,-13.20763502,2972.335
     -72.38700397,-13.20763502,2972.335
     -72.38700397,-13.20763502,2972.335
     -72.38700397,-13.20763502,2972.335
     -72.38700397,-13.20763502,2972.335
     -72.38700397,-13.20763502,2972.335
     -72.38700397,-13.20763502,2972.335
     -72.38700397,-13.20763502,2972.335
     -72.38700397,-13.20763502,2972.335
     -72.38700397,-13.20763502,2972.335
     -72.38700397,-13.20763502,2972.335
     -72.38700397,-13.20763502,2972.335
     -72.38700397,-13.20763502,2972.335
     -72.38700397,-13.20763502,2972.335
     -72.38700397,-13.20763502,2972.335
     -72.38700397,-13.20763502,2972.335
     -72.38700397,-13.20763502,2972.335
     -72.38700397,-13.20763502,2972.335
     -72.38700397,-13.20763502,2972.335
     -72.38700397,-13.20763502,2972.335
     -72.38700397,-13.20763502,2972.335
     -72.38700397,-13.20763502,2972.335
     -72.38700397,-13.20763502,2972.335
     -72.38700223,-13.20763317,2973.216
     -72.38700223,-13.20763317,2973.216
     -72.38700223,-13.20763317,2973.216
     -72.38700223,-13.20763317,2973.216
     -72.38700223,-13.20763317,2973.216
     -72.38698753,-13.20762587,2972.883
     -72.38698753,-13.20762587,2972.883
     -72.38698962,-13.20761525,2971.359
     -72.38698507,-13.20760352,2970.552
     -72.38697557,-13.20759368,2970.888
     -72.38696815,-13.20758518,2971.072
     -72.38695882,-13.20758040,2971.229
     -72.38695353,-13.20757823,2971.347
     -72.38694298,-13.20757468,2971.701
     -72.38693738,-13.20756457,2970.473
     -72.38693135,-13.20755292,2970.360
     -72.38693135,-13.20755292,2970.360
     -72.38693135,-13.20755292,2970.360
     -72.38693135,-13.20755292,2970.360
     -72.38693135,-13.20755292,2970.360
     -72.38693135,-13.20755292,2970.360
     -72.38692122,-13.20754375,2971.247
     -72.38691885,-13.20753443,2971.905
     -72.38691885,-13.20753443,2971.905
     -72.38691885,-13.20753443,2971.905
     -72.38691885,-13.20753443,2971.905
     -72.38692383,-13.20752223,2973.279
     -72.38692383,-13.20752223,2973.279
     -72.38692460,-13.20751462,2973.355
     -72.38692568,-13.20751397,2971.464
     -72.38692732,-13.20751217,2970.967
     -72.38692732,-13.20751217,2970.967
     -72.38692732,-13.20751217,2970.967
     -72.38692732,-13.20751217,2970.967
     -72.38692732,-13.20751217,2970.967
     -72.38692732,-13.20751217,2970.967
     -72.38692732,-13.20751217,2970.967
     -72.38692732,-13.20751217,2970.967
     -72.38692732,-13.20751217,2970.967
     -72.38692732,-13.20751217,2970.967
     -72.38692732,-13.20751217,2970.967
     -72.38692732,-13.20751217,2970.967
     -72.38692732,-13.20751217,2970.967
     -72.38692732,-13.20751217,2970.967
     -72.38692732,-13.20751217,2970.967
     -72.38692732,-13.20751217,2970.967
     -72.38692732,-13.20751217,2970.967
     -72.38692732,-13.20751217,2970.967
     -72.38692732,-13.20751217,2970.967
     -72.38692732,-13.20751217,2970.967
     -72.38692732,-13.20751217,2970.967
     -72.38692732,-13.20751217,2970.967
     -72.38692732,-13.20751217,2970.967
     -72.38694173,-13.20750635,2969.862
     -72.38695157,-13.20750877,2969.567
     -72.38696265,-13.20751087,2969.161
     -72.38697610,-13.20751283,2968.319
     -72.38697610,-13.20751283,2968.320
     -72.38698680,-13.20750965,2969.229
     -72.38698680,-13.20750965,2969.229
     -72.38700408,-13.20750488,2970.162
     -72.38701823,-13.20750368,2971.620
     -72.38702992,-13.20750790,2972.448
     -72.38703605,-13.20751880,2973.854
     -72.38703605,-13.20751880,2973.854
     -72.38703605,-13.20751880,2973.854
     -72.38705232,-13.20751660,2974.118
     -72.38707140,-13.20751593,2973.761
     -72.38707140,-13.20751593,2973.761
     -72.38707140,-13.20751593,2973.761
     -72.38709530,-13.20751258,2973.807
     -72.38710145,-13.20751892,2974.676
     -72.38711085,-13.20751750,2974.221
     -72.38711675,-13.20751765,2973.134
     -72.38712617,-13.20751803,2972.283
     -72.38713585,-13.20752127,2972.104
     -72.38714108,-13.20752632,2972.062
     -72.38714483,-13.20752907,2972.084
     -72.38714780,-13.20753217,2971.887
     -72.38715257,-13.20753103,2971.754
     -72.38716048,-13.20753323,2970.990
     -72.38716617,-13.20753740,2970.186
     -72.38716978,-13.20753838,2970.136
     -72.38717982,-13.20753950,2969.127
     -72.38718557,-13.20753782,2968.001
     -72.38718963,-13.20753960,2967.067
     -72.38719988,-13.20754017,2966.979
     -72.38719990,-13.20754017,2966.979
     -72.38719990,-13.20754017,2966.979
     -72.38719990,-13.20754017,2966.979
     -72.38720895,-13.20753340,2967.833
     -72.38721213,-13.20752998,2969.382
     -72.38721213,-13.20752998,2969.382
     -72.38721213,-13.20752998,2969.382
     -72.38721213,-13.20752998,2969.382
     -72.38721195,-13.20752575,2971.857
     -72.38721363,-13.20750895,2969.419
     -72.38721363,-13.20750895,2969.419
     -72.38721363,-13.20750895,2969.419
     -72.38721363,-13.20750895,2969.419
     -72.38721363,-13.20750895,2969.419
     -72.38721363,-13.20750895,2969.419
     -72.38721363,-13.20750895,2969.419
     -72.38721363,-13.20750895,2969.419
     -72.38721363,-13.20750895,2969.419
     -72.38721363,-13.20750895,2969.419
     -72.38721363,-13.20750895,2969.419
     -72.38721363,-13.20750895,2969.419
     -72.38721363,-13.20750895,2969.419
     -72.38721363,-13.20750895,2969.419
     -72.38721363,-13.20750895,2969.419
     -72.38721363,-13.20750895,2969.419
     -72.38721363,-13.20750895,2969.419
     -72.38721363,-13.20750895,2969.419
     -72.38721363,-13.20750895,2969.419
     -72.38721363,-13.20750895,2969.419
     -72.38721363,-13.20750895,2969.419
     -72.38721363,-13.20750895,2969.419
     -72.38721363,-13.20750895,2969.419
     -72.38721363,-13.20750895,2969.419
     -72.38721363,-13.20750895,2969.419
     -72.38721363,-13.20750895,2969.419
     -72.38719080,-13.20752277,2970.198
     -72.38717517,-13.20753937,2970.698
     -72.38716395,-13.20755488,2970.667
     -72.38714892,-13.20756863,2971.625
     -72.38713305,-13.20758022,2971.704
     -72.38711557,-13.20758205,2971.615
     -72.38709913,-13.20758515,2974.103
     -72.38708868,-13.20758803,2974.677
     -72.38707907,-13.20758357,2974.829
     -72.38707237,-13.20758023,2974.795
     -72.38706383,-13.20757992,2974.907
     -72.38705708,-13.20757763,2974.228
     -72.38704942,-13.20757018,2972.688
     -72.38703840,-13.20756783,2972.908
     -72.38702492,-13.20756558,2973.243
     -72.38701198,-13.20755923,2973.539
     -72.38700470,-13.20754813,2973.210
     -72.38700113,-13.20753855,2974.153
     -72.38699868,-13.20753125,2975.410
     -72.38699607,-13.20751503,2974.958
     -72.38699333,-13.20750803,2975.306
     -72.38699165,-13.20750325,2975.409
     -72.38698888,-13.20749550,2975.000
     -72.38698773,-13.20748408,2973.873
     -72.38698675,-13.20747668,2974.720
     -72.38698240,-13.20747122,2974.394
     -72.38698240,-13.20747122,2974.394
     -72.38698240,-13.20747122,2974.394
     -72.38698240,-13.20747122,2974.394
     -72.38698240,-13.20747122,2974.394
     -72.38698963,-13.20747000,2975.510
     -72.38699927,-13.20746565,2976.089
     -72.38700732,-13.20746073,2976.378
     -72.38700732,-13.20746073,2976.378
     -72.38700732,-13.20746073,2976.378
     -72.38702077,-13.20746900,2975.884
     -72.38703365,-13.20746582,2974.247
     -72.38704272,-13.20746987,2973.783
     -72.38705165,-13.20746823,2972.551
     -72.38705165,-13.20746823,2972.551
     -72.38705943,-13.20746277,2971.637
     -72.38706917,-13.20746185,2970.547
     -72.38706917,-13.20746185,2970.547
     -72.38706917,-13.20746185,2970.547
     -72.38707733,-13.20746172,2970.326
     -72.38708423,-13.20745953,2971.179
     -72.38708423,-13.20745953,2971.179
     -72.38709395,-13.20745107,2970.194
     -72.38710450,-13.20744468,2969.288
     -72.38711650,-13.20743862,2969.009
     -72.38712865,-13.20743192,2967.790
     -72.38712865,-13.20743192,2967.790
     -72.38713913,-13.20743032,2967.731
     -72.38714620,-13.20742915,2969.319
     -72.38714620,-13.20742915,2969.319
     -72.38714620,-13.20742915,2969.319
     -72.38715757,-13.20743308,2970.328
     -72.38716823,-13.20743668,2971.171
     -72.38718552,-13.20744130,2972.724
     -72.38718552,-13.20744130,2972.723
     -72.38718552,-13.20744130,2972.723
     -72.38718552,-13.20744130,2972.723
     -72.38719560,-13.20743970,2972.129
     -72.38720537,-13.20743810,2970.607
     -72.38720537,-13.20743810,2970.607
     -72.38720537,-13.20743810,2970.607
     -72.38720537,-13.20743810,2970.607
     -72.38721457,-13.20743747,2969.974
     -72.38721457,-13.20743747,2969.974
     -72.38721670,-13.20743620,2971.329
     -72.38721670,-13.20743620,2971.329
     -72.38721670,-13.20743620,2971.329
     -72.38721670,-13.20743620,2971.329
     -72.38721670,-13.20743620,2971.329
     -72.38721670,-13.20743620,2971.329
     -72.38721670,-13.20743620,2971.329
     -72.38721670,-13.20743620,2971.329
     -72.38721670,-13.20743620,2971.329
     -72.38721670,-13.20743620,2971.329
     -72.38721670,-13.20743620,2971.329
     -72.38721670,-13.20743620,2971.329
     -72.38721670,-13.20743620,2971.329
     -72.38721670,-13.20743620,2971.329
     -72.38721670,-13.20743620,2971.329
     -72.38721670,-13.20743620,2971.329
     -72.38721670,-13.20743620,2971.329
     -72.38721670,-13.20743620,2971.329
     -72.38721670,-13.20743620,2971.329
     -72.38721670,-13.20743620,2971.329
     -72.38721670,-13.20743620,2971.329
     -72.38721670,-13.20743620,2971.329
     -72.38721670,-13.20743620,2971.329
     -72.38721670,-13.20743620,2971.329
     -72.38721670,-13.20743620,2971.329
     -72.38721670,-13.20743620,2971.329
     -72.38721670,-13.20743620,2971.329
     -72.38721670,-13.20743620,2971.329
     -72.38721670,-13.20743620,2971.329
     -72.38721670,-13.20743620,2971.329
     -72.38721670,-13.20743620,2971.329
     -72.38721670,-13.20743620,2971.329
     -72.38721670,-13.20743620,2971.329
     -72.38721670,-13.20743620,2971.329
     -72.38721670,-13.20743620,2971.329
     -72.38721670,-13.20743620,2971.329
     -72.38721670,-13.20743620,2971.329
     -72.38721670,-13.20743620,2971.329
     -72.38721670,-13.20743620,2971.329
     -72.38721670,-13.20743620,2971.329
     -72.38721670,-13.20743620,2971.329
     -72.38721670,-13.20743620,2971.329
     -72.38721670,-13.20743620,2971.329
     -72.38721670,-13.20743620,2971.329
     -72.38721670,-13.20743620,2971.329
     -72.38721670,-13.20743620,2971.329
     -72.38721670,-13.20743620,2971.329
     -72.38721670,-13.20743620,2971.329
     -72.38721670,-13.20743620,2971.329
     -72.38721670,-13.20743620,2971.329
     -72.38720518,-13.20743887,2970.960
     -72.38718803,-13.20743808,2971.655
     -72.38717048,-13.20744013,2971.928
     -72.38715063,-13.20743717,2972.503
     -72.38713297,-13.20743452,2973.179
     -72.38712612,-13.20743030,2973.987
     -72.38712402,-13.20742862,2975.076
     -72.38711390,-13.20742120,2975.294
     -72.38711472,-13.20741400,2974.938
     -72.38710695,-13.20740962,2975.542
     -72.38709277,-13.20740687,2976.018
     -72.38708200,-13.20740450,2976.724
     -72.38707065,-13.20740383,2977.789
     -72.38706122,-13.20740047,2979.153
     -72.38705497,-13.20739690,2979.268
     -72.38705260,-13.20739310,2978.947
     -72.38704498,-13.20738527,2979.231
     -72.38704157,-13.20737738,2979.632
     -72.38704115,-13.20737215,2979.871
     -72.38703818,-13.20736687,2980.642
     -72.38703547,-13.20735957,2981.383
     -72.38703222,-13.20736032,2981.526
     -72.38702690,-13.20735688,2980.921
     -72.38702690,-13.20735688,2980.921
     -72.38702690,-13.20735688,2980.921
     -72.38702690,-13.20735688,2980.921
     -72.38702690,-13.20735688,2980.921
     -72.38702690,-13.20735688,2980.921
     -72.38702690,-13.20735688,2980.921
     -72.38702690,-13.20735688,2980.921
     -72.38702690,-13.20735688,2980.921
     -72.38702690,-13.20735688,2980.921
     -72.38702690,-13.20735688,2980.921
     -72.38702690,-13.20735688,2980.921
     -72.38702690,-13.20735688,2980.921
     -72.38702690,-13.20735688,2980.921
     -72.38702690,-13.20735688,2980.921
     -72.38702690,-13.20735688,2980.921
     -72.38702690,-13.20735688,2980.921
     -72.38702690,-13.20735688,2980.921
     -72.38702690,-13.20735688,2980.921
     -72.38702690,-13.20735688,2980.921
     -72.38702690,-13.20735688,2980.921
     -72.38702690,-13.20735688,2980.921
     -72.38702690,-13.20735688,2980.921
     -72.38702690,-13.20735688,2980.921
     -72.38702690,-13.20735688,2980.921
     -72.38702690,-13.20735688,2980.921
     -72.38702860,-13.20734288,2981.858
     -72.38702860,-13.20734288,2981.858
     -72.38704202,-13.20731827,2982.597
     -72.38704202,-13.20731828,2982.597
     -72.38704202,-13.20731828,2982.597
     -72.38704202,-13.20731828,2982.597
     -72.38704202,-13.20731828,2982.597
     -72.38704202,-13.20731828,2982.597
     -72.38704202,-13.20731828,2982.597
     -72.38704202,-13.20731828,2982.597
     -72.38704202,-13.20731828,2982.597
     -72.38704202,-13.20731828,2982.597
     -72.38704202,-13.20731828,2982.597
     -72.38704202,-13.20731828,2982.597
     -72.38704202,-13.20731828,2982.597
     -72.38704202,-13.20731828,2982.597
     -72.38704202,-13.20731828,2982.597
     -72.38704202,-13.20731828,2982.597
     -72.38704202,-13.20731828,2982.597
     -72.38704202,-13.20731828,2982.597
     -72.38704202,-13.20731828,2982.597
     -72.38704202,-13.20731828,2982.597
     -72.38704202,-13.20731828,2982.597
     -72.38704202,-13.20731828,2982.597
     -72.38704202,-13.20731828,2982.597
     -72.38704202,-13.20731828,2982.597
     -72.38704202,-13.20731828,2982.597
     -72.38704202,-13.20731828,2982.597
     -72.38704202,-13.20731828,2982.597
     -72.38704202,-13.20731828,2982.597
     -72.38706412,-13.20730908,2980.943
     -72.38706412,-13.20730908,2980.943
     -72.38706412,-13.20730908,2980.943
     -72.38708133,-13.20729842,2979.539
     -72.38709475,-13.20729108,2978.688
     -72.38711227,-13.20728602,2978.815
     -72.38712785,-13.20728058,2979.499
     -72.38714053,-13.20727708,2980.000
     -72.38715185,-13.20727173,2981.589
     -72.38716073,-13.20726517,2982.768
     -72.38716073,-13.20726517,2982.768
     -72.38716073,-13.20726517,2982.768
     -72.38716073,-13.20726517,2982.768
     -72.38716073,-13.20726517,2982.768
     -72.38716073,-13.20726517,2982.768
     -72.38716073,-13.20726517,2982.768
     -72.38716073,-13.20726517,2982.768
     -72.38716073,-13.20726517,2982.768
     -72.38716245,-13.20725772,2982.793
     -72.38716245,-13.20725772,2982.793
     -72.38716245,-13.20725772,2982.793
     -72.38716245,-13.20725772,2982.793
     -72.38716245,-13.20725772,2982.793
     -72.38716245,-13.20725772,2982.793
     -72.38716245,-13.20725772,2982.793
     -72.38716245,-13.20725772,2982.793
     -72.38716245,-13.20725772,2982.793
     -72.38716245,-13.20725772,2982.793
     -72.38715232,-13.20726585,2985.887
     -72.38715915,-13.20726365,2986.266
     -72.38716460,-13.20726238,2986.276
     -72.38716460,-13.20726238,2986.276
     -72.38716460,-13.20726238,2986.276
     -72.38716460,-13.20726238,2986.276
     -72.38716460,-13.20726238,2986.276
     -72.38716460,-13.20726238,2986.276
     -72.38716368,-13.20726745,2986.015
     -72.38716560,-13.20726592,2986.035
     -72.38716560,-13.20726592,2986.035
     -72.38716560,-13.20726592,2986.035
     -72.38716560,-13.20726592,2986.035
     -72.38716560,-13.20726592,2986.035
     -72.38716560,-13.20726592,2986.035
     -72.38716560,-13.20726592,2986.035
     -72.38716560,-13.20726592,2986.035
     -72.38714602,-13.20726267,2986.891
     -72.38712985,-13.20726327,2989.098
     -72.38712215,-13.20726380,2989.177
     -72.38711478,-13.20726645,2989.864
     -72.38710840,-13.20725702,2989.545
     -72.38709662,-13.20725165,2989.752
     -72.38708415,-13.20725333,2989.759
     -72.38707503,-13.20725568,2988.868
     -72.38706572,-13.20725248,2988.630
     -72.38706132,-13.20724357,2988.786
     -72.38706132,-13.20724357,2988.786
     -72.38705555,-13.20724188,2989.798
     -72.38705555,-13.20724188,2989.798
     -72.38705555,-13.20724188,2989.798
     -72.38705555,-13.20724188,2989.798
     -72.38705460,-13.20723683,2988.961
     -72.38705460,-13.20723683,2988.961
     -72.38705460,-13.20723683,2988.961
     -72.38705615,-13.20722157,2988.313
     -72.38705615,-13.20722157,2988.313
     -72.38705833,-13.20720890,2987.967
     -72.38705833,-13.20720890,2987.967
     -72.38705833,-13.20720890,2987.967
     -72.38705833,-13.20720890,2987.967
     -72.38705833,-13.20720890,2987.967
     -72.38705833,-13.20720890,2987.967
     -72.38705833,-13.20720890,2987.967
     -72.38705833,-13.20720890,2987.967
     -72.38705833,-13.20720890,2987.967
     -72.38705833,-13.20720890,2987.967
     -72.38705833,-13.20720890,2987.967
     -72.38705833,-13.20720890,2987.967
     -72.38705833,-13.20720890,2987.967
     -72.38705833,-13.20720890,2987.967
     -72.38705833,-13.20720890,2987.967
     -72.38705833,-13.20720890,2987.967
     -72.38705833,-13.20720890,2987.967
     -72.38707917,-13.20720208,2985.695
     -72.38709687,-13.20720025,2983.564
     -72.38711532,-13.20719767,2982.416
     -72.38712998,-13.20720197,2982.598
     -72.38714065,-13.20720507,2982.191
     -72.38714065,-13.20720507,2982.191
     -72.38715572,-13.20720373,2981.153
     -72.38716638,-13.20720542,2979.890
     -72.38718138,-13.20720295,2979.468
     -72.38719760,-13.20719948,2980.099
     -72.38719760,-13.20719948,2980.098
     -72.38719760,-13.20719948,2980.098
     -72.38719760,-13.20719948,2980.098
     -72.38719760,-13.20719948,2980.098
     -72.38719760,-13.20719948,2980.098
     -72.38719760,-13.20719948,2980.098
     -72.38719760,-13.20719948,2980.098
     -72.38719760,-13.20719948,2980.098
     -72.38719760,-13.20719948,2980.098
     -72.38719760,-13.20719948,2980.098
     -72.38719760,-13.20719948,2980.098
     -72.38719760,-13.20719948,2980.098
     -72.38719760,-13.20719948,2980.098
     -72.38719760,-13.20719948,2980.098
     -72.38719760,-13.20719948,2980.098
     -72.38719760,-13.20719948,2980.098
     -72.38719760,-13.20719948,2980.098
     -72.38719760,-13.20719948,2980.098
     -72.38719760,-13.20719948,2980.098
     -72.38719760,-13.20719948,2980.098
     -72.38719760,-13.20719948,2980.098
     -72.38719760,-13.20719948,2980.098
     -72.38720777,-13.20720228,2979.715
     -72.38722350,-13.20720565,2977.498
     -72.38722475,-13.20720050,2977.606
     -72.38722475,-13.20720050,2977.606
     -72.38722475,-13.20720050,2977.606
     -72.38723662,-13.20717650,2976.274
     -72.38724935,-13.20716740,2973.999
     -72.38724935,-13.20716742,2973.999
     -72.38725920,-13.20716157,2973.714
     -72.38727493,-13.20715680,2973.755
     -72.38728553,-13.20715480,2970.542
     -72.38729327,-13.20714812,2968.008
     -72.38729688,-13.20714037,2967.801
     -72.38730610,-13.20713192,2968.274
     -72.38731153,-13.20712758,2969.309
     -72.38731153,-13.20712758,2969.309
     -72.38731158,-13.20712715,2971.149
     -72.38730720,-13.20713047,2971.613
     -72.38731668,-13.20713748,2972.399
     -72.38731668,-13.20713748,2972.399
     -72.38731850,-13.20714333,2973.451
     -72.38731850,-13.20714333,2973.451
     -72.38731850,-13.20714333,2973.451
     -72.38731668,-13.20714403,2975.359
     -72.38731987,-13.20714283,2976.729
     -72.38733142,-13.20713743,2977.697
     -72.38733140,-13.20713743,2977.697
     -72.38733140,-13.20713743,2977.697
     -72.38733140,-13.20713743,2977.697
     -72.38733140,-13.20713743,2977.697
     -72.38733140,-13.20713743,2977.697
     -72.38733140,-13.20713743,2977.697
     -72.38733140,-13.20713743,2977.697
     -72.38733140,-13.20713743,2977.697
     -72.38732225,-13.20714385,2979.561
     -72.38732225,-13.20714385,2979.561
     -72.38730643,-13.20715112,2980.090
     -72.38729182,-13.20715335,2980.058
     -72.38727562,-13.20715532,2980.813
     -72.38725647,-13.20715502,2981.672
     -72.38724435,-13.20715090,2981.997
     -72.38723048,-13.20714763,2981.955
     -72.38721000,-13.20715415,2984.789
     -72.38719662,-13.20715360,2985.375
     -72.38718283,-13.20715977,2986.272
     -72.38717033,-13.20716672,2988.318
     -72.38716213,-13.20716702,2989.055
     -72.38715238,-13.20716458,2988.510
     -72.38714477,-13.20716325,2988.911
     -72.38713595,-13.20716197,2989.091
     -72.38713063,-13.20715905,2988.346
     -72.38712237,-13.20715332,2987.973
     -72.38711492,-13.20714880,2987.449
     -72.38711483,-13.20714900,2987.713
     -72.38711483,-13.20714900,2987.713
     -72.38711483,-13.20714900,2987.713
     -72.38711483,-13.20714900,2987.713
     -72.38711483,-13.20714900,2987.713
     -72.38711483,-13.20714900,2987.713
     -72.38711483,-13.20714900,2987.713
     -72.38711483,-13.20714900,2987.713
     -72.38711483,-13.20714900,2987.713
     -72.38711483,-13.20714900,2987.713
     -72.38711483,-13.20714900,2987.713
     -72.38711483,-13.20714900,2987.713
     -72.38712185,-13.20714563,2985.277
     -72.38712185,-13.20714563,2985.277
     -72.38712185,-13.20714563,2985.277
     -72.38712185,-13.20714563,2985.277
     -72.38712185,-13.20714563,2985.277
     -72.38712185,-13.20714563,2985.277
     -72.38712185,-13.20714563,2985.277
     -72.38712185,-13.20714563,2985.277
     -72.38712185,-13.20714563,2985.277
     -72.38712185,-13.20714563,2985.277
     -72.38712185,-13.20714563,2985.277
     -72.38712185,-13.20714563,2985.277
     -72.38712185,-13.20714563,2985.277
     -72.38713147,-13.20713690,2985.937
     -72.38714245,-13.20712453,2987.630
     -72.38714245,-13.20712453,2987.630
     -72.38714245,-13.20712453,2987.630
     -72.38714245,-13.20712453,2987.630
     -72.38714245,-13.20712453,2987.630
     -72.38714245,-13.20712453,2987.630
     -72.38714245,-13.20712453,2987.630
     -72.38714245,-13.20712453,2987.630
     -72.38714245,-13.20712453,2987.630
     -72.38714245,-13.20712453,2987.630
     -72.38714245,-13.20712453,2987.630
     -72.38714245,-13.20712453,2987.630
     -72.38714245,-13.20712453,2987.630
     -72.38714245,-13.20712453,2987.630
     -72.38714620,-13.20712158,2990.409
     -72.38714620,-13.20712158,2990.409
     -72.38714620,-13.20712158,2990.409
     -72.38714620,-13.20712158,2990.409
     -72.38714778,-13.20711237,2991.471
     -72.38715918,-13.20709643,2991.571
     -72.38716845,-13.20708805,2991.732
     -72.38717187,-13.20708403,2991.743
     -72.38717847,-13.20707598,2991.573
     -72.38717847,-13.20707598,2991.573
     -72.38718197,-13.20707328,2990.606
     -72.38718670,-13.20706640,2989.838
     -72.38719353,-13.20706433,2989.445
     -72.38720202,-13.20706503,2990.167
     -72.38720202,-13.20706503,2990.167
     -72.38720202,-13.20706503,2990.167
     -72.38720202,-13.20706503,2990.167
     -72.38720202,-13.20706503,2990.167
     -72.38720202,-13.20706503,2990.167
     -72.38721030,-13.20706497,2991.091
     -72.38721030,-13.20706497,2991.091
     -72.38721030,-13.20706497,2991.091
     -72.38721030,-13.20706497,2991.091
     -72.38721030,-13.20706497,2991.091
     -72.38721030,-13.20706497,2991.091
     -72.38721030,-13.20706497,2991.091
     -72.38721030,-13.20706497,2991.091
     -72.38721030,-13.20706497,2991.091
     -72.38721030,-13.20706497,2991.091
     -72.38720678,-13.20705772,2991.520
     -72.38720678,-13.20705772,2991.520
     -72.38720677,-13.20705723,2991.812
     -72.38720568,-13.20705478,2993.260
     -72.38720737,-13.20705140,2994.541
     -72.38720700,-13.20704603,2995.884
     -72.38720700,-13.20704602,2995.884
     -72.38720700,-13.20704602,2995.884
     -72.38720700,-13.20704602,2995.884
     -72.38720122,-13.20704717,2997.183
     -72.38720122,-13.20704847,2999.061
     -72.38720395,-13.20704468,2998.935
     -72.38720395,-13.20704468,2998.935
     -72.38720395,-13.20704468,2998.935
     -72.38720395,-13.20704468,2998.935
     -72.38720395,-13.20704468,2998.935
     -72.38720395,-13.20704468,2998.935
     -72.38720395,-13.20704468,2998.935
     -72.38720395,-13.20704468,2998.935
     -72.38720395,-13.20704468,2998.935
     -72.38721093,-13.20703833,2997.854
     -72.38721090,-13.20703333,2998.996
     -72.38721542,-13.20702005,2999.958
     -72.38721373,-13.20701968,3001.025
     -72.38721373,-13.20701968,3001.025
     -72.38721373,-13.20701968,3001.025
     -72.38721373,-13.20701968,3001.025
     -72.38721373,-13.20701968,3001.025
     -72.38721373,-13.20701968,3001.025
     -72.38721987,-13.20701678,3002.115
     -72.38722405,-13.20701422,3003.027
     -72.38722405,-13.20701422,3003.027
     -72.38722405,-13.20701422,3003.027
     -72.38722405,-13.20701422,3003.027
     -72.38722405,-13.20701422,3003.027
     -72.38722405,-13.20701422,3003.027
     -72.38722407,-13.20699592,3003.631
     -72.38723222,-13.20698250,3001.885
     -72.38724768,-13.20697400,3000.528
     -72.38726162,-13.20698028,3001.451
     -72.38726877,-13.20698525,3001.819
     -72.38727302,-13.20698770,3003.433
     -72.38727302,-13.20698770,3003.433
     -72.38727302,-13.20698770,3003.433
     -72.38727302,-13.20698770,3003.433
     -72.38727302,-13.20698770,3003.433
     -72.38727302,-13.20698770,3003.433
     -72.38727323,-13.20698905,3002.422
     -72.38727703,-13.20699140,3002.739
     -72.38729165,-13.20699108,3002.313
     -72.38729398,-13.20699255,3003.493
     -72.38729398,-13.20699255,3003.493
     -72.38729398,-13.20699255,3003.493
     -72.38729398,-13.20699255,3003.493
     -72.38729398,-13.20699255,3003.493
     -72.38729398,-13.20699255,3003.493
     -72.38729398,-13.20699255,3003.493
     -72.38729398,-13.20699255,3003.493
     -72.38729398,-13.20699255,3003.493
     -72.38729398,-13.20699255,3003.493
     -72.38729398,-13.20699255,3003.493
     -72.38729398,-13.20699255,3003.493
     -72.38729398,-13.20699255,3003.493
     -72.38729398,-13.20699255,3003.493
     -72.38729398,-13.20699255,3003.493
     -72.38729398,-13.20699255,3003.493
     -72.38729398,-13.20699255,3003.493
     -72.38729398,-13.20699255,3003.493
     -72.38729398,-13.20699255,3003.493
     -72.38729792,-13.20699343,3001.032
     -72.38729792,-13.20699345,3001.032
     -72.38729792,-13.20699345,3001.032
     -72.38729792,-13.20699345,3001.032
     -72.38729792,-13.20699345,3001.032
     -72.38729792,-13.20699345,3001.032
     -72.38729792,-13.20699345,3001.032
     -72.38729792,-13.20699345,3001.032
     -72.38729792,-13.20699345,3001.032
     -72.38729792,-13.20699345,3001.032
     -72.38729792,-13.20699345,3001.032
     -72.38729792,-13.20699345,3001.032
     -72.38729792,-13.20699345,3001.032
     -72.38729792,-13.20699345,3001.032
     -72.38729792,-13.20699345,3001.032
     -72.38729792,-13.20699345,3001.032
     -72.38729792,-13.20699345,3001.032
     -72.38729792,-13.20699345,3001.032
     -72.38729792,-13.20699345,3001.032
     -72.38729792,-13.20699345,3001.032
     -72.38729792,-13.20699345,3001.032
     -72.38729792,-13.20699345,3001.032
     -72.38729792,-13.20699345,3001.032
     -72.38729792,-13.20699345,3001.032
     -72.38729792,-13.20699345,3001.032
     -72.38729792,-13.20699345,3001.032
     -72.38729792,-13.20699345,3001.032
     -72.38729792,-13.20699345,3001.032
     -72.38729792,-13.20699345,3001.032
     -72.38729792,-13.20699345,3001.032
     -72.38729792,-13.20699345,3001.032
     -72.38729792,-13.20699345,3001.032
     -72.38729792,-13.20699345,3001.032
     -72.38729792,-13.20699345,3001.032
     -72.38729652,-13.20699005,3000.264
     -72.38728800,-13.20698635,3000.187
     -72.38728060,-13.20697413,3000.141
     -72.38727198,-13.20696995,2999.510
     -72.38726693,-13.20696557,2998.180
     -72.38726128,-13.20695885,2997.535
     -72.38726128,-13.20695885,2997.535
     -72.38725365,-13.20695222,2996.861
     -72.38725365,-13.20695222,2996.861
     -72.38725365,-13.20695222,2996.861
     -72.38725365,-13.20695222,2996.861
     -72.38725365,-13.20695222,2996.861
     -72.38725365,-13.20695222,2996.861
     -72.38725365,-13.20695222,2996.861
     -72.38725365,-13.20695222,2996.861
     -72.38725365,-13.20695222,2996.861
     -72.38725365,-13.20695222,2996.861
     -72.38725365,-13.20695222,2996.861
     -72.38725365,-13.20695222,2996.861
     -72.38725365,-13.20695222,2996.861
     -72.38725365,-13.20695222,2996.861
     -72.38725365,-13.20695222,2996.861
     -72.38725365,-13.20695222,2996.861
     -72.38725365,-13.20695222,2996.861
     -72.38725365,-13.20695222,2996.861
     -72.38725365,-13.20695222,2996.861
     -72.38725365,-13.20695222,2996.861
     -72.38725365,-13.20695222,2996.861
     -72.38725365,-13.20695222,2996.861
     -72.38725365,-13.20695222,2996.861
     -72.38725365,-13.20695222,2996.861
     -72.38725365,-13.20695222,2996.861
     -72.38726197,-13.20693093,2996.772
     -72.38726197,-13.20693093,2996.772
     -72.38726197,-13.20693093,2996.772
     -72.38726197,-13.20693093,2996.772
     -72.38726197,-13.20693093,2996.772
     -72.38726197,-13.20693093,2996.772
     -72.38726197,-13.20693093,2996.772
     -72.38726197,-13.20693093,2996.772
     -72.38727557,-13.20692242,2996.083
     -72.38727557,-13.20692242,2996.083
     -72.38727557,-13.20692242,2996.083
     -72.38727557,-13.20692242,2996.083
     -72.38727557,-13.20692242,2996.083
     -72.38727557,-13.20692242,2996.083
     -72.38727557,-13.20692242,2996.083
     -72.38727557,-13.20692242,2996.083
     -72.38727557,-13.20692242,2996.083
     -72.38727557,-13.20692242,2996.083
     -72.38727557,-13.20692242,2996.083
     -72.38727557,-13.20692242,2996.083
     -72.38727557,-13.20692242,2996.083
     -72.38727557,-13.20692242,2996.083
     -72.38727557,-13.20692242,2996.083
     -72.38727557,-13.20692242,2996.083
     -72.38727557,-13.20692242,2996.083
     -72.38727557,-13.20692242,2996.083
     -72.38727557,-13.20692242,2996.083
     -72.38727503,-13.20691703,2998.496
     -72.38727297,-13.20690593,3000.616
     -72.38727337,-13.20689818,3000.909
     -72.38728275,-13.20688677,3000.279
     -72.38729267,-13.20687542,2999.978
     -72.38729267,-13.20687543,2999.977
     -72.38730782,-13.20687807,3000.334
     -72.38730782,-13.20687807,3000.334
     -72.38730782,-13.20687807,3000.334
     -72.38730782,-13.20687807,3000.334
     -72.38730782,-13.20687807,3000.334
     -72.38730782,-13.20687807,3000.334
     -72.38730782,-13.20687807,3000.334
     -72.38730782,-13.20687807,3000.334
     -72.38730782,-13.20687807,3000.334
     -72.38730782,-13.20687807,3000.334
     -72.38730782,-13.20687807,3000.334
     -72.38730782,-13.20687807,3000.334
     -72.38730782,-13.20687807,3000.334
     -72.38730782,-13.20687807,3000.334
     -72.38730782,-13.20687807,3000.334
     -72.38730782,-13.20687807,3000.334
     -72.38732292,-13.20687672,3001.345
     -72.38733910,-13.20687758,3002.023
     -72.38735657,-13.20688293,3002.502
     -72.38736907,-13.20689235,3004.691
     -72.38738375,-13.20689922,3003.697
     -72.38739670,-13.20691323,3004.110
     -72.38740717,-13.20691795,3004.763
     -72.38741455,-13.20692353,3005.188
     -72.38741908,-13.20693088,3006.456
     -72.38742572,-13.20693820,3007.455
     -72.38743275,-13.20694437,3007.830
     -72.38743738,-13.20694343,3008.116
     -72.38744462,-13.20694465,3008.985
     -72.38745725,-13.20695072,3008.396
     -72.38745725,-13.20695072,3008.396
     -72.38746062,-13.20694882,3009.193
     -72.38746423,-13.20694753,3010.500
     -72.38746875,-13.20694828,3011.010
     -72.38747508,-13.20694662,3009.627
     -72.38748567,-13.20694352,3007.650
     -72.38749402,-13.20694627,3006.427
     -72.38750177,-13.20694628,3006.015
     -72.38750825,-13.20694677,3005.727
     -72.38751718,-13.20694522,3005.615
     -72.38752090,-13.20694007,3005.406
     -72.38752090,-13.20694007,3005.406
     -72.38752250,-13.20694665,3008.343
     -72.38751965,-13.20693783,3007.586
     -72.38751053,-13.20694288,3006.375
     -72.38751443,-13.20693833,3005.561
     -72.38752468,-13.20694432,3005.561
     -72.38753375,-13.20694632,3007.839
     -72.38753375,-13.20694632,3007.839
     -72.38753375,-13.20694632,3007.839
     -72.38753375,-13.20694632,3007.839
     -72.38753375,-13.20694632,3007.839
     -72.38753103,-13.20693563,3006.986
     -72.38752828,-13.20693098,3007.463
     -72.38752640,-13.20692258,3007.633
     -72.38753052,-13.20691987,3007.868
     -72.38753052,-13.20691987,3007.868
     -72.38753672,-13.20692300,3008.704
     -72.38753887,-13.20692470,3007.858
     -72.38754293,-13.20692370,3006.899
     -72.38754293,-13.20692370,3006.899
     -72.38754293,-13.20692370,3006.899
     -72.38754293,-13.20692370,3006.899
     -72.38754293,-13.20692370,3006.899
     -72.38754293,-13.20692370,3006.899
     -72.38754293,-13.20692370,3006.899
     -72.38754293,-13.20692370,3006.899
     -72.38754293,-13.20692370,3006.899
     -72.38753570,-13.20692758,3006.791
     -72.38753063,-13.20692773,3006.856
     -72.38752852,-13.20692915,3006.729
     -72.38752512,-13.20692902,3006.498
     -72.38752068,-13.20692870,3007.796
     -72.38751593,-13.20692202,3008.865
     -72.38751415,-13.20691237,3007.826
     -72.38750705,-13.20690463,3008.282
     -72.38750705,-13.20690463,3008.282
     -72.38750278,-13.20690790,3010.218
     -72.38749870,-13.20690582,3011.081
     -72.38749870,-13.20690582,3011.081
     -72.38749727,-13.20691198,3012.374
     -72.38749352,-13.20690713,3012.601
     -72.38749352,-13.20690712,3012.601
     -72.38749352,-13.20690712,3012.601
     -72.38749352,-13.20690712,3012.601
     -72.38749482,-13.20690425,3013.091
     -72.38749482,-13.20690425,3013.091
     -72.38749482,-13.20690425,3013.091
     -72.38749482,-13.20690425,3013.091
     -72.38749527,-13.20689200,3013.656
     -72.38749527,-13.20689200,3013.656
     -72.38749527,-13.20689200,3013.656
     -72.38749527,-13.20689200,3013.656
     -72.38749527,-13.20689200,3013.656
     -72.38749527,-13.20689200,3013.656
     -72.38749527,-13.20689200,3013.656
     -72.38749527,-13.20689200,3013.656
     -72.38749527,-13.20689200,3013.656
     -72.38749527,-13.20689200,3013.656
     -72.38750178,-13.20688567,3012.363
     -72.38749765,-13.20688132,3012.019
     -72.38749417,-13.20687562,3011.623
     -72.38748295,-13.20686978,3011.528
     -72.38747338,-13.20686528,3011.555
     -72.38746690,-13.20685792,3011.816
     -72.38746690,-13.20685792,3011.816
     -72.38746690,-13.20685792,3011.816
     -72.38746690,-13.20685792,3011.816
     -72.38746690,-13.20685792,3011.816
     -72.38748047,-13.20685962,3012.513
     -72.38749532,-13.20686070,3012.678
     -72.38749532,-13.20686070,3012.678
     -72.38749532,-13.20686070,3012.678
     -72.38749532,-13.20686070,3012.678
     -72.38749532,-13.20686070,3012.678
     -72.38749532,-13.20686070,3012.678
     -72.38749532,-13.20686070,3012.678
     -72.38749532,-13.20686070,3012.678
     -72.38749532,-13.20686070,3012.678
     -72.38749532,-13.20686070,3012.678
     -72.38749532,-13.20686070,3012.678
     -72.38749532,-13.20686070,3012.678
     -72.38749532,-13.20686070,3012.678
     -72.38749532,-13.20686070,3012.678
     -72.38749532,-13.20686070,3012.678
     -72.38749768,-13.20685767,3011.708
     -72.38749768,-13.20685767,3011.708
     -72.38749768,-13.20685767,3011.708
     -72.38749768,-13.20685767,3011.708
     -72.38749768,-13.20685767,3011.708
     -72.38749768,-13.20685767,3011.708
     -72.38749768,-13.20685767,3011.708
     -72.38749768,-13.20685767,3011.708
     -72.38749768,-13.20685767,3011.708
     -72.38749768,-13.20685767,3011.708
     -72.38749768,-13.20685767,3011.708
     -72.38749768,-13.20685767,3011.708
     -72.38750657,-13.20684450,3009.619
     -72.38751657,-13.20684302,3008.949
     -72.38752590,-13.20684635,3009.801
     -72.38753565,-13.20684635,3010.375
     -72.38754297,-13.20685112,3010.831
     -72.38755030,-13.20685747,3011.408
     -72.38755030,-13.20685747,3011.408
     -72.38755407,-13.20686363,3011.858
     -72.38755407,-13.20686363,3011.858
     -72.38755407,-13.20686363,3011.858
     -72.38755407,-13.20686363,3011.858
     -72.38755245,-13.20686388,3012.365
     -72.38753790,-13.20685798,3012.556
     -72.38752330,-13.20685132,3013.810
     -72.38751303,-13.20684340,3015.021
     -72.38750093,-13.20683610,3016.230
     -72.38749655,-13.20682212,3016.897
     -72.38749688,-13.20680775,3016.407
     -72.38749635,-13.20680308,3016.262
     -72.38748428,-13.20680212,3016.088
     -72.38748428,-13.20680212,3016.088
     -72.38748633,-13.20680338,3014.512
     -72.38748633,-13.20680338,3014.512
     -72.38748633,-13.20680338,3014.512
     -72.38749033,-13.20679982,3013.841
     -72.38749372,-13.20679578,3013.461
     -72.38750047,-13.20678765,3011.516
     -72.38750047,-13.20678765,3011.516
     -72.38750047,-13.20678765,3011.516
     -72.38750047,-13.20678765,3011.516
     -72.38750047,-13.20678765,3011.516
     -72.38750047,-13.20678765,3011.516
     -72.38750047,-13.20678765,3011.516
     -72.38750047,-13.20678765,3011.516
     -72.38750047,-13.20678765,3011.516
     -72.38750047,-13.20678765,3011.516
     -72.38750047,-13.20678765,3011.516
     -72.38750047,-13.20678765,3011.516
     -72.38750047,-13.20678765,3011.516
     -72.38750047,-13.20678765,3011.516
     -72.38750047,-13.20678765,3011.516
     -72.38750047,-13.20678765,3011.516
     -72.38750047,-13.20678765,3011.516
     -72.38750047,-13.20678765,3011.516
     -72.38750047,-13.20678765,3011.516
     -72.38750047,-13.20678765,3011.516
     -72.38750047,-13.20678765,3011.516
     -72.38750047,-13.20678765,3011.516
     -72.38750047,-13.20678765,3011.516
     -72.38748738,-13.20679005,3012.396
     -72.38747282,-13.20679383,3013.548
     -72.38746493,-13.20678723,3013.620
     -72.38746710,-13.20677252,3012.426
     -72.38746758,-13.20676665,3011.952
     -72.38747000,-13.20675377,3011.760
     -72.38747000,-13.20675378,3011.760
     -72.38747247,-13.20674592,3011.347
     -72.38747463,-13.20673710,3011.554
     -72.38747285,-13.20672643,3011.132
     -72.38747285,-13.20672643,3011.132
     -72.38747358,-13.20672170,3011.604
     -72.38747502,-13.20671752,3013.306
     -72.38747525,-13.20671110,3013.383
     -72.38747525,-13.20671110,3013.383
     -72.38747967,-13.20670892,3012.921
     -72.38748128,-13.20670658,3013.348
     -72.38748758,-13.20669672,3013.772
     -72.38749467,-13.20669190,3015.497
     -72.38749467,-13.20669190,3015.497
     -72.38749467,-13.20669190,3015.497
     -72.38749467,-13.20669190,3015.497
     -72.38749840,-13.20669135,3017.039
     -72.38750385,-13.20668008,3017.594
     -72.38751528,-13.20667388,3018.347
     -72.38751528,-13.20667390,3018.347
     -72.38751528,-13.20667390,3018.347
     -72.38751528,-13.20667390,3018.347
     -72.38751528,-13.20667390,3018.347
     -72.38751528,-13.20667390,3018.347
     -72.38751528,-13.20667390,3018.347
     -72.38751528,-13.20667390,3018.347
     -72.38751528,-13.20667390,3018.347
     -72.38751528,-13.20667390,3018.347
     -72.38751528,-13.20667390,3018.347
     -72.38751528,-13.20667390,3018.347
     -72.38751528,-13.20667390,3018.347
     -72.38751528,-13.20667390,3018.347
     -72.38751528,-13.20667390,3018.347
     -72.38751528,-13.20667390,3018.347
     -72.38751528,-13.20667390,3018.347
     -72.38751328,-13.20666192,3020.705
     -72.38750883,-13.20665750,3022.362
     -72.38750123,-13.20665090,3023.243
     -72.38749277,-13.20664513,3024.478
     -72.38748403,-13.20663863,3025.113
     -72.38748037,-13.20663535,3024.815
     -72.38748040,-13.20663197,3024.302
     -72.38747628,-13.20662727,3025.189
     -72.38747673,-13.20661837,3025.393
     -72.38747673,-13.20661837,3025.393
     -72.38747673,-13.20661837,3025.393
     -72.38747673,-13.20661837,3025.393
     -72.38747673,-13.20661837,3025.393
     -72.38747673,-13.20661837,3025.393
     -72.38748142,-13.20660707,3025.710
     -72.38748142,-13.20660707,3025.710
     -72.38748142,-13.20660707,3025.710
     -72.38748142,-13.20660707,3025.710
     -72.38748142,-13.20660707,3025.710
     -72.38748142,-13.20660707,3025.710
     -72.38748142,-13.20660707,3025.710
     -72.38748142,-13.20660707,3025.710
     -72.38748142,-13.20660707,3025.710
     -72.38748142,-13.20660707,3025.710
     -72.38749050,-13.20660207,3025.034
     -72.38749833,-13.20659668,3023.906
     -72.38751000,-13.20658930,3022.204
     -72.38752117,-13.20658452,3020.898
     -72.38752117,-13.20658452,3020.898
     -72.38752117,-13.20658452,3020.898
     -72.38752117,-13.20658452,3020.898
     -72.38753863,-13.20658578,3020.112
     -72.38755785,-13.20658847,3019.271
     -72.38757687,-13.20659470,3018.668
     -72.38759105,-13.20660202,3018.861
     -72.38759938,-13.20660693,3019.149
     -72.38760368,-13.20661198,3018.890
     -72.38760765,-13.20661652,3019.464
     -72.38761615,-13.20661905,3019.361
     -72.38761615,-13.20661905,3019.361
     -72.38761615,-13.20661905,3019.361
     -72.38761615,-13.20661905,3019.361
     -72.38762468,-13.20662337,3019.707
     -72.38763067,-13.20662988,3018.982
     -72.38764060,-13.20663348,3018.752
     -72.38765687,-13.20663370,3019.957
     -72.38766690,-13.20662735,3019.495
     -72.38766690,-13.20662735,3019.495
     -72.38766690,-13.20662735,3019.495
     -72.38766690,-13.20662735,3019.495
     -72.38766438,-13.20661750,3019.427
     -72.38766438,-13.20661750,3019.427
     -72.38766438,-13.20661750,3019.427
     -72.38766438,-13.20661750,3019.427
     -72.38766438,-13.20661750,3019.427
     -72.38766438,-13.20661750,3019.427
     -72.38766438,-13.20661750,3019.427
     -72.38766438,-13.20661750,3019.427
     -72.38766438,-13.20661750,3019.427
     -72.38766438,-13.20661750,3019.427
     -72.38766438,-13.20661750,3019.427
     -72.38766438,-13.20661750,3019.427
     -72.38766438,-13.20661750,3019.427
     -72.38766438,-13.20661750,3019.427
     -72.38766438,-13.20661750,3019.427
     -72.38766438,-13.20661750,3019.427
     -72.38766438,-13.20661750,3019.427
     -72.38766438,-13.20661750,3019.427
     -72.38766438,-13.20661750,3019.427
     -72.38766438,-13.20661750,3019.427
     -72.38766438,-13.20661750,3019.427
     -72.38766438,-13.20661750,3019.427
     -72.38766438,-13.20661750,3019.427
     -72.38766438,-13.20661750,3019.427
     -72.38766438,-13.20661750,3019.427
     -72.38766438,-13.20661750,3019.427
     -72.38766438,-13.20661750,3019.427
     -72.38766438,-13.20661750,3019.427
     -72.38766438,-13.20661750,3019.427
     -72.38765125,-13.20661242,3021.465
     -72.38764882,-13.20660452,3021.716
     -72.38764182,-13.20658370,3022.126
     -72.38764182,-13.20658370,3022.126
     -72.38764182,-13.20658370,3022.126
     -72.38762325,-13.20656553,3023.788
     -72.38761905,-13.20655618,3024.953
     -72.38761697,-13.20654638,3025.095
     -72.38761327,-13.20654113,3025.459
     -72.38761580,-13.20653837,3025.931
     -72.38761797,-13.20653067,3026.397
     -72.38761797,-13.20653067,3026.397
     -72.38761797,-13.20653067,3026.397
     -72.38761797,-13.20653067,3026.397
     -72.38761797,-13.20653067,3026.397
     -72.38761797,-13.20653067,3026.397
     -72.38761797,-13.20653067,3026.397
     -72.38761797,-13.20653067,3026.397
     -72.38761797,-13.20653067,3026.397
     -72.38761797,-13.20653067,3026.397
     -72.38761797,-13.20653067,3026.397
     -72.38761797,-13.20653067,3026.397
     -72.38761797,-13.20653067,3026.397
     -72.38761797,-13.20653067,3026.397
     -72.38761797,-13.20653067,3026.397
     -72.38761797,-13.20653067,3026.397
     -72.38761797,-13.20653067,3026.397
     -72.38761797,-13.20653067,3026.397
     -72.38761797,-13.20653067,3026.397
     -72.38761797,-13.20653067,3026.397
     -72.38761797,-13.20653067,3026.397
     -72.38761797,-13.20653067,3026.397
     -72.38761797,-13.20653067,3026.397
     -72.38761797,-13.20653067,3026.397
     -72.38761797,-13.20653067,3026.397
     -72.38761797,-13.20653067,3026.397
     -72.38761797,-13.20653067,3026.397
     -72.38761797,-13.20653067,3026.397
     -72.38761797,-13.20653067,3026.397
     -72.38761797,-13.20653067,3026.397
     -72.38761797,-13.20653067,3026.397
     -72.38761797,-13.20653067,3026.397
     -72.38761797,-13.20653067,3026.397
     -72.38761797,-13.20653067,3026.397
     -72.38761797,-13.20653067,3026.397
     -72.38761797,-13.20653067,3026.397
     -72.38761797,-13.20653067,3026.397
     -72.38761797,-13.20653067,3026.397
     -72.38761797,-13.20653067,3026.397
     -72.38761797,-13.20653067,3026.397
     -72.38761797,-13.20653067,3026.397
     -72.38761797,-13.20653067,3026.397
     -72.38761190,-13.20652337,3028.116
     -72.38761237,-13.20651802,3027.399
     -72.38760908,-13.20651688,3028.216
     -72.38760908,-13.20651688,3028.216
     -72.38760908,-13.20651688,3028.216
     -72.38760908,-13.20651688,3028.216
     -72.38760908,-13.20651688,3028.216
     -72.38760908,-13.20651688,3028.216
     -72.38760908,-13.20651688,3028.216
     -72.38761872,-13.20652675,3030.995
     -72.38761872,-13.20652675,3030.995
     -72.38762870,-13.20653127,3031.588
     -72.38762870,-13.20653127,3031.588
     -72.38762870,-13.20653127,3031.588
     -72.38763357,-13.20653915,3032.231
     -72.38763357,-13.20653913,3032.231
     -72.38763357,-13.20653913,3032.231
     -72.38763357,-13.20653913,3032.231
     -72.38763357,-13.20653913,3032.231
     -72.38763357,-13.20653913,3032.231
     -72.38763357,-13.20653913,3032.231
     -72.38764415,-13.20652495,3029.386
     -72.38764415,-13.20652495,3029.386
     -72.38764988,-13.20652248,3028.403
     -72.38764988,-13.20652248,3028.403
     -72.38764988,-13.20652248,3028.403
     -72.38764988,-13.20652248,3028.403
     -72.38764988,-13.20652248,3028.403
     -72.38764988,-13.20652248,3028.403
     -72.38764988,-13.20652248,3028.403
     -72.38764988,-13.20652248,3028.403
     -72.38764988,-13.20652248,3028.403
     -72.38764988,-13.20652248,3028.403
     -72.38764988,-13.20652248,3028.403
     -72.38766502,-13.20652057,3027.926
     -72.38767292,-13.20652248,3026.711
     -72.38767292,-13.20652248,3026.711
     -72.38767292,-13.20652248,3026.711
     -72.38767292,-13.20652248,3026.711
     -72.38767292,-13.20652248,3026.711
     -72.38767292,-13.20652248,3026.711
     -72.38767292,-13.20652248,3026.711
     -72.38767292,-13.20652248,3026.711
     -72.38767292,-13.20652248,3026.711
     -72.38767292,-13.20652248,3026.711
     -72.38767292,-13.20652248,3026.711
     -72.38767292,-13.20652248,3026.711
     -72.38767292,-13.20652248,3026.711
     -72.38767292,-13.20652248,3026.711
     -72.38767292,-13.20652248,3026.711
     -72.38767292,-13.20652248,3026.711
     -72.38767292,-13.20652248,3026.711
     -72.38767292,-13.20652248,3026.711
     -72.38768668,-13.20652395,3026.585
     -72.38769855,-13.20652802,3025.834
     -72.38770798,-13.20652702,3026.089
     -72.38770798,-13.20652702,3026.089
     -72.38770798,-13.20652702,3026.089
     -72.38770798,-13.20652702,3026.089
     -72.38770798,-13.20652702,3026.089
     -72.38770247,-13.20652313,3027.256
     -72.38770247,-13.20652313,3027.256
     -72.38770247,-13.20652313,3027.256
     -72.38770247,-13.20652313,3027.256
     -72.38770247,-13.20652313,3027.256
     -72.38770247,-13.20652313,3027.256
     -72.38770247,-13.20652313,3027.256
     -72.38770247,-13.20652313,3027.256
     -72.38770123,-13.20652470,3026.376
     -72.38770123,-13.20652470,3026.376
     -72.38770123,-13.20652470,3026.376
     -72.38770123,-13.20652470,3026.376
     -72.38770123,-13.20652470,3026.376
     -72.38770123,-13.20652470,3026.376
     -72.38769750,-13.20651213,3025.299
     -72.38769808,-13.20649463,3025.095
     -72.38769682,-13.20647840,3024.783
     -72.38769382,-13.20646210,3024.353
     -72.38768740,-13.20645110,3025.152
     -72.38767788,-13.20644738,3026.461
     -72.38767293,-13.20643777,3025.287
     -72.38766808,-13.20643292,3025.813
     -72.38766383,-13.20642368,3026.293
     -72.38765890,-13.20642232,3027.870
     -72.38766712,-13.20641933,3027.285
     -72.38767927,-13.20642282,3026.376
     -72.38767928,-13.20642282,3026.376
     -72.38769313,-13.20643190,3026.618
     -72.38769313,-13.20643190,3026.618
     -72.38770212,-13.20643803,3027.284
     -72.38770212,-13.20643803,3027.284
     -72.38770212,-13.20643803,3027.284
     -72.38770212,-13.20643803,3027.284
     -72.38770993,-13.20644537,3028.338
     -72.38771872,-13.20644855,3027.689
     -72.38772543,-13.20645255,3027.447
     -72.38773845,-13.20645625,3027.233
     -72.38773845,-13.20645625,3027.233
     -72.38773845,-13.20645625,3027.233
     -72.38773845,-13.20645625,3027.233
     -72.38775113,-13.20645932,3026.996
     -72.38775113,-13.20645932,3026.996
     -72.38775113,-13.20645932,3026.996
     -72.38775113,-13.20645932,3026.996
     -72.38775113,-13.20645932,3026.996
     -72.38775113,-13.20645932,3026.996
     -72.38775113,-13.20645932,3026.996
     -72.38775113,-13.20645932,3026.996
     -72.38775113,-13.20645932,3026.996
     -72.38775113,-13.20645932,3026.996
     -72.38775113,-13.20645932,3026.996
     -72.38775113,-13.20645932,3026.996
     -72.38775113,-13.20645932,3026.996
     -72.38775113,-13.20645932,3026.996
     -72.38776198,-13.20647583,3029.667
     -72.38777417,-13.20647160,3032.417
     -72.38777417,-13.20647160,3032.417
     -72.38777440,-13.20648012,3035.107
     -72.38778605,-13.20647218,3034.107
     -72.38779187,-13.20646705,3033.741
     -72.38779828,-13.20646785,3034.421
     -72.38780742,-13.20646697,3034.858
     -72.38781172,-13.20646727,3035.032
     -72.38781172,-13.20646727,3035.032
     -72.38781172,-13.20646727,3035.032
     -72.38781408,-13.20646703,3036.451
     -72.38781408,-13.20646703,3036.451
     -72.38781457,-13.20646995,3037.934
     -72.38782473,-13.20646825,3038.638
     -72.38782898,-13.20646505,3038.813
     -72.38782898,-13.20646505,3038.813
     -72.38782898,-13.20646505,3038.813
     -72.38782325,-13.20646330,3039.586
     -72.38782912,-13.20645902,3039.177
     -72.38782815,-13.20645548,3040.606
     -72.38782815,-13.20645547,3040.606
     -72.38783177,-13.20645362,3041.259
     -72.38783610,-13.20644917,3041.163
     -72.38783610,-13.20644917,3041.163
     -72.38783610,-13.20644917,3041.163
     -72.38783610,-13.20644917,3041.163
     -72.38783610,-13.20644917,3041.163
     -72.38783610,-13.20644917,3041.163
     -72.38783077,-13.20645235,3040.652
     -72.38782412,-13.20645508,3040.499
     -72.38782412,-13.20645508,3040.499
     -72.38782412,-13.20645508,3040.499
     -72.38782412,-13.20645508,3040.499
     -72.38782412,-13.20645508,3040.499
     -72.38782412,-13.20645508,3040.499
     -72.38782412,-13.20645508,3040.499
     -72.38781695,-13.20646108,3041.373
     -72.38780795,-13.20645363,3041.299
     -72.38779923,-13.20644575,3040.942
     -72.38779552,-13.20643422,3040.775
     -72.38779010,-13.20642572,3040.287
     -72.38778052,-13.20642410,3040.321
     -72.38777522,-13.20642268,3040.590
     -72.38777005,-13.20641870,3041.497
     -72.38775938,-13.20641180,3042.358
     -72.38775817,-13.20640210,3041.080
     -72.38775778,-13.20639430,3041.608
     -72.38776493,-13.20638637,3041.806
     -72.38777793,-13.20637998,3041.587
     -72.38778978,-13.20637515,3041.771
     -72.38779957,-13.20637380,3042.437
     -72.38780862,-13.20637282,3042.562
     -72.38780862,-13.20637282,3042.562
     -72.38780862,-13.20637282,3042.562
     -72.38780862,-13.20637282,3042.562
     -72.38780862,-13.20637282,3042.562
     -72.38780862,-13.20637282,3042.562
     -72.38780862,-13.20637282,3042.562
     -72.38780862,-13.20637282,3042.562
     -72.38780862,-13.20637282,3042.562
     -72.38780862,-13.20637282,3042.562
     -72.38780862,-13.20637282,3042.562
     -72.38780862,-13.20637282,3042.562
     -72.38780862,-13.20637282,3042.562
     -72.38780862,-13.20637282,3042.562
     -72.38780862,-13.20637282,3042.562
     -72.38780862,-13.20637282,3042.562
     -72.38780862,-13.20637282,3042.562
     -72.38782043,-13.20637320,3041.476
     -72.38783008,-13.20637335,3041.527
     -72.38783585,-13.20637470,3041.588
     -72.38783585,-13.20637470,3041.588
     -72.38783585,-13.20637470,3041.588
     -72.38783585,-13.20637470,3041.588
     -72.38783585,-13.20637470,3041.588
     -72.38783585,-13.20637470,3041.588
     -72.38783585,-13.20637470,3041.588
     -72.38783585,-13.20637470,3041.588
     -72.38783585,-13.20637470,3041.588
     -72.38783585,-13.20637470,3041.588
     -72.38783585,-13.20637470,3041.588
     -72.38783585,-13.20637470,3041.588
     -72.38783585,-13.20637470,3041.588
     -72.38783585,-13.20637470,3041.588
     -72.38783585,-13.20637470,3041.588
     -72.38783585,-13.20637470,3041.588
     -72.38783585,-13.20637470,3041.588
     -72.38783585,-13.20637470,3041.588
     -72.38783585,-13.20637470,3041.588
     -72.38783585,-13.20637470,3041.588
     -72.38783585,-13.20637470,3041.588
     -72.38783585,-13.20637470,3041.588
     -72.38783585,-13.20637470,3041.588
     -72.38783585,-13.20637470,3041.588
     -72.38783585,-13.20637470,3041.588
     -72.38783585,-13.20637470,3041.588
     -72.38783585,-13.20637470,3041.588
     -72.38783585,-13.20637470,3041.588
     -72.38783585,-13.20637470,3041.588
     -72.38783585,-13.20637470,3041.588
     -72.38783585,-13.20637470,3041.588
     -72.38783585,-13.20637470,3041.588
     -72.38783278,-13.20637008,3040.865
     -72.38783278,-13.20637008,3040.865
     -72.38783062,-13.20636343,3040.711
     -72.38782485,-13.20635580,3040.790
     -72.38781618,-13.20634602,3040.908
     -72.38781618,-13.20634602,3040.908
     -72.38781618,-13.20634602,3040.908
     -72.38781618,-13.20634602,3040.908
     -72.38781618,-13.20634602,3040.908
     -72.38781618,-13.20634602,3040.908
     -72.38781618,-13.20634602,3040.908
     -72.38781618,-13.20634602,3040.908
     -72.38781618,-13.20634602,3040.908
     -72.38781618,-13.20634602,3040.908
     -72.38781618,-13.20634602,3040.908
     -72.38781618,-13.20634602,3040.908
     -72.38782522,-13.20634213,3042.232
     -72.38783822,-13.20634348,3041.858
     -72.38785170,-13.20634830,3042.636
     -72.38785170,-13.20634830,3042.636
     -72.38785845,-13.20634892,3042.308
     -72.38785845,-13.20634892,3042.308
     -72.38785845,-13.20634892,3042.308
     -72.38786870,-13.20634302,3041.561
     -72.38786870,-13.20634302,3041.561
     -72.38787782,-13.20633827,3041.671
     -72.38787782,-13.20633827,3041.671
     -72.38787782,-13.20633827,3041.671
     -72.38787782,-13.20633827,3041.671
     -72.38787782,-13.20633827,3041.671
     -72.38787782,-13.20633827,3041.671
     -72.38787782,-13.20633827,3041.671
     -72.38788022,-13.20633793,3041.158
     -72.38789033,-13.20634150,3040.904
     -72.38790135,-13.20635088,3041.641
     -72.38790135,-13.20635088,3041.641
     -72.38790135,-13.20635088,3041.641
     -72.38790135,-13.20635088,3041.641
     -72.38790135,-13.20635088,3041.641
     -72.38790135,-13.20635088,3041.641
     -72.38790135,-13.20635088,3041.641
     -72.38790135,-13.20635088,3041.641
     -72.38790135,-13.20635088,3041.641
     -72.38790135,-13.20635088,3041.641
     -72.38790135,-13.20635088,3041.641
     -72.38790135,-13.20635088,3041.641
     -72.38790135,-13.20635088,3041.641
     -72.38790135,-13.20635088,3041.641
     -72.38790135,-13.20635088,3041.641
     -72.38790135,-13.20635088,3041.641
     -72.38790135,-13.20635088,3041.641
     -72.38790135,-13.20635088,3041.641
     -72.38790135,-13.20635088,3041.641
     -72.38790135,-13.20635088,3041.641
     -72.38790135,-13.20635088,3041.641
     -72.38790135,-13.20635088,3041.641
     -72.38790135,-13.20635088,3041.641
     -72.38790135,-13.20635088,3041.641
     -72.38790135,-13.20635088,3041.641
     -72.38790135,-13.20635088,3041.641
     -72.38790135,-13.20635088,3041.641
     -72.38790135,-13.20635088,3041.641
     -72.38790135,-13.20635088,3041.641
     -72.38790135,-13.20635088,3041.641
     -72.38790135,-13.20635088,3041.641
     -72.38790135,-13.20635088,3041.641
     -72.38790135,-13.20635088,3041.641
     -72.38790135,-13.20635088,3041.641
     -72.38790135,-13.20635088,3041.641
     -72.38790135,-13.20635088,3041.641
     -72.38790135,-13.20635088,3041.641
     -72.38790135,-13.20635088,3041.641
     -72.38790135,-13.20635088,3041.641
     -72.38790135,-13.20635088,3041.641
     -72.38790135,-13.20635088,3041.641
     -72.38790135,-13.20635088,3041.641
     -72.38790135,-13.20635088,3041.641
     -72.38790135,-13.20635088,3041.641
     -72.38790135,-13.20635088,3041.641
     -72.38790135,-13.20635088,3041.641
     -72.38789685,-13.20635043,3039.866
     -72.38789685,-13.20635042,3039.866
     -72.38789685,-13.20635042,3039.866
     -72.38789685,-13.20635042,3039.866
     -72.38790985,-13.20634940,3040.917
     -72.38790985,-13.20634940,3040.917
     -72.38790985,-13.20634940,3040.917
     -72.38790985,-13.20634940,3040.917
     -72.38790985,-13.20634940,3040.917
     -72.38790985,-13.20634940,3040.917
     -72.38790985,-13.20634940,3040.917
     -72.38790985,-13.20634940,3040.917
     -72.38790985,-13.20634940,3040.917
     -72.38791638,-13.20633387,3040.145
     -72.38792155,-13.20632257,3039.692
     -72.38792155,-13.20632257,3039.692
     -72.38792378,-13.20632027,3039.770
     -72.38792378,-13.20632027,3039.770
     -72.38792378,-13.20632027,3039.770
     -72.38792657,-13.20631180,3039.049
     -72.38792880,-13.20630248,3038.083
     -72.38792720,-13.20629435,3037.811
     -72.38792813,-13.20629160,3037.954
     -72.38792673,-13.20628403,3039.444
     -72.38792745,-13.20627642,3041.627
     -72.38792975,-13.20627225,3043.833
     -72.38792975,-13.20627225,3043.833
     -72.38792975,-13.20627225,3043.833
     -72.38792975,-13.20627225,3043.833
     -72.38792975,-13.20627225,3043.833
     -72.38793540,-13.20627742,3043.535
     -72.38793540,-13.20627742,3043.535
     -72.38793995,-13.20628205,3041.202
     -72.38793995,-13.20628205,3041.203
     -72.38793995,-13.20628205,3041.203
     -72.38793995,-13.20628205,3041.203
     -72.38793995,-13.20628205,3041.203
     -72.38794030,-13.20625760,3043.098
     -72.38794763,-13.20623690,3045.427
     -72.38795863,-13.20623412,3045.558
     -72.38796153,-13.20623437,3046.720
     -72.38797008,-13.20623022,3048.006
     -72.38797017,-13.20622218,3048.932
     -72.38796590,-13.20621790,3049.281
     -72.38796590,-13.20621790,3049.281
     -72.38796590,-13.20621790,3049.281
     -72.38796590,-13.20621790,3049.281
     -72.38797082,-13.20621375,3048.648
     -72.38797082,-13.20621375,3048.648
     -72.38797495,-13.20622677,3048.698
     -72.38797495,-13.20622677,3048.698
     -72.38797495,-13.20622677,3048.698
     -72.38797495,-13.20622677,3048.698
     -72.38797495,-13.20622677,3048.698
     -72.38797495,-13.20622677,3048.698
     -72.38797495,-13.20622677,3048.698
     -72.38797495,-13.20622677,3048.698
     -72.38797495,-13.20622677,3048.698
     -72.38797495,-13.20622677,3048.698
     -72.38797495,-13.20622677,3048.698
     -72.38797495,-13.20622677,3048.698
     -72.38797495,-13.20622677,3048.698
     -72.38797495,-13.20622677,3048.698
     -72.38798728,-13.20622162,3050.468
     -72.38799757,-13.20621130,3049.921
     -72.38799757,-13.20621128,3049.920
     -72.38799757,-13.20621128,3049.920
     -72.38799757,-13.20621128,3049.920
     -72.38800640,-13.20621103,3049.154
     -72.38801370,-13.20621317,3048.578
     -72.38801370,-13.20621317,3048.578
     -72.38801370,-13.20621317,3048.578
     -72.38801370,-13.20621317,3048.578
     -72.38801370,-13.20621317,3048.578
     -72.38801370,-13.20621317,3048.578
     -72.38801370,-13.20621317,3048.578
     -72.38802217,-13.20621243,3044.429
     -72.38802217,-13.20621243,3044.429
     -72.38802217,-13.20621243,3044.429
     -72.38802217,-13.20621243,3044.429
     -72.38801640,-13.20621685,3047.043
     -72.38801640,-13.20621685,3047.044
     -72.38801640,-13.20621685,3047.044
     -72.38801640,-13.20621685,3047.044
     -72.38801640,-13.20621685,3047.044
     -72.38801213,-13.20621653,3050.278
     -72.38801213,-13.20621653,3050.278
     -72.38801213,-13.20621653,3050.278
     -72.38801213,-13.20621653,3050.278
     -72.38801787,-13.20619842,3049.088
     -72.38801615,-13.20619057,3049.217
     -72.38801133,-13.20618205,3048.594
     -72.38800838,-13.20616933,3048.592
     -72.38801030,-13.20616077,3048.887
     -72.38801030,-13.20616077,3048.886
     -72.38801030,-13.20616077,3048.886
     -72.38800927,-13.20615690,3047.016
     -72.38800422,-13.20614562,3044.652
     -72.38799492,-13.20609585,3038.880
     -72.38797438,-13.20603488,3037.068
     -72.38796188,-13.20603408,3037.831
     -72.38796188,-13.20603408,3037.831
     -72.38797538,-13.20605360,3038.063
     -72.38797538,-13.20605360,3038.063
     -72.38797538,-13.20605360,3038.063
     -72.38797538,-13.20605360,3038.063
     -72.38797538,-13.20605360,3038.063
     -72.38797538,-13.20605360,3038.063
     -72.38798455,-13.20606168,3037.125
     -72.38798195,-13.20606687,3038.282
     -72.38798828,-13.20606122,3038.157
     -72.38798827,-13.20606122,3038.157
     -72.38798827,-13.20606122,3038.157
     -72.38798827,-13.20606122,3038.157
     -72.38798827,-13.20606122,3038.157
     -72.38800645,-13.20606438,3036.438
     -72.38801890,-13.20606727,3035.650
     -72.38801890,-13.20606727,3035.650
     -72.38803025,-13.20606928,3034.516
     -72.38803025,-13.20606928,3034.516
     -72.38803025,-13.20606928,3034.516
     -72.38803025,-13.20606928,3034.516
     -72.38803025,-13.20606928,3034.516
     -72.38802597,-13.20610000,3041.368
     -72.38802597,-13.20610000,3041.368
     -72.38803930,-13.20611550,3044.044
     -72.38804733,-13.20612840,3046.167
     -72.38804862,-13.20613510,3047.338
     -72.38805302,-13.20614425,3048.024
     -72.38806732,-13.20614840,3047.696
     -72.38807675,-13.20614912,3047.731
     -72.38809322,-13.20614738,3046.445
     -72.38810623,-13.20614568,3046.090
     -72.38811723,-13.20614655,3046.482
     -72.38813275,-13.20614763,3045.307
     -72.38814428,-13.20614552,3044.174
     -72.38814428,-13.20614552,3044.174
     -72.38814713,-13.20614140,3043.630
     -72.38814713,-13.20614140,3043.630
     -72.38814713,-13.20614140,3043.630
     -72.38814713,-13.20614140,3043.630
     -72.38815217,-13.20613427,3043.650
     -72.38815217,-13.20613427,3043.649
     -72.38815217,-13.20613427,3043.649
     -72.38815217,-13.20613427,3043.649
     -72.38815217,-13.20613427,3043.649
     -72.38815217,-13.20613427,3043.649
     -72.38814438,-13.20612512,3044.300
     -72.38814438,-13.20612512,3044.302
     -72.38814438,-13.20612512,3044.302
     -72.38814438,-13.20612512,3044.302
     -72.38814438,-13.20612512,3044.302
     -72.38814438,-13.20612512,3044.302
     -72.38814438,-13.20612512,3044.302
     -72.38814438,-13.20612512,3044.302
     -72.38814438,-13.20612512,3044.302
     -72.38814438,-13.20612512,3044.302
     -72.38814438,-13.20612512,3044.302
     -72.38814438,-13.20612512,3044.302
     -72.38814438,-13.20612512,3044.302
     -72.38814438,-13.20612512,3044.302
     -72.38814438,-13.20612512,3044.302
     -72.38814438,-13.20612512,3044.302
     -72.38814438,-13.20612512,3044.302
     -72.38814438,-13.20612512,3044.302
     -72.38814438,-13.20612512,3044.302
     -72.38814438,-13.20612512,3044.302
     -72.38814438,-13.20612512,3044.302
     -72.38814438,-13.20612512,3044.302
     -72.38813468,-13.20612332,3045.011
     -72.38811618,-13.20612170,3046.873
     -72.38810150,-13.20612797,3048.647
     -72.38809395,-13.20612530,3049.112
     -72.38808678,-13.20612077,3050.986
     -72.38808920,-13.20611587,3052.226
     -72.38808920,-13.20611587,3052.226
     -72.38808920,-13.20611587,3052.226
     -72.38808920,-13.20611587,3052.226
     -72.38809468,-13.20614323,3045.098
     -72.38809470,-13.20614325,3045.095
     -72.38811093,-13.20614897,3036.910
     -72.38810095,-13.20613468,3037.527
     -72.38810095,-13.20613468,3037.527
     -72.38809847,-13.20611767,3042.834
     -72.38809847,-13.20611767,3042.834
     -72.38809847,-13.20611767,3042.834
     -72.38809847,-13.20611767,3042.834
     -72.38809847,-13.20611767,3042.834
     -72.38809847,-13.20611767,3042.834
     -72.38809847,-13.20611767,3042.834
     -72.38809847,-13.20611767,3042.834
     -72.38811022,-13.20611017,3045.554
     -72.38812077,-13.20610767,3047.162
     -72.38813027,-13.20610960,3049.760
     -72.38814263,-13.20610695,3051.105
     -72.38815468,-13.20609743,3052.275
     -72.38816638,-13.20608630,3052.954
     -72.38816638,-13.20608630,3052.954
     -72.38816638,-13.20608630,3052.954
     -72.38816638,-13.20608630,3052.954
     -72.38816638,-13.20608630,3052.954
     -72.38816638,-13.20608630,3052.954
     -72.38816638,-13.20608630,3052.954
     -72.38816638,-13.20608630,3052.954
     -72.38816638,-13.20608630,3052.954
     -72.38816638,-13.20608630,3052.954
     -72.38816638,-13.20608630,3052.954
     -72.38816638,-13.20608630,3052.954
     -72.38816638,-13.20608630,3052.954
     -72.38816638,-13.20608630,3052.954
     -72.38816638,-13.20608630,3052.954
     -72.38816638,-13.20608630,3052.954
     -72.38816135,-13.20607963,3053.061
     -72.38816135,-13.20607963,3053.062
     -72.38816135,-13.20607963,3053.062
     -72.38816135,-13.20607963,3053.062
     -72.38815212,-13.20608377,3054.660
     -72.38814567,-13.20608747,3055.710
     -72.38813643,-13.20609150,3056.029
     -72.38812832,-13.20608795,3056.378
     -72.38812185,-13.20607438,3057.352
     -72.38812610,-13.20606778,3056.608
     -72.38812762,-13.20606287,3058.706
     -72.38812700,-13.20604848,3059.702
     -72.38812797,-13.20603598,3059.144
     -72.38812797,-13.20603598,3059.144
     -72.38812797,-13.20603598,3059.144
     -72.38812888,-13.20603472,3057.715
     -72.38813240,-13.20602802,3058.970
     -72.38813240,-13.20602802,3058.970
     -72.38813240,-13.20602802,3058.970
     -72.38813095,-13.20602510,3059.385
     -72.38813927,-13.20602150,3061.551
     -72.38814600,-13.20601335,3061.835
     -72.38813932,-13.20602177,3063.728
     -72.38814438,-13.20601887,3063.813
     -72.38815053,-13.20601253,3063.253
     -72.38816597,-13.20600873,3062.184
     -72.38817237,-13.20600550,3061.859
     -72.38817252,-13.20600787,3062.466
     -72.38817588,-13.20600703,3062.830
     -72.38818940,-13.20600850,3061.177
     -72.38818940,-13.20600850,3061.177
     -72.38820403,-13.20600418,3060.519
     -72.38820363,-13.20600385,3062.581
     -72.38820502,-13.20599850,3063.551
     -72.38820508,-13.20599355,3064.605
     -72.38820790,-13.20598412,3064.291
     -72.38820028,-13.20598283,3064.459
     -72.38819145,-13.20597925,3064.658
     -72.38817980,-13.20597807,3064.558
     -72.38817980,-13.20597807,3064.558
     -72.38817980,-13.20597807,3064.558
     -72.38817980,-13.20597807,3064.558
     -72.38817980,-13.20597807,3064.558
     -72.38817722,-13.20597588,3062.746
     -72.38817722,-13.20597588,3062.746
     -72.38817722,-13.20597588,3062.746
     -72.38817722,-13.20597588,3062.746
     -72.38817722,-13.20597588,3062.746
     -72.38817722,-13.20597588,3062.746
     -72.38817722,-13.20597588,3062.746
     -72.38817722,-13.20597588,3062.746
     -72.38817722,-13.20597588,3062.746
     -72.38818035,-13.20597062,3060.748
     -72.38818112,-13.20596683,3060.313
     -72.38817967,-13.20596955,3060.916
     -72.38818003,-13.20596848,3061.924
     -72.38817652,-13.20597202,3063.419
     -72.38817645,-13.20596757,3064.142
     -72.38817513,-13.20596493,3065.520
     -72.38817513,-13.20596493,3065.520
     -72.38817513,-13.20596493,3065.520
     -72.38817513,-13.20596493,3065.520
     -72.38817513,-13.20596493,3065.520
     -72.38817513,-13.20596493,3065.520
     -72.38817513,-13.20596493,3065.520
     -72.38817513,-13.20596493,3065.520
     -72.38817513,-13.20596493,3065.520
     -72.38816743,-13.20596657,3066.530
     -72.38816535,-13.20596560,3064.724
     -72.38815885,-13.20596548,3064.164
     -72.38815135,-13.20596458,3063.868
     -72.38814558,-13.20596110,3063.111
     -72.38814558,-13.20596110,3063.111
     -72.38814558,-13.20596110,3063.111
     -72.38814558,-13.20596110,3063.111
     -72.38814558,-13.20596110,3063.111
     -72.38814558,-13.20596110,3063.111
     -72.38814302,-13.20595360,3064.508
     -72.38814413,-13.20594898,3065.521
     -72.38814413,-13.20594898,3065.521
     -72.38814413,-13.20594898,3065.521
     -72.38816148,-13.20594172,3063.244
     -72.38816148,-13.20594172,3063.244
     -72.38816148,-13.20594172,3063.244
     -72.38816148,-13.20594172,3063.244
     -72.38816148,-13.20594172,3063.244
     -72.38816148,-13.20594172,3063.244
     -72.38816148,-13.20594172,3063.244
     -72.38816148,-13.20594172,3063.244
     -72.38816148,-13.20594172,3063.244
     -72.38816148,-13.20594172,3063.244
     -72.38816148,-13.20594172,3063.244
     -72.38816148,-13.20594172,3063.244
     -72.38816148,-13.20594172,3063.244
     -72.38816148,-13.20594172,3063.244
     -72.38816148,-13.20594172,3063.244
     -72.38816148,-13.20594172,3063.244
     -72.38816148,-13.20594172,3063.244
     -72.38815997,-13.20593500,3063.884
     -72.38815648,-13.20592198,3063.549
     -72.38815648,-13.20592198,3063.549
     -72.38815648,-13.20592198,3063.549
     -72.38815648,-13.20592198,3063.549
     -72.38815648,-13.20592198,3063.549
     -72.38815648,-13.20592198,3063.549
     -72.38815648,-13.20592198,3063.549
     -72.38815648,-13.20592198,3063.549
     -72.38815648,-13.20592198,3063.549
     -72.38815648,-13.20592198,3063.549
     -72.38815648,-13.20592198,3063.549
     -72.38815648,-13.20592198,3063.549
     -72.38815648,-13.20592198,3063.549
     -72.38815648,-13.20592198,3063.549
     -72.38815648,-13.20592198,3063.549
     -72.38815648,-13.20592198,3063.549
     -72.38815648,-13.20592198,3063.549
     -72.38815648,-13.20592198,3063.549
     -72.38815648,-13.20592198,3063.549
     -72.38815648,-13.20592198,3063.549
     -72.38815648,-13.20592198,3063.549
     -72.38815648,-13.20592198,3063.549
     -72.38815648,-13.20592198,3063.549
     -72.38815648,-13.20592198,3063.549
     -72.38815648,-13.20592198,3063.549
     -72.38815648,-13.20592198,3063.549
     -72.38815708,-13.20590643,3063.399
     -72.38816195,-13.20589555,3063.645
     -72.38816195,-13.20589557,3063.645
     -72.38816195,-13.20589557,3063.645
     -72.38816195,-13.20589557,3063.645
     -72.38816195,-13.20589557,3063.645
     -72.38816195,-13.20589557,3063.645
     -72.38816195,-13.20589557,3063.645
     -72.38816195,-13.20589557,3063.645
     -72.38817117,-13.20587717,3063.070
     -72.38818273,-13.20586230,3062.184
     -72.38819535,-13.20585027,3061.369
     -72.38819535,-13.20585027,3061.369
     -72.38819535,-13.20585027,3061.369
     -72.38820728,-13.20584467,3062.397
     -72.38822158,-13.20583863,3063.462
     -72.38822158,-13.20583863,3063.462
     -72.38822158,-13.20583863,3063.462
     -72.38822158,-13.20583863,3063.462
     -72.38823653,-13.20584012,3064.620
     -72.38823653,-13.20584012,3064.620
     -72.38824353,-13.20583588,3066.858
     -72.38824353,-13.20583588,3066.858
     -72.38824353,-13.20583588,3066.858
     -72.38824353,-13.20583588,3066.858
     -72.38824353,-13.20583588,3066.858
     -72.38824353,-13.20583588,3066.858
     -72.38824353,-13.20583588,3066.858
     -72.38824353,-13.20583588,3066.858
     -72.38824353,-13.20583588,3066.858
     -72.38824353,-13.20583588,3066.858
     -72.38824353,-13.20583588,3066.858
     -72.38824353,-13.20583588,3066.858
     -72.38823845,-13.20582857,3068.014
     -72.38823123,-13.20582200,3068.271
     -72.38822395,-13.20581090,3070.039
     -72.38822395,-13.20581090,3070.039
     -72.38822395,-13.20581090,3070.039
     -72.38822395,-13.20581090,3070.039
     -72.38822395,-13.20581090,3070.039
     -72.38822395,-13.20581090,3070.039
     -72.38822395,-13.20581090,3070.039
     -72.38822395,-13.20581090,3070.039
     -72.38822395,-13.20581090,3070.039
     -72.38822395,-13.20581090,3070.039
     -72.38822395,-13.20581090,3070.039
     -72.38822395,-13.20581090,3070.039
     -72.38822395,-13.20581090,3070.039
     -72.38822395,-13.20581090,3070.039
     -72.38822395,-13.20581090,3070.039
     -72.38822395,-13.20581090,3070.039
     -72.38822395,-13.20581090,3070.039
     -72.38822395,-13.20581090,3070.039
     -72.38822395,-13.20581090,3070.039
     -72.38822395,-13.20581090,3070.039
     -72.38822395,-13.20581090,3070.039
     -72.38822395,-13.20581090,3070.039
     -72.38822395,-13.20581090,3070.039
     -72.38822395,-13.20581090,3070.039
     -72.38822395,-13.20581090,3070.039
     -72.38822395,-13.20581090,3070.039
     -72.38822395,-13.20581090,3070.039
     -72.38822395,-13.20581090,3070.039
     -72.38822395,-13.20581090,3070.039
     -72.38822395,-13.20581090,3070.039
     -72.38822395,-13.20581090,3070.039
     -72.38822395,-13.20581090,3070.039
     -72.38822395,-13.20581090,3070.039
     -72.38822395,-13.20581090,3070.039
     -72.38822395,-13.20581090,3070.039
     -72.38822395,-13.20581090,3070.039
     -72.38822395,-13.20581090,3070.039
     -72.38822395,-13.20581090,3070.039
     -72.38822932,-13.20580463,3069.487
     -72.38822992,-13.20580133,3072.898
     -72.38823142,-13.20579858,3076.710
     -72.38822792,-13.20578735,3079.741
     -72.38822280,-13.20577893,3081.655
     -72.38822280,-13.20577893,3081.655
     -72.38822280,-13.20577893,3081.655
     -72.38822280,-13.20577893,3081.655
     -72.38822280,-13.20577893,3081.655
     -72.38822280,-13.20577893,3081.655
     -72.38822280,-13.20577893,3081.655
     -72.38822280,-13.20577893,3081.655
     -72.38822280,-13.20577893,3081.655
     -72.38822280,-13.20577893,3081.655
     -72.38822280,-13.20577893,3081.655
     -72.38822280,-13.20577893,3081.655
     -72.38822280,-13.20577893,3081.655
     -72.38822280,-13.20577893,3081.655
     -72.38822280,-13.20577893,3081.655
     -72.38822280,-13.20577893,3081.655
     -72.38822280,-13.20577893,3081.655
     -72.38822280,-13.20577893,3081.655
     -72.38822280,-13.20577893,3081.655
     -72.38822280,-13.20577893,3081.655
     -72.38822280,-13.20577893,3081.655
     -72.38822280,-13.20577893,3081.655
     -72.38823265,-13.20578347,3080.777
     -72.38823822,-13.20578385,3080.125
     -72.38823822,-13.20578385,3080.125
     -72.38823822,-13.20578385,3080.125
     -72.38823822,-13.20578385,3080.125
     -72.38823822,-13.20578385,3080.125
     -72.38823822,-13.20578385,3080.125
     -72.38823822,-13.20578385,3080.125
     -72.38823822,-13.20578385,3080.125
     -72.38823822,-13.20578385,3080.125
     -72.38823822,-13.20578385,3080.125
     -72.38823822,-13.20578385,3080.125
     -72.38823822,-13.20578385,3080.125
     -72.38823822,-13.20578385,3080.125
     -72.38823822,-13.20578385,3080.125
     -72.38823822,-13.20578385,3080.125
     -72.38823822,-13.20578385,3080.125
     -72.38823025,-13.20578285,3078.653
     -72.38822205,-13.20577963,3077.774
     -72.38822205,-13.20577963,3077.774
     -72.38822205,-13.20577963,3077.774
     -72.38822205,-13.20577963,3077.774
     -72.38822205,-13.20577963,3077.774
     -72.38822205,-13.20577963,3077.774
     -72.38822205,-13.20577963,3077.774
     -72.38822205,-13.20577963,3077.774
     -72.38822205,-13.20577963,3077.774
     -72.38822205,-13.20577963,3077.774
     -72.38823423,-13.20577955,3075.245
     -72.38823477,-13.20578137,3074.309
     -72.38823193,-13.20578265,3072.876
     -72.38823058,-13.20578103,3072.511
     -72.38822335,-13.20577182,3073.403
     -72.38821722,-13.20576537,3074.281
     -72.38821722,-13.20576537,3074.281
     -72.38821722,-13.20576537,3074.281
     -72.38821722,-13.20576537,3074.281
     -72.38821722,-13.20576537,3074.281
     -72.38821722,-13.20576537,3074.281
     -72.38821722,-13.20576537,3074.281
     -72.38821722,-13.20576537,3074.281
     -72.38821722,-13.20576537,3074.281
     -72.38821722,-13.20576537,3074.281
     -72.38821722,-13.20576537,3074.281
     -72.38821722,-13.20576537,3074.281
     -72.38822873,-13.20576758,3074.157
     -72.38823277,-13.20578002,3073.860
     -72.38823277,-13.20578002,3073.860
     -72.38823277,-13.20578002,3073.860
     -72.38823277,-13.20578002,3073.860
     -72.38823277,-13.20578002,3073.860
     -72.38823277,-13.20578002,3073.860
     -72.38823913,-13.20578230,3075.611
     -72.38823913,-13.20578230,3075.611
     -72.38823913,-13.20578230,3075.611
     -72.38823913,-13.20578230,3075.611
     -72.38823913,-13.20578230,3075.611
     -72.38823913,-13.20578230,3075.611
     -72.38823913,-13.20578230,3075.611
     -72.38823913,-13.20578230,3075.611
     -72.38823913,-13.20578230,3075.611
     -72.38823913,-13.20578230,3075.611
     -72.38823913,-13.20578230,3075.611
     -72.38823913,-13.20578230,3075.611
     -72.38823913,-13.20578230,3075.611
     -72.38823067,-13.20577962,3074.367
     -72.38822015,-13.20577443,3073.967
     -72.38822017,-13.20577443,3073.967
     -72.38822017,-13.20577443,3073.967
     -72.38822017,-13.20577443,3073.967
     -72.38822017,-13.20577443,3073.967
     -72.38822017,-13.20577443,3073.967
     -72.38822017,-13.20577443,3073.967
     -72.38822017,-13.20577443,3073.967
     -72.38822017,-13.20577443,3073.967
     -72.38822017,-13.20577443,3073.967
     -72.38822017,-13.20577443,3073.967
     -72.38822017,-13.20577443,3073.967
     -72.38822017,-13.20577443,3073.967
     -72.38822017,-13.20577443,3073.967
     -72.38822017,-13.20577443,3073.967
     -72.38822017,-13.20577443,3073.967
     -72.38822017,-13.20577443,3073.967
     -72.38822017,-13.20577443,3073.967
     -72.38822017,-13.20577443,3073.967
     -72.38822017,-13.20577443,3073.967
     -72.38822017,-13.20577443,3073.967
     -72.38822017,-13.20577443,3073.967
     -72.38822017,-13.20577443,3073.967
     -72.38822017,-13.20577443,3073.967
     -72.38822017,-13.20577443,3073.967
     -72.38822017,-13.20577443,3073.967
     -72.38822017,-13.20577443,3073.967
     -72.38822017,-13.20577443,3073.967
     -72.38822017,-13.20577443,3073.967
     -72.38822017,-13.20577443,3073.967
     -72.38822017,-13.20577443,3073.967
     -72.38822017,-13.20577443,3073.967
     -72.38822017,-13.20577443,3073.967
     -72.38822017,-13.20577443,3073.967
     -72.38822017,-13.20577443,3073.967
     -72.38822017,-13.20577443,3073.967
     -72.38822017,-13.20577443,3073.967
     -72.38822017,-13.20577443,3073.967
     -72.38822017,-13.20577443,3073.967
     -72.38822017,-13.20577443,3073.967
     -72.38822017,-13.20577443,3073.967
     -72.38822017,-13.20577443,3073.967
     -72.38822017,-13.20577443,3073.967
     -72.38822017,-13.20577443,3073.967
     -72.38822017,-13.20577443,3073.967
     -72.38822017,-13.20577443,3073.967
     -72.38822017,-13.20577443,3073.967
     -72.38822017,-13.20577443,3073.967
     -72.38822017,-13.20577443,3073.967
     -72.38822017,-13.20577443,3073.967
     -72.38822017,-13.20577443,3073.967
     -72.38822017,-13.20577443,3073.967
     -72.38822017,-13.20577443,3073.967
     -72.38822017,-13.20577443,3073.967
     -72.38822017,-13.20577443,3073.967
     -72.38822017,-13.20577443,3073.967
     -72.38822017,-13.20577443,3073.967
     -72.38822017,-13.20577443,3073.967
     -72.38822017,-13.20577443,3073.967
     -72.38822017,-13.20577443,3073.967
     -72.38822017,-13.20577443,3073.967
     -72.38822017,-13.20577443,3073.967
     -72.38822017,-13.20577443,3073.967
     -72.38822017,-13.20577443,3073.967
     -72.38822017,-13.20577443,3073.967
     -72.38822492,-13.20577070,3071.845
     -72.38822713,-13.20577305,3071.358
     -72.38823465,-13.20578490,3071.675
     -72.38824158,-13.20579565,3070.970
     -72.38824158,-13.20579565,3070.970
     -72.38824158,-13.20579565,3070.970
     -72.38824158,-13.20579565,3070.970
     -72.38824158,-13.20579565,3070.970
     -72.38824158,-13.20579565,3070.970
     -72.38824158,-13.20579565,3070.970
     -72.38824158,-13.20579565,3070.970
     -72.38824158,-13.20579565,3070.970
     -72.38824158,-13.20579565,3070.970
     -72.38824158,-13.20579565,3070.970
     -72.38823853,-13.20579577,3070.785
     -72.38823853,-13.20579577,3070.785
     -72.38824400,-13.20580588,3070.681
     -72.38823840,-13.20580930,3071.383
     -72.38823803,-13.20581842,3072.099
     -72.38823803,-13.20581842,3072.099
     -72.38823803,-13.20581842,3072.099
     -72.38823803,-13.20581842,3072.099
     -72.38823803,-13.20581842,3072.099
     -72.38823803,-13.20581842,3072.099
     -72.38823803,-13.20581842,3072.099
     -72.38823803,-13.20581842,3072.099
     -72.38823803,-13.20581842,3072.099
     -72.38823803,-13.20581842,3072.099
     -72.38823803,-13.20581842,3072.099
     -72.38823803,-13.20581842,3072.099
     -72.38823803,-13.20581842,3072.099
     -72.38823803,-13.20581842,3072.099
     -72.38823803,-13.20581842,3072.099
     -72.38823803,-13.20581842,3072.099
     -72.38823803,-13.20581842,3072.099
     -72.38823803,-13.20581842,3072.099
     -72.38823803,-13.20581842,3072.099
     -72.38823803,-13.20581842,3072.099
     -72.38823803,-13.20581842,3072.099
     -72.38823803,-13.20581842,3072.099
     -72.38823803,-13.20581842,3072.099
     -72.38823803,-13.20581842,3072.099
     -72.38823803,-13.20581842,3072.099
     -72.38823803,-13.20581842,3072.099
     -72.38823803,-13.20581842,3072.099
     -72.38823803,-13.20581842,3072.099
     -72.38823803,-13.20581842,3072.099
     -72.38823803,-13.20581842,3072.099
     -72.38823803,-13.20581842,3072.099
     -72.38823803,-13.20581842,3072.099
     -72.38823803,-13.20581842,3072.099
     -72.38823803,-13.20581842,3072.099
     -72.38823803,-13.20581842,3072.099
     -72.38823803,-13.20581842,3072.099
     -72.38823803,-13.20581842,3072.099
     -72.38823803,-13.20581842,3072.099
     -72.38823803,-13.20581842,3072.099
     -72.38823803,-13.20581842,3072.099
     -72.38823803,-13.20581842,3072.099
     -72.38823803,-13.20581842,3072.099
     -72.38823803,-13.20581842,3072.099
     -72.38823803,-13.20581842,3072.099
     -72.38824192,-13.20582727,3070.716
     -72.38824192,-13.20582727,3070.716
     -72.38824192,-13.20582727,3070.716
     -72.38823023,-13.20581407,3067.683
     -72.38822607,-13.20581128,3068.008
     -72.38821685,-13.20581208,3068.876
     -72.38821683,-13.20581210,3068.876
     -72.38821683,-13.20581210,3068.876
     -72.38821683,-13.20581210,3068.876
     -72.38821683,-13.20581210,3068.876
     -72.38821683,-13.20581210,3068.876
     -72.38821683,-13.20581210,3068.876
     -72.38821683,-13.20581210,3068.876
     -72.38821683,-13.20581210,3068.876
     -72.38821683,-13.20581210,3068.876
     -72.38821683,-13.20581210,3068.876
     -72.38821683,-13.20581210,3068.876
     -72.38821683,-13.20581210,3068.876
     -72.38821683,-13.20581210,3068.876
     -72.38821683,-13.20581210,3068.876
     -72.38821683,-13.20581210,3068.876
     -72.38821890,-13.20580882,3069.089
     -72.38821890,-13.20580882,3069.090
     -72.38821890,-13.20580882,3069.090
     -72.38821890,-13.20580882,3069.090
     -72.38821890,-13.20580882,3069.090
     -72.38821890,-13.20580882,3069.090
     -72.38821890,-13.20580882,3069.090
     -72.38821890,-13.20580882,3069.090
     -72.38821890,-13.20580882,3069.090
     -72.38821890,-13.20580882,3069.090
     -72.38821890,-13.20580882,3069.090
     -72.38821890,-13.20580882,3069.090
     -72.38821890,-13.20580882,3069.090
     -72.38821890,-13.20580882,3069.090
     -72.38821890,-13.20580882,3069.090
     -72.38821890,-13.20580882,3069.090
     -72.38821890,-13.20580882,3069.090
     -72.38821890,-13.20580882,3069.090
     -72.38821890,-13.20580882,3069.090
     -72.38821890,-13.20580882,3069.090
     -72.38821890,-13.20580882,3069.090
     -72.38821890,-13.20580882,3069.090
     -72.38821890,-13.20580882,3069.090
     -72.38821890,-13.20580882,3069.090
     -72.38821890,-13.20580882,3069.090
     -72.38821890,-13.20580882,3069.090
     -72.38821890,-13.20580882,3069.090
     -72.38821890,-13.20580882,3069.090
     -72.38821890,-13.20580882,3069.090
     -72.38821890,-13.20580882,3069.090
     -72.38821890,-13.20580882,3069.090
     -72.38821890,-13.20580882,3069.090
     -72.38822770,-13.20580397,3069.482
     -72.38822715,-13.20580227,3070.547
     -72.38822283,-13.20580547,3072.173
     -72.38822283,-13.20580547,3072.173
     -72.38822283,-13.20580547,3072.173
     -72.38822283,-13.20580547,3072.173
     -72.38821932,-13.20580715,3073.294
     -72.38822190,-13.20580760,3073.318
     -72.38822190,-13.20580760,3073.318
     -72.38822143,-13.20580678,3074.212
     -72.38821848,-13.20580868,3074.496
     -72.38821848,-13.20580868,3074.496
     -72.38821848,-13.20580868,3074.496
     -72.38821848,-13.20580868,3074.496
     -72.38821848,-13.20580868,3074.496
     -72.38821848,-13.20580868,3074.496
     -72.38821848,-13.20580868,3074.496
     -72.38821848,-13.20580868,3074.496
     -72.38821848,-13.20580868,3074.496
     -72.38821848,-13.20580868,3074.496
     -72.38821848,-13.20580868,3074.496
     -72.38821848,-13.20580868,3074.496
     -72.38821848,-13.20580868,3074.496
     -72.38821848,-13.20580868,3074.496
     -72.38821848,-13.20580868,3074.496
     -72.38821848,-13.20580868,3074.496
     -72.38821848,-13.20580868,3074.496
     -72.38821848,-13.20580868,3074.496
     -72.38821848,-13.20580868,3074.496
     -72.38821848,-13.20580868,3074.496
     -72.38821848,-13.20580868,3074.496
     -72.38821848,-13.20580868,3074.496
     -72.38821848,-13.20580868,3074.496
     -72.38821848,-13.20580868,3074.496
     -72.38821848,-13.20580868,3074.496
     -72.38821848,-13.20580868,3074.496
     -72.38821848,-13.20580868,3074.496
     -72.38821848,-13.20580868,3074.496
     -72.38821848,-13.20580868,3074.496
     -72.38821848,-13.20580868,3074.496
     -72.38821848,-13.20580868,3074.496
     -72.38821848,-13.20580868,3074.496
     -72.38821848,-13.20580868,3074.496
     -72.38821848,-13.20580868,3074.496
     -72.38821848,-13.20580868,3074.496
     -72.38821848,-13.20580868,3074.496
     -72.38821848,-13.20580868,3074.496
     -72.38821848,-13.20580868,3074.496
     -72.38821848,-13.20580868,3074.496
     -72.38821848,-13.20580868,3074.496
     -72.38821848,-13.20580868,3074.496
     -72.38821848,-13.20580868,3074.496
     -72.38821848,-13.20580868,3074.496
     -72.38821848,-13.20580868,3074.496
     -72.38821848,-13.20580868,3074.496
     -72.38821848,-13.20580868,3074.496
     -72.38821848,-13.20580868,3074.496
     -72.38821848,-13.20580868,3074.496
     -72.38821848,-13.20580868,3074.496
     -72.38821848,-13.20580868,3074.496
     -72.38821848,-13.20580868,3074.496
     -72.38821848,-13.20580868,3074.496
     -72.38821848,-13.20580868,3074.496
     -72.38821848,-13.20580868,3074.496
     -72.38821848,-13.20580868,3074.496
     -72.38821848,-13.20580868,3074.496
     -72.38821848,-13.20580868,3074.496
     -72.38821848,-13.20580868,3074.496
     -72.38821848,-13.20580868,3074.496
     -72.38821848,-13.20580868,3074.496
     -72.38821848,-13.20580868,3074.496
     -72.38821848,-13.20580868,3074.496
     -72.38821848,-13.20580868,3074.496
     -72.38821848,-13.20580868,3074.496
     -72.38821848,-13.20580868,3074.496
     -72.38821848,-13.20580868,3074.496
     -72.38821848,-13.20580868,3074.496
     -72.38821848,-13.20580868,3074.496
     -72.38821025,-13.20582008,3075.911
     -72.38821025,-13.20582008,3075.911
     -72.38821025,-13.20582008,3075.911
     -72.38821025,-13.20582008,3075.911
     -72.38819162,-13.20582200,3076.498
     -72.38819162,-13.20582200,3076.497
     -72.38819162,-13.20582200,3076.497
     -72.38819162,-13.20582200,3076.497
     -72.38819162,-13.20582200,3076.497
     -72.38819162,-13.20582200,3076.497
     -72.38819162,-13.20582200,3076.497
     -72.38819162,-13.20582200,3076.497
     -72.38819162,-13.20582200,3076.497
     -72.38819162,-13.20582200,3076.497
     -72.38819162,-13.20582200,3076.497
     -72.38819162,-13.20582200,3076.497
     -72.38819162,-13.20582200,3076.497
     -72.38819162,-13.20582200,3076.497
     -72.38819162,-13.20582200,3076.497
     -72.38819162,-13.20582200,3076.497
     -72.38819162,-13.20582200,3076.497
     -72.38819162,-13.20582200,3076.497
     -72.38819162,-13.20582200,3076.497
     -72.38819162,-13.20582200,3076.497
     -72.38819162,-13.20582200,3076.497
     -72.38819162,-13.20582200,3076.497
     -72.38819162,-13.20582200,3076.497
     -72.38819162,-13.20582200,3076.497
     -72.38819162,-13.20582200,3076.497
     -72.38819162,-13.20582200,3076.497
     -72.38819162,-13.20582200,3076.497
     -72.38819162,-13.20582200,3076.497
     -72.38819162,-13.20582200,3076.497
     -72.38819162,-13.20582200,3076.497
     -72.38819162,-13.20582200,3076.497
     -72.38819050,-13.20581713,3077.821
     -72.38819050,-13.20581713,3077.821
     -72.38819050,-13.20581713,3077.821
     -72.38819050,-13.20581713,3077.821
     -72.38819050,-13.20581713,3077.821
     -72.38819050,-13.20581713,3077.821
     -72.38819050,-13.20581713,3077.821
     -72.38819050,-13.20581713,3077.821
     -72.38819050,-13.20581713,3077.821
     -72.38819050,-13.20581713,3077.821
     -72.38819050,-13.20581713,3077.821
     -72.38819050,-13.20581713,3077.821
     -72.38819050,-13.20581713,3077.821
     -72.38819050,-13.20581713,3077.821
     -72.38819050,-13.20581713,3077.821
     -72.38819050,-13.20581713,3077.821
     -72.38819050,-13.20581713,3077.821
     -72.38819050,-13.20581713,3077.821
     -72.38819050,-13.20581713,3077.821
     -72.38819050,-13.20581713,3077.821
     -72.38819050,-13.20581713,3077.821
     -72.38819050,-13.20581713,3077.821
     -72.38819050,-13.20581713,3077.821
     -72.38819050,-13.20581713,3077.821
     -72.38819050,-13.20581713,3077.821
     -72.38819050,-13.20581713,3077.821
     -72.38819050,-13.20581713,3077.821
     -72.38819050,-13.20581713,3077.821
     -72.38819050,-13.20581713,3077.821
     -72.38819050,-13.20581713,3077.821
     -72.38819050,-13.20581713,3077.821
     -72.38819050,-13.20581713,3077.821
     -72.38819050,-13.20581713,3077.821
     -72.38819050,-13.20581713,3077.821
     -72.38819050,-13.20581713,3077.821
     -72.38819050,-13.20581713,3077.821
     -72.38819050,-13.20581713,3077.821
     -72.38819050,-13.20581713,3077.821
     -72.38819050,-13.20581713,3077.821
     -72.38819050,-13.20581713,3077.821
     -72.38819050,-13.20581713,3077.821
     -72.38819050,-13.20581713,3077.821
     -72.38819050,-13.20581713,3077.821
     -72.38819050,-13.20581713,3077.821
     -72.38819050,-13.20581713,3077.821
     -72.38819050,-13.20581713,3077.821
     -72.38819050,-13.20581713,3077.821
     -72.38819050,-13.20581713,3077.821
     -72.38819050,-13.20581713,3077.821
     -72.38819050,-13.20581713,3077.821
     -72.38819050,-13.20581713,3077.821
     -72.38819050,-13.20581713,3077.821
     -72.38819050,-13.20581713,3077.821
     -72.38819050,-13.20581713,3077.821
     -72.38819050,-13.20581713,3077.821
     -72.38819050,-13.20581713,3077.821
     -72.38819050,-13.20581713,3077.821
     -72.38819050,-13.20581713,3077.821
     -72.38819050,-13.20581713,3077.821
     -72.38819050,-13.20581713,3077.821
     -72.38819050,-13.20581713,3077.821
     -72.38819050,-13.20581713,3077.821
     -72.38819050,-13.20581713,3077.821
     -72.38819050,-13.20581713,3077.821
     -72.38819050,-13.20581713,3077.821
     -72.38819050,-13.20581713,3077.821
     -72.38819050,-13.20581713,3077.821
     -72.38819050,-13.20581713,3077.821
     -72.38819050,-13.20581713,3077.821
     -72.38819050,-13.20581713,3077.821
     -72.38819050,-13.20581713,3077.821
     -72.38819050,-13.20581713,3077.821
     -72.38819050,-13.20581713,3077.821
     -72.38819050,-13.20581713,3077.821
     -72.38819050,-13.20581713,3077.821
     -72.38819050,-13.20581713,3077.821
     -72.38819050,-13.20581713,3077.821
     -72.38819050,-13.20581713,3077.821
     -72.38819050,-13.20581713,3077.821
     -72.38819050,-13.20581713,3077.821
     -72.38819050,-13.20581713,3077.821
     -72.38819050,-13.20581713,3077.821
     -72.38819050,-13.20581713,3077.821
     -72.38819050,-13.20581713,3077.821
     -72.38819050,-13.20581713,3077.821
     -72.38819050,-13.20581713,3077.821
     -72.38819050,-13.20581713,3077.821
     -72.38819050,-13.20581713,3077.821
     -72.38819050,-13.20581713,3077.821
     -72.38819050,-13.20581713,3077.821
     -72.38819050,-13.20581713,3077.821
     -72.38819050,-13.20581713,3077.821
     -72.38819050,-13.20581713,3077.821
     -72.38819050,-13.20581713,3077.821
     -72.38819050,-13.20581713,3077.821
     -72.38819050,-13.20581713,3077.821
     -72.38819050,-13.20581713,3077.821
     -72.38819050,-13.20581713,3077.821
     -72.38819050,-13.20581713,3077.821
     -72.38819050,-13.20581713,3077.821
     -72.38819050,-13.20581713,3077.821
     -72.38819050,-13.20581713,3077.821
     -72.38819050,-13.20581713,3077.821
     -72.38819050,-13.20581713,3077.821
     -72.38819050,-13.20581713,3077.821
     -72.38819050,-13.20581713,3077.821
     -72.38819050,-13.20581713,3077.821
     -72.38819050,-13.20581713,3077.821
     -72.38819050,-13.20581713,3077.821
     -72.38819050,-13.20581713,3077.821
     -72.38819050,-13.20581713,3077.821
     -72.38819050,-13.20581713,3077.821
     -72.38819050,-13.20581713,3077.821
     -72.38819050,-13.20581713,3077.821
     -72.38819050,-13.20581713,3077.821
     -72.38819050,-13.20581713,3077.821
     -72.38819050,-13.20581713,3077.821
     -72.38819050,-13.20581713,3077.821
     -72.38819050,-13.20581713,3077.821
     -72.38819050,-13.20581713,3077.821
     -72.38819050,-13.20581713,3077.821
     -72.38819050,-13.20581713,3077.821
     -72.38819050,-13.20581713,3077.821
     -72.38819050,-13.20581713,3077.821
     -72.38819050,-13.20581713,3077.821
     -72.38819050,-13.20581713,3077.821
     -72.38819050,-13.20581713,3077.821
     -72.38819050,-13.20581713,3077.821
     -72.38819050,-13.20581713,3077.821
     -72.38819050,-13.20581713,3077.821
     -72.38818553,-13.20581207,3079.210
     -72.38818322,-13.20581428,3080.414
     -72.38818193,-13.20582913,3081.125
     -72.38818768,-13.20583132,3081.361
     -72.38818325,-13.20583263,3080.740
     -72.38818325,-13.20583263,3080.740
     -72.38818068,-13.20583025,3080.600
     -72.38817763,-13.20583190,3080.885
     -72.38817578,-13.20582778,3080.883
     -72.38817578,-13.20582778,3080.883
     -72.38817662,-13.20583785,3081.738
     -72.38818773,-13.20584707,3080.890
     -72.38817677,-13.20585025,3081.352
     -72.38817452,-13.20584735,3080.999
     -72.38817550,-13.20585907,3080.128
     -72.38818072,-13.20586278,3078.154
     -72.38818870,-13.20584875,3076.805
     -72.38819603,-13.20583182,3077.004
     -72.38820212,-13.20582175,3075.962
     -72.38819872,-13.20582987,3075.572
     -72.38819870,-13.20582987,3075.572
     -72.38818507,-13.20583347,3075.303
     -72.38818507,-13.20583347,3075.303
     -72.38818507,-13.20583347,3075.303
     -72.38818507,-13.20583347,3075.303
     -72.38818507,-13.20583347,3075.303
     -72.38818507,-13.20583347,3075.303
     -72.38818507,-13.20583347,3075.303
     -72.38818507,-13.20583347,3075.303
     -72.38818507,-13.20583347,3075.303
     -72.38818507,-13.20583347,3075.303
     -72.38818507,-13.20583347,3075.303
     -72.38818507,-13.20583347,3075.303
     -72.38818507,-13.20583347,3075.303
     -72.38818507,-13.20583347,3075.303
     -72.38818507,-13.20583347,3075.303
     -72.38818507,-13.20583347,3075.303
     -72.38818507,-13.20583347,3075.303
     -72.38818507,-13.20583347,3075.303
     -72.38818507,-13.20583347,3075.303
     -72.38818507,-13.20583347,3075.303
     -72.38818507,-13.20583347,3075.303
     -72.38818507,-13.20583347,3075.303
     -72.38818507,-13.20583347,3075.303
     -72.38818507,-13.20583347,3075.303
     -72.38818507,-13.20583347,3075.303
     -72.38818507,-13.20583347,3075.303
     -72.38818507,-13.20583347,3075.303
     -72.38818507,-13.20583347,3075.303
     -72.38818507,-13.20583347,3075.303
     -72.38818507,-13.20583347,3075.303
     -72.38818507,-13.20583347,3075.303
     -72.38818507,-13.20583347,3075.303
     -72.38818507,-13.20583347,3075.303
     -72.38818507,-13.20583347,3075.303
     -72.38818507,-13.20583347,3075.303
     -72.38818507,-13.20583347,3075.303
     -72.38818507,-13.20583347,3075.303
     -72.38818507,-13.20583347,3075.303
     -72.38818507,-13.20583347,3075.303
     -72.38818507,-13.20583347,3075.303
     -72.38818507,-13.20583347,3075.303
     -72.38818507,-13.20583347,3075.303
     -72.38818507,-13.20583347,3075.303
     -72.38818507,-13.20583347,3075.303
     -72.38818507,-13.20583347,3075.303
     -72.38818507,-13.20583347,3075.303
     -72.38818507,-13.20583347,3075.303
     -72.38818507,-13.20583347,3075.303
     -72.38818507,-13.20583347,3075.303
     -72.38818507,-13.20583347,3075.303
     -72.38818507,-13.20583347,3075.303
     -72.38818507,-13.20583347,3075.303
     -72.38818507,-13.20583347,3075.303
     -72.38818507,-13.20583347,3075.303
     -72.38818507,-13.20583347,3075.303
     -72.38818507,-13.20583347,3075.303
     -72.38818507,-13.20583347,3075.303
     -72.38818507,-13.20583347,3075.303
     -72.38818507,-13.20583347,3075.303
     -72.38818507,-13.20583347,3075.303
     -72.38818507,-13.20583347,3075.303
     -72.38818507,-13.20583347,3075.303
     -72.38818507,-13.20583347,3075.303
     -72.38818507,-13.20583347,3075.303
     -72.38818507,-13.20583347,3075.303
     -72.38818507,-13.20583347,3075.303
     -72.38818507,-13.20583347,3075.303
     -72.38818507,-13.20583347,3075.303
     -72.38818507,-13.20583347,3075.303
     -72.38818507,-13.20583347,3075.303
     -72.38818507,-13.20583347,3075.303
     -72.38818507,-13.20583347,3075.303
     -72.38818507,-13.20583347,3075.303
     -72.38818507,-13.20583347,3075.303
     -72.38818507,-13.20583347,3075.303
     -72.38818507,-13.20583347,3075.303
     -72.38818507,-13.20583347,3075.303
     -72.38818507,-13.20583347,3075.303
     -72.38818507,-13.20583347,3075.303
     -72.38818507,-13.20583347,3075.303
     -72.38818507,-13.20583347,3075.303
     -72.38818507,-13.20583347,3075.303
     -72.38818507,-13.20583347,3075.303
     -72.38818507,-13.20583347,3075.303
     -72.38818507,-13.20583347,3075.303
     -72.38818507,-13.20583347,3075.303
     -72.38818507,-13.20583347,3075.303
     -72.38818507,-13.20583347,3075.303
     -72.38818507,-13.20583347,3075.303
     -72.38818507,-13.20583347,3075.303
     -72.38818507,-13.20583347,3075.303
     -72.38818507,-13.20583347,3075.303
     -72.38818507,-13.20583347,3075.303
     -72.38818507,-13.20583347,3075.303
     -72.38818507,-13.20583347,3075.303
     -72.38818507,-13.20583347,3075.303
     -72.38818507,-13.20583347,3075.303
     -72.38818507,-13.20583347,3075.303
     -72.38818507,-13.20583347,3075.303
     -72.38818507,-13.20583347,3075.303
     -72.38818507,-13.20583347,3075.303
     -72.38818507,-13.20583347,3075.303
     -72.38818507,-13.20583347,3075.303
     -72.38818507,-13.20583347,3075.303
     -72.38818507,-13.20583347,3075.303
     -72.38818507,-13.20583347,3075.303
     -72.38818507,-13.20583347,3075.303
     -72.38818507,-13.20583347,3075.303
     -72.38818507,-13.20583347,3075.303
     -72.38818507,-13.20583347,3075.303
     -72.38818507,-13.20583347,3075.303
     -72.38818507,-13.20583347,3075.303
     -72.38818507,-13.20583347,3075.303
     -72.38818507,-13.20583347,3075.303
     -72.38818507,-13.20583347,3075.303
     -72.38818507,-13.20583347,3075.303
     -72.38818507,-13.20583347,3075.303
     -72.38818507,-13.20583347,3075.303
     -72.38818507,-13.20583347,3075.303
     -72.38818507,-13.20583347,3075.303
     -72.38818507,-13.20583347,3075.303
     -72.38818507,-13.20583347,3075.303
     -72.38818507,-13.20583347,3075.303
     -72.38818507,-13.20583347,3075.303
     -72.38818507,-13.20583347,3075.303
     -72.38818507,-13.20583347,3075.303
     -72.38818507,-13.20583347,3075.303
     -72.38818507,-13.20583347,3075.303
     -72.38818507,-13.20583347,3075.303
     -72.38818507,-13.20583347,3075.303
     -72.38818507,-13.20583347,3075.303
     -72.38818507,-13.20583347,3075.303
     -72.38818507,-13.20583347,3075.303
     -72.38818507,-13.20583347,3075.303
     -72.38818507,-13.20583347,3075.303
     -72.38818507,-13.20583347,3075.303
     -72.38818507,-13.20583347,3075.303
     -72.38818507,-13.20583347,3075.303
     -72.38818507,-13.20583347,3075.303
     -72.38818507,-13.20583347,3075.303
     -72.38818507,-13.20583347,3075.303
     -72.38818507,-13.20583347,3075.303
     -72.38818507,-13.20583347,3075.303
     -72.38818507,-13.20583347,3075.303
     -72.38818507,-13.20583347,3075.303
     -72.38818507,-13.20583347,3075.303
     -72.38818507,-13.20583347,3075.303
     -72.38818507,-13.20583347,3075.303
     -72.38818507,-13.20583347,3075.303
     -72.38818507,-13.20583347,3075.303
     -72.38818507,-13.20583347,3075.303
     -72.38818507,-13.20583347,3075.303
     -72.38818507,-13.20583347,3075.303
     -72.38818507,-13.20583347,3075.303
     -72.38818507,-13.20583347,3075.303
     -72.38818507,-13.20583347,3075.303
     -72.38818507,-13.20583347,3075.303
     -72.38818507,-13.20583347,3075.303
     -72.38818507,-13.20583347,3075.303
     -72.38818507,-13.20583347,3075.303
     -72.38818507,-13.20583347,3075.303
     -72.38818507,-13.20583347,3075.303
     -72.38818507,-13.20583347,3075.303
     -72.38818507,-13.20583347,3075.303
     -72.38818507,-13.20583347,3075.303
     -72.38818507,-13.20583347,3075.303
     -72.38818507,-13.20583347,3075.303
     -72.38818507,-13.20583347,3075.303
     -72.38818507,-13.20583347,3075.303
     -72.38818507,-13.20583347,3075.303
     -72.38818507,-13.20583347,3075.303
     -72.38818507,-13.20583347,3075.303
     -72.38818507,-13.20583347,3075.303
     -72.38818507,-13.20583347,3075.303
     -72.38818507,-13.20583347,3075.303
     -72.38818507,-13.20583347,3075.303
     -72.38818507,-13.20583347,3075.303
     -72.38818507,-13.20583347,3075.303
     -72.38818507,-13.20583347,3075.303
     -72.38818507,-13.20583347,3075.303
     -72.38818507,-13.20583347,3075.303
     -72.38818507,-13.20583347,3075.303
     -72.38818507,-13.20583347,3075.303
     -72.38818507,-13.20583347,3075.303
     -72.38818507,-13.20583347,3075.303
     -72.38818507,-13.20583347,3075.303
     -72.38818507,-13.20583347,3075.303
     -72.38818507,-13.20583347,3075.303
     -72.38818507,-13.20583347,3075.303
     -72.38818507,-13.20583347,3075.303
     -72.38818507,-13.20583347,3075.303
     -72.38818507,-13.20583347,3075.303
     -72.38818507,-13.20583347,3075.303
     -72.38818507,-13.20583347,3075.303
     -72.38818507,-13.20583347,3075.303
     -72.38818507,-13.20583347,3075.303
     -72.38818507,-13.20583347,3075.303
     -72.38818507,-13.20583347,3075.303
     -72.38818507,-13.20583347,3075.303
     -72.38818248,-13.20584012,3075.054
     -72.38818248,-13.20584012,3075.054
     -72.38818248,-13.20584012,3075.054
     -72.38818248,-13.20584012,3075.054
     -72.38818248,-13.20584012,3075.054
     -72.38818122,-13.20583543,3075.974
     -72.38818122,-13.20583543,3075.974
     -72.38818122,-13.20583543,3075.974
     -72.38818122,-13.20583543,3075.974
     -72.38818122,-13.20583543,3075.974
     -72.38818122,-13.20583543,3075.974
     -72.38818122,-13.20583543,3075.974
     -72.38818122,-13.20583543,3075.974
     -72.38818122,-13.20583543,3075.974
     -72.38818122,-13.20583543,3075.974
     -72.38818122,-13.20583543,3075.974
     -72.38818122,-13.20583543,3075.974
     -72.38818122,-13.20583543,3075.974
     -72.38818122,-13.20583543,3075.974
     -72.38818122,-13.20583543,3075.974
     -72.38818122,-13.20583543,3075.974
     -72.38818122,-13.20583543,3075.974
     -72.38818122,-13.20583543,3075.974
     -72.38818122,-13.20583543,3075.974
     -72.38818122,-13.20583543,3075.974
     -72.38818122,-13.20583543,3075.974
     -72.38818122,-13.20583543,3075.974
     -72.38818122,-13.20583543,3075.974
     -72.38818122,-13.20583543,3075.974
     -72.38818122,-13.20583543,3075.974
     -72.38818122,-13.20583543,3075.974
     -72.38818122,-13.20583543,3075.974
     -72.38818122,-13.20583543,3075.974
     -72.38818122,-13.20583543,3075.974
     -72.38818122,-13.20583543,3075.974
     -72.38818122,-13.20583543,3075.974
     -72.38818122,-13.20583543,3075.974
     -72.38818122,-13.20583543,3075.974
     -72.38818122,-13.20583543,3075.974
     -72.38818122,-13.20583543,3075.974
     -72.38818122,-13.20583543,3075.974
     -72.38818122,-13.20583543,3075.974
     -72.38818122,-13.20583543,3075.974
     -72.38818122,-13.20583543,3075.974
     -72.38818122,-13.20583543,3075.974
     -72.38818122,-13.20583543,3075.974
     -72.38818122,-13.20583543,3075.974
     -72.38818122,-13.20583543,3075.974
     -72.38818122,-13.20583543,3075.974
     -72.38818122,-13.20583543,3075.974
     -72.38818122,-13.20583543,3075.974
     -72.38818122,-13.20583543,3075.974
     -72.38818122,-13.20583543,3075.974
     -72.38818122,-13.20583543,3075.974
     -72.38818122,-13.20583543,3075.974
     -72.38818122,-13.20583543,3075.974
     -72.38818122,-13.20583543,3075.974
     -72.38818122,-13.20583543,3075.974
     -72.38818122,-13.20583543,3075.974
     -72.38818122,-13.20583543,3075.974
     -72.38818122,-13.20583543,3075.974
     -72.38818122,-13.20583543,3075.974
     -72.38818122,-13.20583543,3075.974
     -72.38818122,-13.20583543,3075.974
     -72.38818122,-13.20583543,3075.974
     -72.38818122,-13.20583543,3075.974
     -72.38818122,-13.20583543,3075.974
     -72.38818122,-13.20583543,3075.974
     -72.38818122,-13.20583543,3075.974
     -72.38818122,-13.20583543,3075.974
     -72.38818122,-13.20583543,3075.974
     -72.38818122,-13.20583543,3075.974
     -72.38818122,-13.20583543,3075.974
     -72.38818122,-13.20583543,3075.974
     -72.38818122,-13.20583543,3075.974
     -72.38818122,-13.20583543,3075.974
     -72.38818122,-13.20583543,3075.974
     -72.38818122,-13.20583543,3075.974
     -72.38818122,-13.20583543,3075.974
     -72.38818122,-13.20583543,3075.974
     -72.38818122,-13.20583543,3075.974
     -72.38818122,-13.20583543,3075.974
     -72.38818122,-13.20583543,3075.974
     -72.38818122,-13.20583543,3075.974
     -72.38818122,-13.20583543,3075.974
     -72.38818122,-13.20583543,3075.974
     -72.38818122,-13.20583543,3075.974
     -72.38818122,-13.20583543,3075.974
     -72.38818122,-13.20583543,3075.974
     -72.38818122,-13.20583543,3075.974
     -72.38818122,-13.20583543,3075.974
     -72.38818122,-13.20583543,3075.974
     -72.38818122,-13.20583543,3075.974
     -72.38818122,-13.20583543,3075.974
     -72.38818122,-13.20583543,3075.974
     -72.38818122,-13.20583543,3075.974
     -72.38818122,-13.20583543,3075.974
     -72.38818122,-13.20583543,3075.974
     -72.38818122,-13.20583543,3075.974
     -72.38818122,-13.20583543,3075.974
     -72.38818122,-13.20583543,3075.974
     -72.38818122,-13.20583543,3075.974
     -72.38818122,-13.20583543,3075.974
     -72.38818122,-13.20583543,3075.974
     -72.38818122,-13.20583543,3075.974
     -72.38818122,-13.20583543,3075.974
     -72.38818122,-13.20583543,3075.974
     -72.38818122,-13.20583543,3075.974
     -72.38818122,-13.20583543,3075.974
     -72.38818122,-13.20583543,3075.974
     -72.38818122,-13.20583543,3075.974
     -72.38818122,-13.20583543,3075.974
     -72.38818122,-13.20583543,3075.974
     -72.38818122,-13.20583543,3075.974
     -72.38818122,-13.20583543,3075.974
     -72.38818122,-13.20583543,3075.974
     -72.38818122,-13.20583543,3075.974
     -72.38818122,-13.20583543,3075.974
     -72.38818122,-13.20583543,3075.974
     -72.38818122,-13.20583543,3075.974
     -72.38818122,-13.20583543,3075.974
     -72.38818122,-13.20583543,3075.974
     -72.38818122,-13.20583543,3075.974
     -72.38818122,-13.20583543,3075.974
     -72.38818122,-13.20583543,3075.974
     -72.38818122,-13.20583543,3075.974
     -72.38818122,-13.20583543,3075.974
     -72.38818122,-13.20583543,3075.974
     -72.38818122,-13.20583543,3075.974
     -72.38818122,-13.20583543,3075.974
     -72.38818122,-13.20583543,3075.974
     -72.38818122,-13.20583543,3075.974
     -72.38818122,-13.20583543,3075.974
     -72.38818122,-13.20583543,3075.974
     -72.38818122,-13.20583543,3075.974
     -72.38818122,-13.20583543,3075.974
     -72.38818122,-13.20583543,3075.974
     -72.38818122,-13.20583543,3075.974
     -72.38818122,-13.20583543,3075.974
     -72.38818122,-13.20583543,3075.974
     -72.38818122,-13.20583543,3075.974
     -72.38818122,-13.20583543,3075.974
     -72.38818122,-13.20583543,3075.974
     -72.38818122,-13.20583543,3075.974
     -72.38818122,-13.20583543,3075.974
     -72.38818122,-13.20583543,3075.974
     -72.38818122,-13.20583543,3075.974
     -72.38818122,-13.20583543,3075.974
     -72.38818122,-13.20583543,3075.974
     -72.38818122,-13.20583543,3075.974
     -72.38818122,-13.20583543,3075.974
     -72.38818122,-13.20583543,3075.974
     -72.38818122,-13.20583543,3075.974
     -72.38818122,-13.20583543,3075.974
     -72.38818122,-13.20583543,3075.974
     -72.38818122,-13.20583543,3075.974
     -72.38818122,-13.20583543,3075.974
     -72.38818122,-13.20583543,3075.974
     -72.38818122,-13.20583543,3075.974
     -72.38818122,-13.20583543,3075.974
     -72.38818122,-13.20583543,3075.974
     -72.38818122,-13.20583543,3075.974
     -72.38818122,-13.20583543,3075.974
     -72.38818122,-13.20583543,3075.974
     -72.38818122,-13.20583543,3075.974
     -72.38818122,-13.20583543,3075.974
     -72.38818122,-13.20583543,3075.974
     -72.38818122,-13.20583543,3075.974
     -72.38818122,-13.20583543,3075.974
     -72.38818122,-13.20583543,3075.974
     -72.38818122,-13.20583543,3075.974
     -72.38818122,-13.20583543,3075.974
     -72.38818122,-13.20583543,3075.974
     -72.38818122,-13.20583543,3075.974
     -72.38818122,-13.20583543,3075.974
     -72.38818122,-13.20583543,3075.974
     -72.38818122,-13.20583543,3075.974
     -72.38818122,-13.20583543,3075.974
     -72.38818122,-13.20583543,3075.974
     -72.38818122,-13.20583543,3075.974
     -72.38818122,-13.20583543,3075.974
     -72.38818122,-13.20583543,3075.974
     -72.38818122,-13.20583543,3075.974
     -72.38818122,-13.20583543,3075.974
     -72.38818122,-13.20583543,3075.974
     -72.38818122,-13.20583543,3075.974
     -72.38818122,-13.20583543,3075.974
     -72.38818122,-13.20583543,3075.974
     -72.38818122,-13.20583543,3075.974
     -72.38818122,-13.20583543,3075.974
     -72.38818122,-13.20583543,3075.974
     -72.38818122,-13.20583543,3075.974
     -72.38818122,-13.20583543,3075.974
     -72.38818122,-13.20583543,3075.974
     -72.38818122,-13.20583543,3075.974
     -72.38818122,-13.20583543,3075.974
     -72.38818122,-13.20583543,3075.974
     -72.38818122,-13.20583543,3075.974
     -72.38818122,-13.20583543,3075.974
     -72.38818122,-13.20583543,3075.974
     -72.38818122,-13.20583543,3075.974
     -72.38818122,-13.20583543,3075.974
     -72.38818122,-13.20583543,3075.974
     -72.38818122,-13.20583543,3075.974
     -72.38818122,-13.20583543,3075.974
     -72.38818122,-13.20583543,3075.974
     -72.38818122,-13.20583543,3075.974
     -72.38818122,-13.20583543,3075.974
     -72.38818122,-13.20583543,3075.974
     -72.38818122,-13.20583543,3075.974
     -72.38818122,-13.20583543,3075.974
     -72.38818122,-13.20583543,3075.974
     -72.38818122,-13.20583543,3075.974
     -72.38818122,-13.20583543,3075.974
     -72.38818122,-13.20583543,3075.974
     -72.38818122,-13.20583543,3075.974
     -72.38818122,-13.20583543,3075.974
     -72.38818122,-13.20583543,3075.974
     -72.38818122,-13.20583543,3075.974
     -72.38818122,-13.20583543,3075.974
     -72.38818122,-13.20583543,3075.974
     -72.38818122,-13.20583543,3075.974
     -72.38818122,-13.20583543,3075.974
     -72.38818122,-13.20583543,3075.974
     -72.38818122,-13.20583543,3075.974
     -72.38818122,-13.20583543,3075.974
     -72.38818122,-13.20583543,3075.974
     -72.38818122,-13.20583543,3075.974
     -72.38818122,-13.20583543,3075.974
     -72.38818122,-13.20583543,3075.974
     -72.38818122,-13.20583543,3075.974
     -72.38818122,-13.20583543,3075.974
     -72.38818122,-13.20583543,3075.974
     -72.38818122,-13.20583543,3075.974
     -72.38818122,-13.20583543,3075.974
     -72.38818122,-13.20583543,3075.974
     -72.38818122,-13.20583543,3075.974
     -72.38818122,-13.20583543,3075.974
     -72.38818122,-13.20583543,3075.974
     -72.38818122,-13.20583543,3075.974
     -72.38818122,-13.20583543,3075.974
     -72.38818122,-13.20583543,3075.974
     -72.38818122,-13.20583543,3075.974
     -72.38818122,-13.20583543,3075.974
     -72.38818122,-13.20583543,3075.974
     -72.38818122,-13.20583543,3075.974
     -72.38818122,-13.20583543,3075.974
     -72.38818122,-13.20583543,3075.974
     -72.38818122,-13.20583543,3075.974
     -72.38818122,-13.20583543,3075.974
     -72.38818122,-13.20583543,3075.974
     -72.38818122,-13.20583543,3075.974
     -72.38818122,-13.20583543,3075.974
     -72.38818122,-13.20583543,3075.974
     -72.38817852,-13.20583598,3075.252
     -72.38817852,-13.20583598,3075.252
     -72.38817852,-13.20583598,3075.252
     -72.38817852,-13.20583598,3075.252
     -72.38817852,-13.20583598,3075.252
     -72.38817852,-13.20583598,3075.252
     -72.38817852,-13.20583598,3075.252
     -72.38817852,-13.20583598,3075.252
     -72.38817852,-13.20583598,3075.252
     -72.38817852,-13.20583598,3075.252
     -72.38817852,-13.20583598,3075.252
     -72.38817852,-13.20583598,3075.252
     -72.38817852,-13.20583598,3075.252
     -72.38817852,-13.20583598,3075.252
     -72.38817852,-13.20583598,3075.252
     -72.38817852,-13.20583598,3075.252
     -72.38817852,-13.20583598,3075.252
     -72.38817852,-13.20583598,3075.252
     -72.38817852,-13.20583598,3075.252
     -72.38817852,-13.20583598,3075.252
     -72.38817852,-13.20583598,3075.252
     -72.38817852,-13.20583598,3075.252
     -72.38817852,-13.20583598,3075.252
     -72.38817852,-13.20583598,3075.252
     -72.38817852,-13.20583598,3075.252
     -72.38817852,-13.20583598,3075.252
     -72.38817852,-13.20583598,3075.252
     -72.38817852,-13.20583598,3075.252
     -72.38817852,-13.20583598,3075.252
     -72.38817852,-13.20583598,3075.252
     -72.38817852,-13.20583598,3075.252
     -72.38817852,-13.20583598,3075.252
     -72.38817852,-13.20583598,3075.252
     -72.38817852,-13.20583598,3075.252
     -72.38817852,-13.20583598,3075.252
     -72.38817852,-13.20583598,3075.252
     -72.38817852,-13.20583598,3075.252
     -72.38817852,-13.20583598,3075.252
     -72.38817852,-13.20583598,3075.252
     -72.38817852,-13.20583598,3075.252
     -72.38817852,-13.20583598,3075.252
     -72.38817852,-13.20583598,3075.252
     -72.38817852,-13.20583598,3075.252
     -72.38817852,-13.20583598,3075.252
     -72.38817852,-13.20583598,3075.252
     -72.38817852,-13.20583598,3075.252
     -72.38817852,-13.20583598,3075.252
     -72.38817852,-13.20583598,3075.252
     -72.38817852,-13.20583598,3075.252
     -72.38817852,-13.20583598,3075.252
     -72.38817852,-13.20583598,3075.252
     -72.38817852,-13.20583598,3075.252
     -72.38817852,-13.20583598,3075.252
     -72.38817852,-13.20583598,3075.252
     -72.38817852,-13.20583598,3075.252
     -72.38817852,-13.20583598,3075.252
     -72.38817852,-13.20583598,3075.252
     -72.38817852,-13.20583598,3075.252
     -72.38817852,-13.20583598,3075.252
     -72.38817852,-13.20583598,3075.252
     -72.38817852,-13.20583598,3075.252
     -72.38817852,-13.20583598,3075.252
     -72.38817852,-13.20583598,3075.252
     -72.38817852,-13.20583598,3075.252
     -72.38817852,-13.20583598,3075.252
     -72.38817852,-13.20583598,3075.252
     -72.38817852,-13.20583598,3075.252
     -72.38817852,-13.20583598,3075.252
     -72.38817852,-13.20583598,3075.252
     -72.38817852,-13.20583598,3075.252
     -72.38817852,-13.20583598,3075.252
     -72.38817852,-13.20583598,3075.252
     -72.38817852,-13.20583598,3075.252
     -72.38817852,-13.20583598,3075.252
     -72.38817852,-13.20583598,3075.252
     -72.38817852,-13.20583598,3075.252
     -72.38817852,-13.20583598,3075.252
     -72.38817852,-13.20583598,3075.252
     -72.38817852,-13.20583598,3075.252
     -72.38817852,-13.20583598,3075.252
     -72.38817852,-13.20583598,3075.252
     -72.38817852,-13.20583598,3075.252
     -72.38817852,-13.20583598,3075.252
     -72.38817852,-13.20583598,3075.252
     -72.38817852,-13.20583598,3075.252
     -72.38817852,-13.20583598,3075.252
     -72.38817852,-13.20583598,3075.252
     -72.38817852,-13.20583598,3075.252
     -72.38817852,-13.20583598,3075.252
     -72.38817852,-13.20583598,3075.252
     -72.38817852,-13.20583598,3075.252
     -72.38817852,-13.20583598,3075.252
     -72.38817852,-13.20583598,3075.252
     -72.38817852,-13.20583598,3075.252
     -72.38817852,-13.20583598,3075.252
     -72.38817852,-13.20583598,3075.252
     -72.38817852,-13.20583598,3075.252
     -72.38817852,-13.20583598,3075.252
     -72.38817852,-13.20583598,3075.252
     -72.38817852,-13.20583598,3075.252
     -72.38817852,-13.20583598,3075.252
     -72.38817852,-13.20583598,3075.252
     -72.38817852,-13.20583598,3075.252
     -72.38817852,-13.20583598,3075.252
     -72.38817852,-13.20583598,3075.252
     -72.38817852,-13.20583598,3075.252
     -72.38817852,-13.20583598,3075.252
     -72.38817852,-13.20583598,3075.252
     -72.38817852,-13.20583598,3075.252
     -72.38817852,-13.20583598,3075.252
     -72.38817852,-13.20583598,3075.252
     -72.38817852,-13.20583598,3075.252
     -72.38817852,-13.20583598,3075.252
     -72.38817852,-13.20583598,3075.252
     -72.38817852,-13.20583598,3075.252
     -72.38817852,-13.20583598,3075.252
     -72.38817852,-13.20583598,3075.252
     -72.38817852,-13.20583598,3075.252
     -72.38817852,-13.20583598,3075.252
     -72.38817852,-13.20583598,3075.252
     -72.38817852,-13.20583598,3075.252
     -72.38817852,-13.20583598,3075.252
     -72.38817852,-13.20583598,3075.252
     -72.38817852,-13.20583598,3075.252
     -72.38817852,-13.20583598,3075.252
     -72.38817852,-13.20583598,3075.252
     -72.38817852,-13.20583598,3075.252
     -72.38817852,-13.20583598,3075.252
     -72.38817852,-13.20583598,3075.252
     -72.38817852,-13.20583598,3075.252
     -72.38817852,-13.20583598,3075.252
     -72.38817852,-13.20583598,3075.252
     -72.38817852,-13.20583598,3075.252
     -72.38817852,-13.20583598,3075.252
     -72.38817852,-13.20583598,3075.252
     -72.38817852,-13.20583598,3075.252
     -72.38817852,-13.20583598,3075.252
     -72.38817852,-13.20583598,3075.252
     -72.38817852,-13.20583598,3075.252
     -72.38817852,-13.20583598,3075.252
     -72.38817852,-13.20583598,3075.252
     -72.38817852,-13.20583598,3075.252
     -72.38817852,-13.20583598,3075.252
     -72.38817852,-13.20583598,3075.252
     -72.38817852,-13.20583598,3075.252
     -72.38817852,-13.20583598,3075.252
     -72.38817852,-13.20583598,3075.252
     -72.38817852,-13.20583598,3075.252
     -72.38817852,-13.20583598,3075.252
     -72.38817852,-13.20583598,3075.252
     -72.38817852,-13.20583598,3075.252
     -72.38817852,-13.20583598,3075.252
     -72.38817852,-13.20583598,3075.252
     -72.38817852,-13.20583598,3075.252
     -72.38817852,-13.20583598,3075.252
     -72.38817852,-13.20583598,3075.252
     -72.38817852,-13.20583598,3075.252
     -72.38817852,-13.20583598,3075.252
     -72.38817852,-13.20583598,3075.252
     -72.38817852,-13.20583598,3075.252
     -72.38817852,-13.20583598,3075.252
     -72.38817852,-13.20583598,3075.252
     -72.38817852,-13.20583598,3075.252
     -72.38817852,-13.20583598,3075.252
     -72.38817852,-13.20583598,3075.252
     -72.38817852,-13.20583598,3075.252
     -72.38817852,-13.20583598,3075.252
     -72.38817852,-13.20583598,3075.252
     -72.38817852,-13.20583598,3075.252
     -72.38817852,-13.20583598,3075.252
     -72.38817852,-13.20583598,3075.252
     -72.38817852,-13.20583598,3075.252
     -72.38817852,-13.20583598,3075.252
     -72.38817852,-13.20583598,3075.252
     -72.38817852,-13.20583598,3075.252
     -72.38817852,-13.20583598,3075.252
     -72.38817852,-13.20583598,3075.252
     -72.38817852,-13.20583598,3075.252
     -72.38817852,-13.20583598,3075.252
     -72.38817852,-13.20583598,3075.252
     -72.38817852,-13.20583598,3075.252
     -72.38817852,-13.20583598,3075.252
     -72.38817852,-13.20583598,3075.252
     -72.38817852,-13.20583598,3075.252
     -72.38817852,-13.20583598,3075.252
     -72.38817852,-13.20583598,3075.252
     -72.38817852,-13.20583598,3075.252
     -72.38817852,-13.20583598,3075.252
     -72.38817852,-13.20583598,3075.252
     -72.38817852,-13.20583598,3075.252
     -72.38817852,-13.20583598,3075.252
     -72.38817852,-13.20583598,3075.252
     -72.38817852,-13.20583598,3075.252
     -72.38817852,-13.20583598,3075.252
     -72.38817852,-13.20583598,3075.252
     -72.38817852,-13.20583598,3075.252
     -72.38817852,-13.20583598,3075.252
     -72.38817852,-13.20583598,3075.252
     -72.38817852,-13.20583598,3075.252
     -72.38817852,-13.20583598,3075.252
     -72.38817852,-13.20583598,3075.252
     -72.38817852,-13.20583598,3075.252
     -72.38817852,-13.20583598,3075.252
     -72.38817852,-13.20583598,3075.252
     -72.38817852,-13.20583598,3075.252
     -72.38817852,-13.20583598,3075.252
     -72.38817852,-13.20583598,3075.252
     -72.38817852,-13.20583598,3075.252
     -72.38817852,-13.20583598,3075.252
     -72.38817852,-13.20583598,3075.252
     -72.38817852,-13.20583598,3075.252
     -72.38817852,-13.20583598,3075.252
     -72.38817852,-13.20583598,3075.252
     -72.38817852,-13.20583598,3075.252
     -72.38817852,-13.20583598,3075.252
     -72.38817852,-13.20583598,3075.252
     -72.38817852,-13.20583598,3075.252
     -72.38817852,-13.20583598,3075.252
     -72.38817852,-13.20583598,3075.252
     -72.38817852,-13.20583598,3075.252
     -72.38817852,-13.20583598,3075.252
     -72.38817852,-13.20583598,3075.252
     -72.38817852,-13.20583598,3075.252
     -72.38817852,-13.20583598,3075.252
     -72.38817852,-13.20583598,3075.252
     -72.38817852,-13.20583598,3075.252
     -72.38817755,-13.20583490,3074.743
     -72.38817818,-13.20583412,3074.565
     -72.38817818,-13.20583412,3074.565
     -72.38817818,-13.20583412,3074.565
     -72.38817818,-13.20583412,3074.565
     -72.38817818,-13.20583412,3074.565
     -72.38817818,-13.20583412,3074.565
     -72.38817818,-13.20583412,3074.565
     -72.38817818,-13.20583412,3074.565
     -72.38817818,-13.20583412,3074.565
     -72.38817818,-13.20583412,3074.565
     -72.38817818,-13.20583412,3074.565
     -72.38817818,-13.20583412,3074.565
     -72.38817818,-13.20583412,3074.565
     -72.38817818,-13.20583412,3074.565
     -72.38817818,-13.20583412,3074.565
     -72.38817818,-13.20583412,3074.565
     -72.38817818,-13.20583412,3074.565
     -72.38817818,-13.20583412,3074.565
     -72.38817818,-13.20583412,3074.565
     -72.38817818,-13.20583412,3074.565
     -72.38817818,-13.20583412,3074.565
     -72.38817818,-13.20583412,3074.565
     -72.38817818,-13.20583412,3074.565
     -72.38817818,-13.20583412,3074.565
     -72.38817818,-13.20583412,3074.565
     -72.38817818,-13.20583412,3074.565
     -72.38817818,-13.20583412,3074.565
     -72.38817818,-13.20583412,3074.565
     -72.38817818,-13.20583412,3074.565
     -72.38817818,-13.20583412,3074.565
     -72.38817818,-13.20583412,3074.565
     -72.38817818,-13.20583412,3074.565
     -72.38817818,-13.20583412,3074.565
     -72.38817818,-13.20583412,3074.565
     -72.38817818,-13.20583412,3074.565
     -72.38817818,-13.20583412,3074.565
     -72.38817818,-13.20583412,3074.565
     -72.38817818,-13.20583412,3074.565
     -72.38817818,-13.20583412,3074.565
     -72.38817818,-13.20583412,3074.565
     -72.38817818,-13.20583412,3074.565
     -72.38817818,-13.20583412,3074.565
     -72.38817818,-13.20583412,3074.565
     -72.38817818,-13.20583412,3074.565
     -72.38817818,-13.20583412,3074.565
     -72.38817818,-13.20583412,3074.565
     -72.38817818,-13.20583412,3074.565
     -72.38817818,-13.20583412,3074.565
     -72.38817818,-13.20583412,3074.565
     -72.38817818,-13.20583412,3074.565
     -72.38817818,-13.20583412,3074.565
     -72.38817818,-13.20583412,3074.565
     -72.38817818,-13.20583412,3074.565
     -72.38817818,-13.20583412,3074.565
     -72.38817818,-13.20583412,3074.565
     -72.38817818,-13.20583412,3074.565
     -72.38817818,-13.20583412,3074.565
     -72.38817818,-13.20583412,3074.565
     -72.38817818,-13.20583412,3074.565
     -72.38817818,-13.20583412,3074.565
     -72.38817818,-13.20583412,3074.565
     -72.38817818,-13.20583412,3074.565
     -72.38817818,-13.20583412,3074.565
     -72.38817818,-13.20583412,3074.565
     -72.38817818,-13.20583412,3074.565
     -72.38817818,-13.20583412,3074.565
     -72.38817818,-13.20583412,3074.565
     -72.38817818,-13.20583412,3074.565
     -72.38817818,-13.20583412,3074.565
     -72.38817818,-13.20583412,3074.565
     -72.38817818,-13.20583412,3074.565
     -72.38817818,-13.20583412,3074.565
     -72.38817818,-13.20583412,3074.565
     -72.38817818,-13.20583412,3074.565
     -72.38817818,-13.20583412,3074.565
     -72.38817818,-13.20583412,3074.565
     -72.38817818,-13.20583412,3074.565
     -72.38817818,-13.20583412,3074.565
     -72.38817818,-13.20583412,3074.565
     -72.38817818,-13.20583412,3074.565
     -72.38817818,-13.20583412,3074.565
     -72.38817818,-13.20583412,3074.565
     -72.38817818,-13.20583412,3074.565
     -72.38817818,-13.20583412,3074.565
     -72.38817818,-13.20583412,3074.565
     -72.38817818,-13.20583412,3074.565
     -72.38817818,-13.20583412,3074.565
     -72.38817818,-13.20583412,3074.565
     -72.38817818,-13.20583412,3074.565
     -72.38817818,-13.20583412,3074.565
     -72.38817818,-13.20583412,3074.565
     -72.38817818,-13.20583412,3074.565
     -72.38817818,-13.20583412,3074.565
     -72.38817818,-13.20583412,3074.565
     -72.38817818,-13.20583412,3074.565
     -72.38817818,-13.20583412,3074.565
     -72.38817818,-13.20583412,3074.565
     -72.38817818,-13.20583412,3074.565
     -72.38817818,-13.20583412,3074.565
     -72.38817818,-13.20583412,3074.565
     -72.38817818,-13.20583412,3074.565
     -72.38817818,-13.20583412,3074.565
     -72.38817818,-13.20583412,3074.565
     -72.38817818,-13.20583412,3074.565
     -72.38817818,-13.20583412,3074.565
     -72.38817818,-13.20583412,3074.565
     -72.38817818,-13.20583412,3074.565
     -72.38817818,-13.20583412,3074.565
     -72.38817818,-13.20583412,3074.565
     -72.38817818,-13.20583412,3074.565
     -72.38817818,-13.20583412,3074.565
     -72.38817818,-13.20583412,3074.565
     -72.38817818,-13.20583412,3074.565
     -72.38817818,-13.20583412,3074.565
     -72.38817818,-13.20583412,3074.565
     -72.38817818,-13.20583412,3074.565
     -72.38817818,-13.20583412,3074.565
     -72.38817818,-13.20583412,3074.565
     -72.38817818,-13.20583412,3074.565
     -72.38817818,-13.20583412,3074.565
     -72.38817818,-13.20583412,3074.565
     -72.38817818,-13.20583412,3074.565
     -72.38817818,-13.20583412,3074.565
     -72.38817818,-13.20583412,3074.565
     -72.38817818,-13.20583412,3074.565
     -72.38817818,-13.20583412,3074.565
     -72.38817818,-13.20583412,3074.565
     -72.38817818,-13.20583412,3074.565
     -72.38817818,-13.20583412,3074.565
     -72.38817818,-13.20583412,3074.565
     -72.38817818,-13.20583412,3074.565
     -72.38817818,-13.20583412,3074.565
     -72.38817818,-13.20583412,3074.565
     -72.38817818,-13.20583412,3074.565
     -72.38817818,-13.20583412,3074.565
     -72.38817818,-13.20583412,3074.565
     -72.38817818,-13.20583412,3074.565
     -72.38817818,-13.20583412,3074.565
     -72.38817818,-13.20583412,3074.565
     -72.38817818,-13.20583412,3074.565
     -72.38817818,-13.20583412,3074.565
     -72.38817818,-13.20583412,3074.565
     -72.38817818,-13.20583412,3074.565
     -72.38817818,-13.20583412,3074.565
     -72.38817818,-13.20583412,3074.565
     -72.38817818,-13.20583412,3074.565
     -72.38817818,-13.20583412,3074.565
     -72.38817818,-13.20583412,3074.565
     -72.38817818,-13.20583412,3074.565
     -72.38817818,-13.20583412,3074.565
     -72.38817818,-13.20583412,3074.565
     -72.38817818,-13.20583412,3074.565
     -72.38817818,-13.20583412,3074.565
     -72.38817818,-13.20583412,3074.565
     -72.38817818,-13.20583412,3074.565
     -72.38817818,-13.20583412,3074.565
     -72.38817818,-13.20583412,3074.565
     -72.38817818,-13.20583412,3074.565
     -72.38817818,-13.20583412,3074.565
     -72.38817818,-13.20583412,3074.565
     -72.38817818,-13.20583412,3074.565
     -72.38817818,-13.20583412,3074.565
     -72.38817818,-13.20583412,3074.565
     -72.38817818,-13.20583412,3074.565
     -72.38817818,-13.20583412,3074.565
     -72.38817818,-13.20583412,3074.565
     -72.38817818,-13.20583412,3074.565
     -72.38817818,-13.20583412,3074.565
     -72.38817818,-13.20583412,3074.565
     -72.38817818,-13.20583412,3074.565
     -72.38817818,-13.20583412,3074.565
     -72.38817818,-13.20583412,3074.565
     -72.38817818,-13.20583412,3074.565
     -72.38817818,-13.20583412,3074.565
     -72.38817818,-13.20583412,3074.565
     -72.38817818,-13.20583412,3074.565
     -72.38817818,-13.20583412,3074.565
     -72.38817818,-13.20583412,3074.565
     -72.38817818,-13.20583412,3074.565
     -72.38817818,-13.20583412,3074.565
     -72.38817818,-13.20583412,3074.565
     -72.38817818,-13.20583412,3074.565
     -72.38817818,-13.20583412,3074.565
     -72.38817818,-13.20583412,3074.565
     -72.38817818,-13.20583412,3074.565
     -72.38817818,-13.20583412,3074.565
     -72.38817818,-13.20583412,3074.565
     -72.38817818,-13.20583412,3074.565
     -72.38817818,-13.20583412,3074.565
     -72.38817818,-13.20583412,3074.565
     -72.38817818,-13.20583412,3074.565
     -72.38817818,-13.20583412,3074.565
     -72.38817818,-13.20583412,3074.565
     -72.38817818,-13.20583412,3074.565
     -72.38817818,-13.20583412,3074.565
     -72.38817818,-13.20583412,3074.565
     -72.38817818,-13.20583412,3074.565
     -72.38817818,-13.20583412,3074.565
     -72.38817818,-13.20583412,3074.565
     -72.38817818,-13.20583412,3074.565
     -72.38817818,-13.20583412,3074.565
     -72.38817818,-13.20583412,3074.565
     -72.38817818,-13.20583412,3074.565
     -72.38817818,-13.20583412,3074.565
     -72.38817818,-13.20583412,3074.565
     -72.38817818,-13.20583412,3074.565
     -72.38817818,-13.20583412,3074.565
     -72.38817818,-13.20583412,3074.565
     -72.38817818,-13.20583412,3074.565
     -72.38817818,-13.20583412,3074.565
     -72.38817818,-13.20583412,3074.565
     -72.38817818,-13.20583412,3074.565
     -72.38817818,-13.20583412,3074.565
     -72.38817818,-13.20583412,3074.565
     -72.38817818,-13.20583412,3074.565
     -72.38817818,-13.20583412,3074.565
     -72.38817818,-13.20583412,3074.565
     -72.38817818,-13.20583412,3074.565
     -72.38817818,-13.20583412,3074.565
     -72.38817818,-13.20583412,3074.565
     -72.38817818,-13.20583412,3074.565
     -72.38817818,-13.20583412,3074.565
     -72.38817818,-13.20583412,3074.565
     -72.38817818,-13.20583412,3074.565
     -72.38817818,-13.20583412,3074.565
     -72.38817818,-13.20583412,3074.565
     -72.38817818,-13.20583412,3074.565
     -72.38817818,-13.20583412,3074.565
     -72.38817818,-13.20583412,3074.565
     -72.38817818,-13.20583412,3074.565
     -72.38817818,-13.20583412,3074.565
     -72.38817818,-13.20583412,3074.565
     -72.38817818,-13.20583412,3074.565
     -72.38817818,-13.20583412,3074.565
     -72.38817818,-13.20583412,3074.565
     -72.38817818,-13.20583412,3074.565
     -72.38817818,-13.20583412,3074.565
     -72.38817818,-13.20583412,3074.565
     -72.38817818,-13.20583412,3074.565
     -72.38817818,-13.20583412,3074.565
     -72.38817818,-13.20583412,3074.565
     -72.38817818,-13.20583412,3074.565
     -72.38817818,-13.20583412,3074.565
     -72.38817818,-13.20583412,3074.565
     -72.38817818,-13.20583412,3074.565
     -72.38817818,-13.20583412,3074.565
     -72.38817818,-13.20583412,3074.565
     -72.38817818,-13.20583412,3074.565
     -72.38817818,-13.20583412,3074.565
     -72.38817818,-13.20583412,3074.565
     -72.38817818,-13.20583412,3074.565
     -72.38817818,-13.20583412,3074.565
     -72.38817818,-13.20583412,3074.565
     -72.38817818,-13.20583412,3074.565
     -72.38817818,-13.20583412,3074.565
     -72.38817818,-13.20583412,3074.565
     -72.38817818,-13.20583412,3074.565
     -72.38817818,-13.20583412,3074.565
     -72.38817818,-13.20583412,3074.565
     -72.38817818,-13.20583412,3074.565
     -72.38817818,-13.20583412,3074.565
     -72.38817818,-13.20583412,3074.565
     -72.38817818,-13.20583412,3074.565
     -72.38817818,-13.20583412,3074.565
     -72.38817818,-13.20583412,3074.565
     -72.38817818,-13.20583412,3074.565
     -72.38817818,-13.20583412,3074.565
     -72.38817818,-13.20583412,3074.565
     -72.38817818,-13.20583412,3074.565
     -72.38817818,-13.20583412,3074.565
     -72.38817818,-13.20583412,3074.565
     -72.38817818,-13.20583412,3074.565
     -72.38817818,-13.20583412,3074.565
     -72.38817818,-13.20583412,3074.565
     -72.38817818,-13.20583412,3074.565
     -72.38817818,-13.20583412,3074.565
     -72.38817818,-13.20583412,3074.565
     -72.38817818,-13.20583412,3074.565
     -72.38817818,-13.20583412,3074.565
     -72.38817818,-13.20583412,3074.565
     -72.38817818,-13.20583412,3074.565
     -72.38817818,-13.20583412,3074.565
     -72.38817818,-13.20583412,3074.565
     -72.38817818,-13.20583412,3074.565
     -72.38817818,-13.20583412,3074.565
     -72.38817818,-13.20583412,3074.565
     -72.38817818,-13.20583412,3074.565
     -72.38817818,-13.20583412,3074.565
     -72.38817818,-13.20583412,3074.565
     -72.38817818,-13.20583412,3074.565
     -72.38817818,-13.20583412,3074.565
     -72.38817818,-13.20583412,3074.565
     -72.38817818,-13.20583412,3074.565
     -72.38817818,-13.20583412,3074.565
     -72.38817818,-13.20583412,3074.565
     -72.38817818,-13.20583412,3074.565
     -72.38817818,-13.20583412,3074.565
     -72.38817818,-13.20583412,3074.565
     -72.38817818,-13.20583412,3074.565
     -72.38817818,-13.20583412,3074.565
     -72.38817818,-13.20583412,3074.565
     -72.38817818,-13.20583412,3074.565
     -72.38817818,-13.20583412,3074.565
     -72.38817818,-13.20583412,3074.565
     -72.38817818,-13.20583412,3074.565
     -72.38817818,-13.20583412,3074.565
     -72.38817818,-13.20583412,3074.565
     -72.38817818,-13.20583412,3074.565
     -72.38817818,-13.20583412,3074.565
     -72.38817818,-13.20583412,3074.565
     -72.38817818,-13.20583412,3074.565
     -72.38817818,-13.20583412,3074.565
     -72.38817818,-13.20583412,3074.565
     -72.38817818,-13.20583412,3074.565
     -72.38817818,-13.20583412,3074.565
     -72.38817818,-13.20583412,3074.565
     -72.38817818,-13.20583412,3074.565
     -72.38817818,-13.20583412,3074.565
     -72.38817818,-13.20583412,3074.565
     -72.38817818,-13.20583412,3074.565
     -72.38817818,-13.20583412,3074.565
     -72.38817818,-13.20583412,3074.565
     -72.38817818,-13.20583412,3074.565
     -72.38817818,-13.20583412,3074.565
     -72.38817818,-13.20583412,3074.565
     -72.38817818,-13.20583412,3074.565
     -72.38817818,-13.20583412,3074.565
     -72.38817818,-13.20583412,3074.565
     -72.38817818,-13.20583412,3074.565
     -72.38817818,-13.20583412,3074.565
     -72.38817818,-13.20583412,3074.565
     -72.38817818,-13.20583412,3074.565
     -72.38817818,-13.20583412,3074.565
     -72.38817818,-13.20583412,3074.565
     -72.38817818,-13.20583412,3074.565
     -72.38817818,-13.20583412,3074.565
     -72.38817818,-13.20583412,3074.565
     -72.38817818,-13.20583412,3074.565
     -72.38817318,-13.20583353,3075.797
     -72.38817318,-13.20583353,3075.798
     -72.38817318,-13.20583353,3075.798
     -72.38817318,-13.20583353,3075.798
     -72.38817318,-13.20583353,3075.798
     -72.38817318,-13.20583353,3075.798
     -72.38817318,-13.20583353,3075.798
     -72.38817318,-13.20583353,3075.798
     -72.38817318,-13.20583353,3075.798
     -72.38817318,-13.20583353,3075.798
     -72.38817318,-13.20583353,3075.798
     -72.38817318,-13.20583353,3075.798
     -72.38817318,-13.20583353,3075.798
     -72.38817318,-13.20583353,3075.798
     -72.38817318,-13.20583353,3075.798
     -72.38817318,-13.20583353,3075.798
     -72.38817318,-13.20583353,3075.798
     -72.38817318,-13.20583353,3075.798
     -72.38817318,-13.20583353,3075.798
     -72.38817318,-13.20583353,3075.798
     -72.38817318,-13.20583353,3075.798
     -72.38817318,-13.20583353,3075.798
     -72.38817318,-13.20583353,3075.798
     -72.38817318,-13.20583353,3075.798
     -72.38817318,-13.20583353,3075.798
     -72.38817318,-13.20583353,3075.798
     -72.38817318,-13.20583353,3075.798
     -72.38817318,-13.20583353,3075.798
     -72.38817318,-13.20583353,3075.798
     -72.38817318,-13.20583353,3075.798
     -72.38817318,-13.20583353,3075.798
     -72.38817318,-13.20583353,3075.798
     -72.38817318,-13.20583353,3075.798
     -72.38817318,-13.20583353,3075.798
     -72.38817318,-13.20583353,3075.798
     -72.38817318,-13.20583353,3075.798
     -72.38817318,-13.20583353,3075.798
     -72.38817318,-13.20583353,3075.798
     -72.38817318,-13.20583353,3075.798
     -72.38817318,-13.20583353,3075.798
     -72.38817318,-13.20583353,3075.798
     -72.38817318,-13.20583353,3075.798
     -72.38817318,-13.20583353,3075.798
     -72.38817318,-13.20583353,3075.798
     -72.38817318,-13.20583353,3075.798
     -72.38817318,-13.20583353,3075.798
     -72.38817318,-13.20583353,3075.798
     -72.38817318,-13.20583353,3075.798
     -72.38817318,-13.20583353,3075.798
     -72.38817318,-13.20583353,3075.798
     -72.38817318,-13.20583353,3075.798
     -72.38817318,-13.20583353,3075.798
     -72.38817318,-13.20583353,3075.798
     -72.38817318,-13.20583353,3075.798
     -72.38817318,-13.20583353,3075.798
     -72.38817318,-13.20583353,3075.798
     -72.38817318,-13.20583353,3075.798
     -72.38817318,-13.20583353,3075.798
     -72.38817318,-13.20583353,3075.798
     -72.38817318,-13.20583353,3075.798
     -72.38817318,-13.20583353,3075.798
     -72.38817318,-13.20583353,3075.798
     -72.38817318,-13.20583353,3075.798
     -72.38817318,-13.20583353,3075.798
     -72.38817318,-13.20583353,3075.798
     -72.38817318,-13.20583353,3075.798
     -72.38817318,-13.20583353,3075.798
     -72.38817318,-13.20583353,3075.798
     -72.38817318,-13.20583353,3075.798
     -72.38817318,-13.20583353,3075.798
     -72.38817318,-13.20583353,3075.798
     -72.38817318,-13.20583353,3075.798
     -72.38817318,-13.20583353,3075.798
     -72.38817318,-13.20583353,3075.798
     -72.38817318,-13.20583353,3075.798
     -72.38817318,-13.20583353,3075.798
     -72.38817318,-13.20583353,3075.798
     -72.38817318,-13.20583353,3075.798
     -72.38817318,-13.20583353,3075.798
     -72.38817318,-13.20583353,3075.798
     -72.38817318,-13.20583353,3075.798
     -72.38817318,-13.20583353,3075.798
     -72.38817318,-13.20583353,3075.798
     -72.38817318,-13.20583353,3075.798
     -72.38817318,-13.20583353,3075.798
     -72.38817318,-13.20583353,3075.798
     -72.38817318,-13.20583353,3075.798
     -72.38817318,-13.20583353,3075.798
     -72.38817318,-13.20583353,3075.798
     -72.38817318,-13.20583353,3075.798
     -72.38817318,-13.20583353,3075.798
     -72.38817318,-13.20583353,3075.798
     -72.38817318,-13.20583353,3075.798
     -72.38817318,-13.20583353,3075.798
     -72.38817318,-13.20583353,3075.798
     -72.38817318,-13.20583353,3075.798
     -72.38817318,-13.20583353,3075.798
     -72.38817318,-13.20583353,3075.798
     -72.38817318,-13.20583353,3075.798
     -72.38817318,-13.20583353,3075.798
     -72.38817318,-13.20583353,3075.798
     -72.38817318,-13.20583353,3075.798
     -72.38817318,-13.20583353,3075.798
     -72.38817318,-13.20583353,3075.798
     -72.38817318,-13.20583353,3075.798
     -72.38817318,-13.20583353,3075.798
     -72.38817318,-13.20583353,3075.798
     -72.38817318,-13.20583353,3075.798
     -72.38817318,-13.20583353,3075.798
     -72.38817318,-13.20583353,3075.798
     -72.38817318,-13.20583353,3075.798
     -72.38817318,-13.20583353,3075.798
     -72.38817318,-13.20583353,3075.798
     -72.38817318,-13.20583353,3075.798
     -72.38817318,-13.20583353,3075.798
     -72.38817318,-13.20583353,3075.798
     -72.38817318,-13.20583353,3075.798
     -72.38817318,-13.20583353,3075.798
     -72.38817318,-13.20583353,3075.798
     -72.38817318,-13.20583353,3075.798
     -72.38817318,-13.20583353,3075.798
     -72.38817318,-13.20583353,3075.798
     -72.38817318,-13.20583353,3075.798
     -72.38817318,-13.20583353,3075.798
     -72.38817318,-13.20583353,3075.798
     -72.38817318,-13.20583353,3075.798
     -72.38817318,-13.20583353,3075.798
     -72.38817318,-13.20583353,3075.798
     -72.38817318,-13.20583353,3075.798
     -72.38817318,-13.20583353,3075.798
     -72.38817318,-13.20583353,3075.798
     -72.38817318,-13.20583353,3075.798
     -72.38817318,-13.20583353,3075.798
     -72.38817318,-13.20583353,3075.798
     -72.38817318,-13.20583353,3075.798
     -72.38817318,-13.20583353,3075.798
     -72.38817318,-13.20583353,3075.798
     -72.38817318,-13.20583353,3075.798
     -72.38817318,-13.20583353,3075.798
     -72.38817318,-13.20583353,3075.798
     -72.38817318,-13.20583353,3075.798
     -72.38817318,-13.20583353,3075.798
     -72.38817318,-13.20583353,3075.798
     -72.38817318,-13.20583353,3075.798
     -72.38817318,-13.20583353,3075.798
     -72.38817318,-13.20583353,3075.798
     -72.38817318,-13.20583353,3075.798
     -72.38817318,-13.20583353,3075.798
     -72.38817318,-13.20583353,3075.798
     -72.38817318,-13.20583353,3075.798
     -72.38817318,-13.20583353,3075.798
     -72.38817318,-13.20583353,3075.798
     -72.38817318,-13.20583353,3075.798
     -72.38817318,-13.20583353,3075.798
     -72.38817318,-13.20583353,3075.798
     -72.38817318,-13.20583353,3075.798
     -72.38817318,-13.20583353,3075.798
     -72.38817318,-13.20583353,3075.798
     -72.38817318,-13.20583353,3075.798
     -72.38817318,-13.20583353,3075.798
     -72.38817318,-13.20583353,3075.798
     -72.38817318,-13.20583353,3075.798
     -72.38817318,-13.20583353,3075.798
     -72.38817318,-13.20583353,3075.798
     -72.38817318,-13.20583353,3075.798
     -72.38817318,-13.20583353,3075.798
     -72.38817318,-13.20583353,3075.798
     -72.38817318,-13.20583353,3075.798
     -72.38817318,-13.20583353,3075.798
     -72.38817318,-13.20583353,3075.798
     -72.38817318,-13.20583353,3075.798
     -72.38817318,-13.20583353,3075.798
     -72.38817318,-13.20583353,3075.798
     -72.38817318,-13.20583353,3075.798
     -72.38817318,-13.20583353,3075.798
     -72.38817318,-13.20583353,3075.798
     -72.38817318,-13.20583353,3075.798
     -72.38817318,-13.20583353,3075.798
     -72.38817318,-13.20583353,3075.798
     -72.38817318,-13.20583353,3075.798
     -72.38817318,-13.20583353,3075.798
     -72.38817318,-13.20583353,3075.798
     -72.38817318,-13.20583353,3075.798
     -72.38817318,-13.20583353,3075.798
     -72.38817318,-13.20583353,3075.798
     -72.38817318,-13.20583353,3075.798
     -72.38817318,-13.20583353,3075.798
     -72.38817318,-13.20583353,3075.798
     -72.38817318,-13.20583353,3075.798
     -72.38817318,-13.20583353,3075.798
     -72.38817318,-13.20583353,3075.798
     -72.38817318,-13.20583353,3075.798
     -72.38817318,-13.20583353,3075.798
     -72.38817318,-13.20583353,3075.798
     -72.38817318,-13.20583353,3075.798
     -72.38817318,-13.20583353,3075.798
     -72.38817318,-13.20583353,3075.798
     -72.38817318,-13.20583353,3075.798
     -72.38817318,-13.20583353,3075.798
     -72.38817318,-13.20583353,3075.798
     -72.38817318,-13.20583353,3075.798
     -72.38817318,-13.20583353,3075.798
     -72.38817318,-13.20583353,3075.798
     -72.38817318,-13.20583353,3075.798
     -72.38817318,-13.20583353,3075.798
     -72.38817318,-13.20583353,3075.798
     -72.38817318,-13.20583353,3075.798
     -72.38817318,-13.20583353,3075.798
     -72.38817318,-13.20583353,3075.798
     -72.38817318,-13.20583353,3075.798
     -72.38817318,-13.20583353,3075.798
     -72.38817318,-13.20583353,3075.798
     -72.38817318,-13.20583353,3075.798
     -72.38817318,-13.20583353,3075.798
     -72.38817318,-13.20583353,3075.798
     -72.38817318,-13.20583353,3075.798
     -72.38817318,-13.20583353,3075.798
     -72.38817318,-13.20583353,3075.798
     -72.38817318,-13.20583353,3075.798
     -72.38817318,-13.20583353,3075.798
     -72.38817318,-13.20583353,3075.798
     -72.38817318,-13.20583353,3075.798
     -72.38817318,-13.20583353,3075.798
     -72.38817318,-13.20583353,3075.798
     -72.38817318,-13.20583353,3075.798
     -72.38817318,-13.20583353,3075.798
     -72.38817318,-13.20583353,3075.798
     -72.38817318,-13.20583353,3075.798
     -72.38817318,-13.20583353,3075.798
     -72.38817318,-13.20583353,3075.798
     -72.38817318,-13.20583353,3075.798
     -72.38817318,-13.20583353,3075.798
     -72.38817318,-13.20583353,3075.798
     -72.38817318,-13.20583353,3075.798
     -72.38817318,-13.20583353,3075.798
     -72.38817318,-13.20583353,3075.798
     -72.38817318,-13.20583353,3075.798
     -72.38817318,-13.20583353,3075.798
     -72.38817318,-13.20583353,3075.798
     -72.38817318,-13.20583353,3075.798
     -72.38817318,-13.20583353,3075.798
     -72.38817318,-13.20583353,3075.798
     -72.38817318,-13.20583353,3075.798
     -72.38817318,-13.20583353,3075.798
     -72.38817318,-13.20583353,3075.798
     -72.38817318,-13.20583353,3075.798
     -72.38817318,-13.20583353,3075.798
     -72.38817318,-13.20583353,3075.798
     -72.38817318,-13.20583353,3075.798
     -72.38817318,-13.20583353,3075.798
     -72.38817318,-13.20583353,3075.798
     -72.38817318,-13.20583353,3075.798
     -72.38817318,-13.20583353,3075.798
     -72.38817318,-13.20583353,3075.798
     -72.38817318,-13.20583353,3075.798
     -72.38817318,-13.20583353,3075.798
     -72.38817318,-13.20583353,3075.798
     -72.38817318,-13.20583353,3075.798
     -72.38817318,-13.20583353,3075.798
     -72.38817318,-13.20583353,3075.798
     -72.38817318,-13.20583353,3075.798
     -72.38817318,-13.20583353,3075.798
     -72.38817318,-13.20583353,3075.798
     -72.38817318,-13.20583353,3075.798
     -72.38817318,-13.20583353,3075.798
     -72.38817318,-13.20583353,3075.798
     -72.38817318,-13.20583353,3075.798
     -72.38817318,-13.20583353,3075.798
     -72.38817318,-13.20583353,3075.798
     -72.38817318,-13.20583353,3075.798
     -72.38817318,-13.20583353,3075.798
     -72.38817318,-13.20583353,3075.798
     -72.38817318,-13.20583353,3075.798
     -72.38817318,-13.20583353,3075.798
     -72.38817318,-13.20583353,3075.798
     -72.38817318,-13.20583353,3075.798
     -72.38817318,-13.20583353,3075.798
     -72.38817318,-13.20583353,3075.798
     -72.38817318,-13.20583353,3075.798
     -72.38817318,-13.20583353,3075.798
     -72.38817318,-13.20583353,3075.798
     -72.38817318,-13.20583353,3075.798
     -72.38817318,-13.20583353,3075.798
     -72.38817318,-13.20583353,3075.798
     -72.38817318,-13.20583353,3075.798
     -72.38817318,-13.20583353,3075.798
     -72.38817318,-13.20583353,3075.798
     -72.38817318,-13.20583353,3075.798
     -72.38817318,-13.20583353,3075.798
     -72.38817318,-13.20583353,3075.798
     -72.38817318,-13.20583353,3075.798
     -72.38817318,-13.20583353,3075.798
     -72.38817318,-13.20583353,3075.798
     -72.38817318,-13.20583353,3075.798
     -72.38817318,-13.20583353,3075.798
     -72.38817318,-13.20583353,3075.798
     -72.38817318,-13.20583353,3075.798
     -72.38817318,-13.20583353,3075.798
     -72.38817318,-13.20583353,3075.798
     -72.38817318,-13.20583353,3075.798
     -72.38817318,-13.20583353,3075.798
     -72.38817318,-13.20583353,3075.798
     -72.38817318,-13.20583353,3075.798
     -72.38817318,-13.20583353,3075.798
     -72.38817318,-13.20583353,3075.798
     -72.38817318,-13.20583353,3075.798
     -72.38817318,-13.20583353,3075.798
     -72.38817318,-13.20583353,3075.798
     -72.38817318,-13.20583353,3075.798
     -72.38817318,-13.20583353,3075.798
     -72.38817318,-13.20583353,3075.798
     -72.38817318,-13.20583353,3075.798
     -72.38817318,-13.20583353,3075.798
     -72.38817318,-13.20583353,3075.798
     -72.38817318,-13.20583353,3075.798
     -72.38817318,-13.20583353,3075.798
     -72.38817318,-13.20583353,3075.798
     -72.38817318,-13.20583353,3075.798
     -72.38817318,-13.20583353,3075.798
     -72.38817318,-13.20583353,3075.798
     -72.38817318,-13.20583353,3075.798
     -72.38817318,-13.20583353,3075.798
     -72.38817318,-13.20583353,3075.798
     -72.38817318,-13.20583353,3075.798
     -72.38817318,-13.20583353,3075.798
     -72.38817318,-13.20583353,3075.798
     -72.38817318,-13.20583353,3075.798
     -72.38817318,-13.20583353,3075.798
     -72.38817318,-13.20583353,3075.798
     -72.38817318,-13.20583353,3075.798
     -72.38817318,-13.20583353,3075.798
     -72.38817318,-13.20583353,3075.798
     -72.38817318,-13.20583353,3075.798
     -72.38817318,-13.20583353,3075.798
     -72.38817318,-13.20583353,3075.798
     -72.38817318,-13.20583353,3075.798
     -72.38817318,-13.20583353,3075.798
     -72.38817318,-13.20583353,3075.798
     -72.38817318,-13.20583353,3075.798
     -72.38817318,-13.20583353,3075.798
     -72.38817318,-13.20583353,3075.798
     -72.38817318,-13.20583353,3075.798
     -72.38817318,-13.20583353,3075.798
     -72.38817318,-13.20583353,3075.798
     -72.38817318,-13.20583353,3075.798
     -72.38817318,-13.20583353,3075.798
     -72.38817318,-13.20583353,3075.798
     -72.38817318,-13.20583353,3075.798
     -72.38817318,-13.20583353,3075.798
     -72.38817318,-13.20583353,3075.798
     -72.38817318,-13.20583353,3075.798
     -72.38817318,-13.20583353,3075.798
     -72.38817318,-13.20583353,3075.798
     -72.38817318,-13.20583353,3075.798
     -72.38817318,-13.20583353,3075.798
     -72.38817318,-13.20583353,3075.798
     -72.38817318,-13.20583353,3075.798
     -72.38817318,-13.20583353,3075.798
     -72.38817318,-13.20583353,3075.798
     -72.38817318,-13.20583353,3075.798
     -72.38817318,-13.20583353,3075.798
     -72.38817318,-13.20583353,3075.798
     -72.38817318,-13.20583353,3075.798
     -72.38817318,-13.20583353,3075.798
     -72.38817318,-13.20583353,3075.798
     -72.38817318,-13.20583353,3075.798
     -72.38817318,-13.20583353,3075.798
     -72.38817318,-13.20583353,3075.798
     -72.38817318,-13.20583353,3075.798
     -72.38817318,-13.20583353,3075.798
     -72.38817318,-13.20583353,3075.798
     -72.38817318,-13.20583353,3075.798
     -72.38817318,-13.20583353,3075.798
     -72.38817318,-13.20583353,3075.798
     -72.38817318,-13.20583353,3075.798
     -72.38817318,-13.20583353,3075.798
     -72.38817318,-13.20583353,3075.798
     -72.38817318,-13.20583353,3075.798
     -72.38817318,-13.20583353,3075.798
     -72.38817318,-13.20583353,3075.798
     -72.38817318,-13.20583353,3075.798
     -72.38817318,-13.20583353,3075.798
     -72.38817318,-13.20583353,3075.798
     -72.38817318,-13.20583353,3075.798
     -72.38817318,-13.20583353,3075.798
     -72.38817318,-13.20583353,3075.798
     -72.38817318,-13.20583353,3075.798
     -72.38817318,-13.20583353,3075.798
     -72.38817318,-13.20583353,3075.798
     -72.38817318,-13.20583353,3075.798
     -72.38817318,-13.20583353,3075.798
     -72.38817318,-13.20583353,3075.798
     -72.38817318,-13.20583353,3075.798
     -72.38817318,-13.20583353,3075.798
     -72.38817318,-13.20583353,3075.798
     -72.38817318,-13.20583353,3075.798
     -72.38817318,-13.20583353,3075.798
     -72.38817318,-13.20583353,3075.798
     -72.38817318,-13.20583353,3075.798
     -72.38817318,-13.20583353,3075.798
     -72.38817318,-13.20583353,3075.798
     -72.38817318,-13.20583353,3075.798
     -72.38817318,-13.20583353,3075.798
     -72.38817318,-13.20583353,3075.798
     -72.38817318,-13.20583353,3075.798
     -72.38817318,-13.20583353,3075.798
     -72.38817318,-13.20583353,3075.798
     -72.38817318,-13.20583353,3075.798
     -72.38817318,-13.20583353,3075.798
     -72.38817318,-13.20583353,3075.798
     -72.38817318,-13.20583353,3075.798
     -72.38817318,-13.20583353,3075.798
     -72.38817318,-13.20583353,3075.798
     -72.38817318,-13.20583353,3075.798
     -72.38817318,-13.20583353,3075.798
     -72.38817318,-13.20583353,3075.798
     -72.38817318,-13.20583353,3075.798
     -72.38817318,-13.20583353,3075.798
     -72.38817318,-13.20583353,3075.798
     -72.38817318,-13.20583353,3075.798
     -72.38817318,-13.20583353,3075.798
     -72.38817318,-13.20583353,3075.798
     -72.38817318,-13.20583353,3075.798
     -72.38817318,-13.20583353,3075.798
     -72.38817318,-13.20583353,3075.798
     -72.38817318,-13.20583353,3075.798
     -72.38817318,-13.20583353,3075.798
     -72.38817318,-13.20583353,3075.798
     -72.38817318,-13.20583353,3075.798
     -72.38817318,-13.20583353,3075.798
     -72.38817318,-13.20583353,3075.798
     -72.38817318,-13.20583353,3075.798
     -72.38817318,-13.20583353,3075.798
     -72.38817318,-13.20583353,3075.798
     -72.38817318,-13.20583353,3075.798
     -72.38817318,-13.20583353,3075.798
     -72.38817318,-13.20583353,3075.798
     -72.38817318,-13.20583353,3075.798
     -72.38817318,-13.20583353,3075.798
     -72.38817318,-13.20583353,3075.798
     -72.38817318,-13.20583353,3075.798
     -72.38817318,-13.20583353,3075.798
     -72.38817318,-13.20583353,3075.798
     -72.38817318,-13.20583353,3075.798
     -72.38817318,-13.20583353,3075.798
     -72.38817318,-13.20583353,3075.798
     -72.38817318,-13.20583353,3075.798
     -72.38817318,-13.20583353,3075.798
     -72.38817318,-13.20583353,3075.798
     -72.38817318,-13.20583353,3075.798
     -72.38817318,-13.20583353,3075.798
     -72.38817318,-13.20583353,3075.798
     -72.38817318,-13.20583353,3075.798
     -72.38817318,-13.20583353,3075.798
     -72.38817318,-13.20583353,3075.798
     -72.38817318,-13.20583353,3075.798
     -72.38817318,-13.20583353,3075.798
     -72.38817318,-13.20583353,3075.798
     -72.38817318,-13.20583353,3075.798
     -72.38817318,-13.20583353,3075.798
     -72.38817318,-13.20583353,3075.798
     -72.38817318,-13.20583353,3075.798
     -72.38817318,-13.20583353,3075.798
     -72.38817318,-13.20583353,3075.798
     -72.38817318,-13.20583353,3075.798
     -72.38817318,-13.20583353,3075.798
     -72.38817318,-13.20583353,3075.798
     -72.38817318,-13.20583353,3075.798
     -72.38817318,-13.20583353,3075.798
     -72.38817318,-13.20583353,3075.798
     -72.38817318,-13.20583353,3075.798
     -72.38817318,-13.20583353,3075.798
     -72.38817318,-13.20583353,3075.798
     -72.38817318,-13.20583353,3075.798
     -72.38817318,-13.20583353,3075.798
     -72.38817318,-13.20583353,3075.798
     -72.38817318,-13.20583353,3075.798
     -72.38817318,-13.20583353,3075.798
     -72.38817318,-13.20583353,3075.798
     -72.38817318,-13.20583353,3075.798
     -72.38817318,-13.20583353,3075.798
     -72.38817318,-13.20583353,3075.798
     -72.38817318,-13.20583353,3075.798
     -72.38817318,-13.20583353,3075.798
     -72.38817318,-13.20583353,3075.798
     -72.38817318,-13.20583353,3075.798
     -72.38817318,-13.20583353,3075.798
     -72.38817318,-13.20583353,3075.798
     -72.38817318,-13.20583353,3075.798
     -72.38817318,-13.20583353,3075.798
     -72.38817318,-13.20583353,3075.798
     -72.38817318,-13.20583353,3075.798
     -72.38817318,-13.20583353,3075.798
     -72.38817318,-13.20583353,3075.798
     -72.38817318,-13.20583353,3075.798
     -72.38817318,-13.20583353,3075.798
     -72.38817318,-13.20583353,3075.798
     -72.38817318,-13.20583353,3075.798
     -72.38817318,-13.20583353,3075.798
     -72.38817318,-13.20583353,3075.798
     -72.38817318,-13.20583353,3075.798
     -72.38817318,-13.20583353,3075.798
     -72.38817318,-13.20583353,3075.798
     -72.38817318,-13.20583353,3075.798
     -72.38817318,-13.20583353,3075.798
     -72.38817318,-13.20583353,3075.798
     -72.38817318,-13.20583353,3075.798
     -72.38817318,-13.20583353,3075.798
     -72.38817318,-13.20583353,3075.798
     -72.38817318,-13.20583353,3075.798
     -72.38817318,-13.20583353,3075.798
     -72.38817318,-13.20583353,3075.798
     -72.38817318,-13.20583353,3075.798
     -72.38817318,-13.20583353,3075.798
     -72.38817318,-13.20583353,3075.798
     -72.38817318,-13.20583353,3075.798
     -72.38817318,-13.20583353,3075.798
     -72.38817318,-13.20583353,3075.798
     -72.38817318,-13.20583353,3075.798
     -72.38817318,-13.20583353,3075.798
     -72.38817318,-13.20583353,3075.798
     -72.38817318,-13.20583353,3075.798
     -72.38817318,-13.20583353,3075.798
     -72.38817318,-13.20583353,3075.798
     -72.38817318,-13.20583353,3075.798
     -72.38817318,-13.20583353,3075.798
     -72.38817318,-13.20583353,3075.798
     -72.38817318,-13.20583353,3075.798
     -72.38817318,-13.20583353,3075.798
     -72.38817318,-13.20583353,3075.798
     -72.38817318,-13.20583353,3075.798
     -72.38817318,-13.20583353,3075.798
     -72.38817318,-13.20583353,3075.798
     -72.38817318,-13.20583353,3075.798
     -72.38817318,-13.20583353,3075.798
     -72.38817318,-13.20583353,3075.798
     -72.38817318,-13.20583353,3075.798
     -72.38817318,-13.20583353,3075.798
     -72.38817318,-13.20583353,3075.798
     -72.38817318,-13.20583353,3075.798
     -72.38817318,-13.20583353,3075.798
     -72.38817318,-13.20583353,3075.798
     -72.38817318,-13.20583353,3075.798
     -72.38817318,-13.20583353,3075.798
     -72.38817318,-13.20583353,3075.798
     -72.38817318,-13.20583353,3075.798
     -72.38817318,-13.20583353,3075.798
     -72.38817318,-13.20583353,3075.798
     -72.38817318,-13.20583353,3075.798
     -72.38817318,-13.20583353,3075.798
     -72.38817318,-13.20583353,3075.798
     -72.38817318,-13.20583353,3075.798
     -72.38817318,-13.20583353,3075.798
     -72.38817318,-13.20583353,3075.798
     -72.38817318,-13.20583353,3075.798
     -72.38817318,-13.20583353,3075.798
     -72.38817318,-13.20583353,3075.798
     -72.38817318,-13.20583353,3075.798
     -72.38817318,-13.20583353,3075.798
     -72.38817318,-13.20583353,3075.798
     -72.38817318,-13.20583353,3075.798
     -72.38817318,-13.20583353,3075.798
     -72.38817318,-13.20583353,3075.798
     -72.38817318,-13.20583353,3075.798
     -72.38817318,-13.20583353,3075.798
     -72.38817318,-13.20583353,3075.798
     -72.38817318,-13.20583353,3075.798
     -72.38817318,-13.20583353,3075.798
     -72.38817318,-13.20583353,3075.798
     -72.38817318,-13.20583353,3075.798
     -72.38817318,-13.20583353,3075.798
     -72.38817318,-13.20583353,3075.798
     -72.38817318,-13.20583353,3075.798
     -72.38817318,-13.20583353,3075.798
     -72.38817318,-13.20583353,3075.798
     -72.38817318,-13.20583353,3075.798
     -72.38817318,-13.20583353,3075.798
     -72.38817318,-13.20583353,3075.798
     -72.38817318,-13.20583353,3075.798
     -72.38817318,-13.20583353,3075.798
     -72.38817318,-13.20583353,3075.798
     -72.38817318,-13.20583353,3075.798
     -72.38817318,-13.20583353,3075.798
     -72.38817318,-13.20583353,3075.798
     -72.38817318,-13.20583353,3075.798
     -72.38817318,-13.20583353,3075.798
     -72.38817318,-13.20583353,3075.798
     -72.38817318,-13.20583353,3075.798
     -72.38817318,-13.20583353,3075.798
     -72.38817318,-13.20583353,3075.798
     -72.38817318,-13.20583353,3075.798
     -72.38817318,-13.20583353,3075.798
     -72.38817318,-13.20583353,3075.798
     -72.38817318,-13.20583353,3075.798
     -72.38817318,-13.20583353,3075.798
     -72.38817318,-13.20583353,3075.798
     -72.38817318,-13.20583353,3075.798
     -72.38817318,-13.20583353,3075.798
     -72.38817318,-13.20583353,3075.798
     -72.38817318,-13.20583353,3075.798
     -72.38817318,-13.20583353,3075.798
     -72.38817318,-13.20583353,3075.798
     -72.38817318,-13.20583353,3075.798
     -72.38817318,-13.20583353,3075.798
     -72.38817318,-13.20583353,3075.798
     -72.38817318,-13.20583353,3075.798
     -72.38817318,-13.20583353,3075.798
     -72.38817318,-13.20583353,3075.798
     -72.38817318,-13.20583353,3075.798
     -72.38817318,-13.20583353,3075.798
     -72.38817318,-13.20583353,3075.798
     -72.38817318,-13.20583353,3075.798
     -72.38817318,-13.20583353,3075.798
     -72.38817318,-13.20583353,3075.798
     -72.38817318,-13.20583353,3075.798
     -72.38817318,-13.20583353,3075.798
     -72.38817318,-13.20583353,3075.798
     -72.38817318,-13.20583353,3075.798
     -72.38817318,-13.20583353,3075.798
     -72.38817318,-13.20583353,3075.798
     -72.38817318,-13.20583353,3075.798
     -72.38817318,-13.20583353,3075.798
     -72.38817318,-13.20583353,3075.798
     -72.38817318,-13.20583353,3075.798
     -72.38817318,-13.20583353,3075.798
     -72.38817318,-13.20583353,3075.798
     -72.38817318,-13.20583353,3075.798
     -72.38817318,-13.20583353,3075.798
     -72.38817318,-13.20583353,3075.798
     -72.38817318,-13.20583353,3075.798
     -72.38817318,-13.20583353,3075.798
     -72.38817318,-13.20583353,3075.798
     -72.38817318,-13.20583353,3075.798
     -72.38817318,-13.20583353,3075.798
     -72.38817318,-13.20583353,3075.798
     -72.38817318,-13.20583353,3075.798
     -72.38817318,-13.20583353,3075.798
     -72.38817318,-13.20583353,3075.798
     -72.38817318,-13.20583353,3075.798
     -72.38817318,-13.20583353,3075.798
     -72.38817318,-13.20583353,3075.798
     -72.38817318,-13.20583353,3075.798
     -72.38817318,-13.20583353,3075.798
     -72.38817318,-13.20583353,3075.798
     -72.38817318,-13.20583353,3075.798
     -72.38817318,-13.20583353,3075.798
     -72.38817318,-13.20583353,3075.798
     -72.38817318,-13.20583353,3075.798
     -72.38817318,-13.20583353,3075.798
     -72.38817318,-13.20583353,3075.798
     -72.38817318,-13.20583353,3075.798
     -72.38817318,-13.20583353,3075.798
     -72.38817318,-13.20583353,3075.798
     -72.38817318,-13.20583353,3075.798
     -72.38817318,-13.20583353,3075.798
     -72.38817318,-13.20583353,3075.798
     -72.38817318,-13.20583353,3075.798
     -72.38817318,-13.20583353,3075.798
     -72.38817318,-13.20583353,3075.798
     -72.38817318,-13.20583353,3075.798
     -72.38817318,-13.20583353,3075.798
     -72.38817318,-13.20583353,3075.798
     -72.38817318,-13.20583353,3075.798
     -72.38817318,-13.20583353,3075.798
     -72.38817318,-13.20583353,3075.798
     -72.38817318,-13.20583353,3075.798
     -72.38817318,-13.20583353,3075.798
     -72.38817318,-13.20583353,3075.798
     -72.38817318,-13.20583353,3075.798
     -72.38817318,-13.20583353,3075.798
     -72.38817318,-13.20583353,3075.798
     -72.38817318,-13.20583353,3075.798
     -72.38817318,-13.20583353,3075.798
     -72.38817318,-13.20583353,3075.798
     -72.38817318,-13.20583353,3075.798
     -72.38817318,-13.20583353,3075.798
     -72.38817318,-13.20583353,3075.798
     -72.38817318,-13.20583353,3075.798
     -72.38817318,-13.20583353,3075.798
     -72.38817318,-13.20583353,3075.798
     -72.38817318,-13.20583353,3075.798
     -72.38817318,-13.20583353,3075.798
     -72.38817318,-13.20583353,3075.798
     -72.38817318,-13.20583353,3075.798
     -72.38817318,-13.20583353,3075.798
     -72.38817318,-13.20583353,3075.798
     -72.38817318,-13.20583353,3075.798
     -72.38817318,-13.20583353,3075.798
     -72.38817318,-13.20583353,3075.798
     -72.38817318,-13.20583353,3075.798
     -72.38817318,-13.20583353,3075.798
     -72.38817318,-13.20583353,3075.798
     -72.38817318,-13.20583353,3075.798
     -72.38817318,-13.20583353,3075.798
     -72.38817318,-13.20583353,3075.798
     -72.38817318,-13.20583353,3075.798
     -72.38817318,-13.20583353,3075.798
     -72.38817318,-13.20583353,3075.798
     -72.38817318,-13.20583353,3075.798
     -72.38817318,-13.20583353,3075.798
     -72.38817318,-13.20583353,3075.798
     -72.38817318,-13.20583353,3075.798
     -72.38817318,-13.20583353,3075.798
     -72.38817318,-13.20583353,3075.798
     -72.38817318,-13.20583353,3075.798
     -72.38817318,-13.20583353,3075.798
     -72.38817318,-13.20583353,3075.798
     -72.38817318,-13.20583353,3075.798
     -72.38817318,-13.20583353,3075.798
     -72.38817318,-13.20583353,3075.798
     -72.38817318,-13.20583353,3075.798
     -72.38817318,-13.20583353,3075.798
     -72.38817318,-13.20583353,3075.798
     -72.38817318,-13.20583353,3075.798
     -72.38817318,-13.20583353,3075.798
     -72.38817318,-13.20583353,3075.798
     -72.38817318,-13.20583353,3075.798
     -72.38817318,-13.20583353,3075.798
     -72.38817318,-13.20583353,3075.798
     -72.38817318,-13.20583353,3075.798
     -72.38817318,-13.20583353,3075.798
     -72.38817318,-13.20583353,3075.798
     -72.38817318,-13.20583353,3075.798
     -72.38817318,-13.20583353,3075.798
     -72.38817318,-13.20583353,3075.798
     -72.38817318,-13.20583353,3075.798
     -72.38817318,-13.20583353,3075.798
     -72.38817318,-13.20583353,3075.798
     -72.38817318,-13.20583353,3075.798
     -72.38817318,-13.20583353,3075.798
     -72.38817318,-13.20583353,3075.798
     -72.38817318,-13.20583353,3075.798
     -72.38817318,-13.20583353,3075.798
     -72.38817318,-13.20583353,3075.798
     -72.38817318,-13.20583353,3075.798
     -72.38817318,-13.20583353,3075.798
     -72.38817318,-13.20583353,3075.798
     -72.38817318,-13.20583353,3075.798
     -72.38817318,-13.20583353,3075.798
     -72.38817318,-13.20583353,3075.798
     -72.38817318,-13.20583353,3075.798
     -72.38817318,-13.20583353,3075.798
     -72.38817318,-13.20583353,3075.798
     -72.38817318,-13.20583353,3075.798
     -72.38817318,-13.20583353,3075.798
     -72.38817318,-13.20583353,3075.798
     -72.38817318,-13.20583353,3075.798
     -72.38817318,-13.20583353,3075.798
     -72.38817318,-13.20583353,3075.798
     -72.38817318,-13.20583353,3075.798
     -72.38817318,-13.20583353,3075.798
     -72.38817318,-13.20583353,3075.798
     -72.38817318,-13.20583353,3075.798
     -72.38817318,-13.20583353,3075.798
     -72.38817318,-13.20583353,3075.798
     -72.38817318,-13.20583353,3075.798
     -72.38817318,-13.20583353,3075.798
     -72.38817318,-13.20583353,3075.798
     -72.38817318,-13.20583353,3075.798
     -72.38817318,-13.20583353,3075.798
     -72.38817318,-13.20583353,3075.798
     -72.38817318,-13.20583353,3075.798
     -72.38817318,-13.20583353,3075.798
     -72.38817318,-13.20583353,3075.798
     -72.38817318,-13.20583353,3075.798
     -72.38817318,-13.20583353,3075.798
     -72.38817318,-13.20583353,3075.798
     -72.38817318,-13.20583353,3075.798
     -72.38817318,-13.20583353,3075.798
     -72.38817318,-13.20583353,3075.798
     -72.38817318,-13.20583353,3075.798
     -72.38817318,-13.20583353,3075.798
     -72.38817318,-13.20583353,3075.798
     -72.38817318,-13.20583353,3075.798
     -72.38817318,-13.20583353,3075.798
     -72.38817318,-13.20583353,3075.798
     -72.38817318,-13.20583353,3075.798
     -72.38817318,-13.20583353,3075.798
     -72.38817318,-13.20583353,3075.798
     -72.38817318,-13.20583353,3075.798
     -72.38817318,-13.20583353,3075.798
     -72.38817318,-13.20583353,3075.798
     -72.38817318,-13.20583353,3075.798
     -72.38817318,-13.20583353,3075.798
     -72.38817318,-13.20583353,3075.798
     -72.38817318,-13.20583353,3075.798
     -72.38817318,-13.20583353,3075.798
     -72.38817318,-13.20583353,3075.798
     -72.38817318,-13.20583353,3075.798
     -72.38817318,-13.20583353,3075.798
     -72.38817318,-13.20583353,3075.798
     -72.38817318,-13.20583353,3075.798
     -72.38817318,-13.20583353,3075.798
     -72.38817318,-13.20583353,3075.798
     -72.38817318,-13.20583353,3075.798
     -72.38817318,-13.20583353,3075.798
     -72.38817318,-13.20583353,3075.798
     -72.38817318,-13.20583353,3075.798
     -72.38817318,-13.20583353,3075.798
     -72.38817318,-13.20583353,3075.798
     -72.38817318,-13.20583353,3075.798
     -72.38817318,-13.20583353,3075.798
     -72.38817318,-13.20583353,3075.798
     -72.38817318,-13.20583353,3075.798
     -72.38817318,-13.20583353,3075.798
     -72.38817318,-13.20583353,3075.798
     -72.38817318,-13.20583353,3075.798
     -72.38817318,-13.20583353,3075.798
     -72.38817318,-13.20583353,3075.798
     -72.38817318,-13.20583353,3075.798
     -72.38817318,-13.20583353,3075.798
     -72.38817318,-13.20583353,3075.798
     -72.38817318,-13.20583353,3075.798
     -72.38817318,-13.20583353,3075.798
     -72.38817318,-13.20583353,3075.798
     -72.38817318,-13.20583353,3075.798
     -72.38817318,-13.20583353,3075.798
     -72.38817318,-13.20583353,3075.798
     -72.38817318,-13.20583353,3075.798
     -72.38817318,-13.20583353,3075.798
     -72.38817318,-13.20583353,3075.798
     -72.38817318,-13.20583353,3075.798
     -72.38817318,-13.20583353,3075.798
     -72.38817318,-13.20583353,3075.798
     -72.38817318,-13.20583353,3075.798
     -72.38817318,-13.20583353,3075.798
     -72.38817318,-13.20583353,3075.798
     -72.38817318,-13.20583353,3075.798
     -72.38817318,-13.20583353,3075.798
     -72.38817318,-13.20583353,3075.798
     -72.38817318,-13.20583353,3075.798
     -72.38817318,-13.20583353,3075.798
     -72.38817318,-13.20583353,3075.798
     -72.38817318,-13.20583353,3075.798
     -72.38817318,-13.20583353,3075.798
     -72.38817318,-13.20583353,3075.798
     -72.38817318,-13.20583353,3075.798
     -72.38817318,-13.20583353,3075.798
     -72.38817318,-13.20583353,3075.798
     -72.38817318,-13.20583353,3075.798
     -72.38817318,-13.20583353,3075.798
     -72.38817318,-13.20583353,3075.798
     -72.38817318,-13.20583353,3075.798
     -72.38817318,-13.20583353,3075.798
     -72.38817318,-13.20583353,3075.798
     -72.38817318,-13.20583353,3075.798
     -72.38817318,-13.20583353,3075.798
     -72.38817318,-13.20583353,3075.798
     -72.38817318,-13.20583353,3075.798
     -72.38817318,-13.20583353,3075.798
     -72.38817318,-13.20583353,3075.798
     -72.38817318,-13.20583353,3075.798
     -72.38817318,-13.20583353,3075.798
     -72.38817318,-13.20583353,3075.798
     -72.38817318,-13.20583353,3075.798
     -72.38817318,-13.20583353,3075.798
     -72.38817318,-13.20583353,3075.798
     -72.38817318,-13.20583353,3075.798
     -72.38817318,-13.20583353,3075.798
     -72.38817318,-13.20583353,3075.798
     -72.38817318,-13.20583353,3075.798
     -72.38817318,-13.20583353,3075.798
     -72.38817318,-13.20583353,3075.798
     -72.38817318,-13.20583353,3075.798
     -72.38817318,-13.20583353,3075.798
     -72.38817318,-13.20583353,3075.798
     -72.38817318,-13.20583353,3075.798
     -72.38817318,-13.20583353,3075.798
     -72.38817318,-13.20583353,3075.798
     -72.38817318,-13.20583353,3075.798
     -72.38817318,-13.20583353,3075.798
     -72.38817318,-13.20583353,3075.798
     -72.38817318,-13.20583353,3075.798
     -72.38817318,-13.20583353,3075.798
     -72.38817318,-13.20583353,3075.798
     -72.38817318,-13.20583353,3075.798
     -72.38817318,-13.20583353,3075.798
     -72.38817318,-13.20583353,3075.798
     -72.38817318,-13.20583353,3075.798
     -72.38817318,-13.20583353,3075.798
     -72.38817318,-13.20583353,3075.798
     -72.38817318,-13.20583353,3075.798
     -72.38817318,-13.20583353,3075.798
     -72.38817318,-13.20583353,3075.798
     -72.38817318,-13.20583353,3075.798
     -72.38817318,-13.20583353,3075.798
     -72.38817318,-13.20583353,3075.798
     -72.38817318,-13.20583353,3075.798
     -72.38817318,-13.20583353,3075.798
     -72.38817318,-13.20583353,3075.798
     -72.38817318,-13.20583353,3075.798
     -72.38817318,-13.20583353,3075.798
     -72.38817318,-13.20583353,3075.798
     -72.38817318,-13.20583353,3075.798
     -72.38817318,-13.20583353,3075.798
     -72.38817318,-13.20583353,3075.798
     -72.38817318,-13.20583353,3075.798
     -72.38817318,-13.20583353,3075.798
     -72.38817318,-13.20583353,3075.798
     -72.38817318,-13.20583353,3075.798
     -72.38817318,-13.20583353,3075.798
     -72.38817318,-13.20583353,3075.798
     -72.38817318,-13.20583353,3075.798
     -72.38817318,-13.20583353,3075.798
     -72.38817318,-13.20583353,3075.798
     -72.38817318,-13.20583353,3075.798
     -72.38817318,-13.20583353,3075.798
     -72.38817318,-13.20583353,3075.798
     -72.38817318,-13.20583353,3075.798
     -72.38817318,-13.20583353,3075.798
     -72.38817318,-13.20583353,3075.798
     -72.38817318,-13.20583353,3075.798
     -72.38817318,-13.20583353,3075.798
     -72.38817318,-13.20583353,3075.798
     -72.38817318,-13.20583353,3075.798
     -72.38817318,-13.20583353,3075.798
     -72.38817318,-13.20583353,3075.798
     -72.38817318,-13.20583353,3075.798
     -72.38817318,-13.20583353,3075.798
     -72.38817318,-13.20583353,3075.798
     -72.38817318,-13.20583353,3075.798
     -72.38817318,-13.20583353,3075.798
     -72.38817318,-13.20583353,3075.798
     -72.38817318,-13.20583353,3075.798
     -72.38817318,-13.20583353,3075.798
     -72.38817318,-13.20583353,3075.798
     -72.38817318,-13.20583353,3075.798
     -72.38817318,-13.20583353,3075.798
     -72.38817318,-13.20583353,3075.798
     -72.38817318,-13.20583353,3075.798
     -72.38817318,-13.20583353,3075.798
     -72.38817318,-13.20583353,3075.798
     -72.38817318,-13.20583353,3075.798
     -72.38817318,-13.20583353,3075.798
     -72.38817318,-13.20583353,3075.798
     -72.38817318,-13.20583353,3075.798
     -72.38817318,-13.20583353,3075.798
     -72.38817318,-13.20583353,3075.798
     -72.38817318,-13.20583353,3075.798
     -72.38817318,-13.20583353,3075.798
     -72.38817318,-13.20583353,3075.798
     -72.38817318,-13.20583353,3075.798
     -72.38817318,-13.20583353,3075.798
     -72.38817318,-13.20583353,3075.798
     -72.38817318,-13.20583353,3075.798
     -72.38817318,-13.20583353,3075.798
     -72.38817318,-13.20583353,3075.798
     -72.38817318,-13.20583353,3075.798
     -72.38817318,-13.20583353,3075.798
     -72.38817318,-13.20583353,3075.798
     -72.38817318,-13.20583353,3075.798
     -72.38817318,-13.20583353,3075.798
     -72.38817318,-13.20583353,3075.798
     -72.38817318,-13.20583353,3075.798
     -72.38817318,-13.20583353,3075.798
     -72.38817318,-13.20583353,3075.798
     -72.38817318,-13.20583353,3075.798
     -72.38817318,-13.20583353,3075.798
     -72.38817318,-13.20583353,3075.798
     -72.38817318,-13.20583353,3075.798
     -72.38817318,-13.20583353,3075.798
     -72.38817318,-13.20583353,3075.798
     -72.38817318,-13.20583353,3075.798
     -72.38817318,-13.20583353,3075.798
     -72.38817318,-13.20583353,3075.798
     -72.38817318,-13.20583353,3075.798
     -72.38817318,-13.20583353,3075.798
     -72.38817318,-13.20583353,3075.798
     -72.38817318,-13.20583353,3075.798
     -72.38817318,-13.20583353,3075.798
     -72.38817318,-13.20583353,3075.798
     -72.38817318,-13.20583353,3075.798
     -72.38817318,-13.20583353,3075.798
     -72.38817318,-13.20583353,3075.798
     -72.38817318,-13.20583353,3075.798
     -72.38817318,-13.20583353,3075.798
     -72.38817318,-13.20583353,3075.798
     -72.38817318,-13.20583353,3075.798
     -72.38817318,-13.20583353,3075.798
     -72.38817318,-13.20583353,3075.798
     -72.38817318,-13.20583353,3075.798
     -72.38817318,-13.20583353,3075.798
     -72.38817318,-13.20583353,3075.798
     -72.38817318,-13.20583353,3075.798
     -72.38817318,-13.20583353,3075.798
     -72.38817318,-13.20583353,3075.798
     -72.38817318,-13.20583353,3075.798
     -72.38817318,-13.20583353,3075.798
     -72.38817318,-13.20583353,3075.798
     -72.38817318,-13.20583353,3075.798
     -72.38817318,-13.20583353,3075.798
     -72.38817318,-13.20583353,3075.798
     -72.38817318,-13.20583353,3075.798
     -72.38817318,-13.20583353,3075.798
     -72.38817318,-13.20583353,3075.798
     -72.38817318,-13.20583353,3075.798
     -72.38817318,-13.20583353,3075.798
     -72.38817318,-13.20583353,3075.798
     -72.38817318,-13.20583353,3075.798
     -72.38817318,-13.20583353,3075.798
     -72.38817318,-13.20583353,3075.798
     -72.38817318,-13.20583353,3075.798
     -72.38817318,-13.20583353,3075.798
     -72.38817318,-13.20583353,3075.798
     -72.38817318,-13.20583353,3075.798
     -72.38817318,-13.20583353,3075.798
     -72.38817318,-13.20583353,3075.798
     -72.38817318,-13.20583353,3075.798
     -72.38817318,-13.20583353,3075.798
     -72.38817318,-13.20583353,3075.798
     -72.38817318,-13.20583353,3075.798
     -72.38817318,-13.20583353,3075.798
     -72.38817318,-13.20583353,3075.798
     -72.38817318,-13.20583353,3075.798
     -72.38817318,-13.20583353,3075.798
     -72.38817318,-13.20583353,3075.798
     -72.38817318,-13.20583353,3075.798
     -72.38817318,-13.20583353,3075.798
     -72.38817318,-13.20583353,3075.798
     -72.38817318,-13.20583353,3075.798
     -72.38817318,-13.20583353,3075.798
     -72.38817318,-13.20583353,3075.798
     -72.38817318,-13.20583353,3075.798
     -72.38817318,-13.20583353,3075.798
     -72.38817318,-13.20583353,3075.798
     -72.38817318,-13.20583353,3075.798
     -72.38817318,-13.20583353,3075.798
     -72.38817318,-13.20583353,3075.798
     -72.38817318,-13.20583353,3075.798
     -72.38817318,-13.20583353,3075.798
     -72.38817318,-13.20583353,3075.798
     -72.38817318,-13.20583353,3075.798
     -72.38817318,-13.20583353,3075.798
     -72.38817318,-13.20583353,3075.798
     -72.38817318,-13.20583353,3075.798
     -72.38817318,-13.20583353,3075.798
     -72.38817318,-13.20583353,3075.798
     -72.38817318,-13.20583353,3075.798
     -72.38817318,-13.20583353,3075.798
     -72.38817318,-13.20583353,3075.798
     -72.38817318,-13.20583353,3075.798
     -72.38817318,-13.20583353,3075.798
     -72.38817318,-13.20583353,3075.798
     -72.38817318,-13.20583353,3075.798
     -72.38817318,-13.20583353,3075.798
     -72.38817318,-13.20583353,3075.798
     -72.38817318,-13.20583353,3075.798
     -72.38817318,-13.20583353,3075.798
     -72.38817318,-13.20583353,3075.798
     -72.38817318,-13.20583353,3075.798
     -72.38817318,-13.20583353,3075.798
     -72.38817318,-13.20583353,3075.798
     -72.38817318,-13.20583353,3075.798
     -72.38817318,-13.20583353,3075.798
     -72.38817318,-13.20583353,3075.798
     -72.38817318,-13.20583353,3075.798
     -72.38817318,-13.20583353,3075.798
     -72.38817318,-13.20583353,3075.798
     -72.38817318,-13.20583353,3075.798
     -72.38817318,-13.20583353,3075.798
     -72.38817318,-13.20583353,3075.798
     -72.38817318,-13.20583353,3075.798
     -72.38817318,-13.20583353,3075.798
     -72.38817318,-13.20583353,3075.798
     -72.38817318,-13.20583353,3075.798
     -72.38817318,-13.20583353,3075.798
     -72.38817318,-13.20583353,3075.798
     -72.38817318,-13.20583353,3075.798
     -72.38817318,-13.20583353,3075.798
     -72.38817318,-13.20583353,3075.798
     -72.38817318,-13.20583353,3075.798
     -72.38817318,-13.20583353,3075.798
     -72.38817318,-13.20583353,3075.798
     -72.38817318,-13.20583353,3075.798
     -72.38817318,-13.20583353,3075.798
     -72.38817318,-13.20583353,3075.798
     -72.38817318,-13.20583353,3075.798
     -72.38817318,-13.20583353,3075.798
     -72.38817318,-13.20583353,3075.798
     -72.38817318,-13.20583353,3075.798
     -72.38817318,-13.20583353,3075.798
     -72.38817318,-13.20583353,3075.798
     -72.38817318,-13.20583353,3075.798
     -72.38817318,-13.20583353,3075.798
     -72.38817318,-13.20583353,3075.798
     -72.38817318,-13.20583353,3075.798
     -72.38817318,-13.20583353,3075.798
     -72.38817318,-13.20583353,3075.798
     -72.38817318,-13.20583353,3075.798
     -72.38817318,-13.20583353,3075.798
     -72.38817318,-13.20583353,3075.798
     -72.38817318,-13.20583353,3075.798
     -72.38817318,-13.20583353,3075.798
     -72.38817318,-13.20583353,3075.798
     -72.38817318,-13.20583353,3075.798
     -72.38817318,-13.20583353,3075.798
     -72.38817318,-13.20583353,3075.798
     -72.38817318,-13.20583353,3075.798
     -72.38817318,-13.20583353,3075.798
     -72.38817318,-13.20583353,3075.798
     -72.38817318,-13.20583353,3075.798
     -72.38817318,-13.20583353,3075.798
     -72.38817318,-13.20583353,3075.798
     -72.38817318,-13.20583353,3075.798
     -72.38817318,-13.20583353,3075.798
     -72.38817318,-13.20583353,3075.798
     -72.38817318,-13.20583353,3075.798
     -72.38817318,-13.20583353,3075.798
     -72.38817318,-13.20583353,3075.798
     -72.38817318,-13.20583353,3075.798
     -72.38817318,-13.20583353,3075.798
     -72.38817318,-13.20583353,3075.798
     -72.38817318,-13.20583353,3075.798
     -72.38817318,-13.20583353,3075.798
     -72.38817318,-13.20583353,3075.798
     -72.38817318,-13.20583353,3075.798
     -72.38817318,-13.20583353,3075.798
     -72.38817318,-13.20583353,3075.798
     -72.38817318,-13.20583353,3075.798
     -72.38817318,-13.20583353,3075.798
     -72.38817318,-13.20583353,3075.798
     -72.38817318,-13.20583353,3075.798
     -72.38817318,-13.20583353,3075.798
     -72.38817318,-13.20583353,3075.798
     -72.38817318,-13.20583353,3075.798
     -72.38817318,-13.20583353,3075.798
     -72.38817318,-13.20583353,3075.798
     -72.38817318,-13.20583353,3075.798
     -72.38817318,-13.20583353,3075.798
     -72.38817318,-13.20583353,3075.798
     -72.38817318,-13.20583353,3075.798
     -72.38817318,-13.20583353,3075.798
     -72.38817318,-13.20583353,3075.798
     -72.38817318,-13.20583353,3075.798
     -72.38817318,-13.20583353,3075.798
     -72.38817318,-13.20583353,3075.798
     -72.38817318,-13.20583353,3075.798
     -72.38817318,-13.20583353,3075.798
     -72.38817318,-13.20583353,3075.798
     -72.38817318,-13.20583353,3075.798
     -72.38817318,-13.20583353,3075.798
     -72.38817318,-13.20583353,3075.798
     -72.38817318,-13.20583353,3075.798
     -72.38817318,-13.20583353,3075.798
     -72.38817318,-13.20583353,3075.798
     -72.38817318,-13.20583353,3075.798
     -72.38817318,-13.20583353,3075.798
     -72.38817318,-13.20583353,3075.798
     -72.38817318,-13.20583353,3075.798
     -72.38817318,-13.20583353,3075.798
     -72.38817318,-13.20583353,3075.798
     -72.38817318,-13.20583353,3075.798
     -72.38817318,-13.20583353,3075.798
     -72.38817318,-13.20583353,3075.798
     -72.38817318,-13.20583353,3075.798
     -72.38817318,-13.20583353,3075.798
     -72.38817318,-13.20583353,3075.798
     -72.38817318,-13.20583353,3075.798
     -72.38817318,-13.20583353,3075.798
     -72.38817318,-13.20583353,3075.798
     -72.38817318,-13.20583353,3075.798
     -72.38817318,-13.20583353,3075.798
     -72.38817318,-13.20583353,3075.798
     -72.38817318,-13.20583353,3075.798
     -72.38817318,-13.20583353,3075.798
     -72.38817318,-13.20583353,3075.798
     -72.38817318,-13.20583353,3075.798
     -72.38817318,-13.20583353,3075.798
     -72.38817318,-13.20583353,3075.798
     -72.38817318,-13.20583353,3075.798
     -72.38817318,-13.20583353,3075.798
     -72.38817318,-13.20583353,3075.798
     -72.38817318,-13.20583353,3075.798
     -72.38817318,-13.20583353,3075.798
     -72.38817318,-13.20583353,3075.798
     -72.38817318,-13.20583353,3075.798
     -72.38817318,-13.20583353,3075.798
     -72.38817318,-13.20583353,3075.798
     -72.38817318,-13.20583353,3075.798
     -72.38817318,-13.20583353,3075.798
     -72.38817318,-13.20583353,3075.798
     -72.38817318,-13.20583353,3075.798
     -72.38817318,-13.20583353,3075.798
     -72.38817318,-13.20583353,3075.798
     -72.38817318,-13.20583353,3075.798
     -72.38817318,-13.20583353,3075.798
     -72.38817318,-13.20583353,3075.798
     -72.38817318,-13.20583353,3075.798
     -72.38817318,-13.20583353,3075.798
     -72.38817318,-13.20583353,3075.798
     -72.38817318,-13.20583353,3075.798
     -72.38817318,-13.20583353,3075.798
     -72.38817318,-13.20583353,3075.798
     -72.38817318,-13.20583353,3075.798
     -72.38817318,-13.20583353,3075.798
     -72.38817318,-13.20583353,3075.798
     -72.38817318,-13.20583353,3075.798
     -72.38817318,-13.20583353,3075.798
     -72.38817318,-13.20583353,3075.798
     -72.38817318,-13.20583353,3075.798
     -72.38817318,-13.20583353,3075.798
     -72.38817318,-13.20583353,3075.798
     -72.38817318,-13.20583353,3075.798
     -72.38817318,-13.20583353,3075.798
     -72.38817318,-13.20583353,3075.798
     -72.38817318,-13.20583353,3075.798
     -72.38817318,-13.20583353,3075.798
     -72.38817318,-13.20583353,3075.798
     -72.38817318,-13.20583353,3075.798
     -72.38817318,-13.20583353,3075.798
     -72.38817318,-13.20583353,3075.798
     -72.38817318,-13.20583353,3075.798
     -72.38817318,-13.20583353,3075.798
     -72.38817318,-13.20583353,3075.798
     -72.38817318,-13.20583353,3075.798
     -72.38817318,-13.20583353,3075.798
     -72.38817318,-13.20583353,3075.798
     -72.38817318,-13.20583353,3075.798
     -72.38817318,-13.20583353,3075.798
     -72.38817318,-13.20583353,3075.798
     -72.38817318,-13.20583353,3075.798
     -72.38817318,-13.20583353,3075.798
     -72.38817318,-13.20583353,3075.798
     -72.38817318,-13.20583353,3075.798
     -72.38817318,-13.20583353,3075.798
     -72.38817318,-13.20583353,3075.798
     -72.38817318,-13.20583353,3075.798
     -72.38817318,-13.20583353,3075.798
     -72.38817318,-13.20583353,3075.798
     -72.38817318,-13.20583353,3075.798
     -72.38817318,-13.20583353,3075.798
     -72.38817318,-13.20583353,3075.798
     -72.38817318,-13.20583353,3075.798
     -72.38817318,-13.20583353,3075.798
     -72.38817318,-13.20583353,3075.798
     -72.38817318,-13.20583353,3075.798
     -72.38817318,-13.20583353,3075.798
     -72.38817318,-13.20583353,3075.798
     -72.38817318,-13.20583353,3075.798
     -72.38817318,-13.20583353,3075.798
     -72.38817318,-13.20583353,3075.798
     -72.38817318,-13.20583353,3075.798
     -72.38817318,-13.20583353,3075.798
     -72.38817318,-13.20583353,3075.798
     -72.38817318,-13.20583353,3075.798
     -72.38817318,-13.20583353,3075.798
     -72.38817318,-13.20583353,3075.798
     -72.38817318,-13.20583353,3075.798
     -72.38817318,-13.20583353,3075.798
     -72.38817318,-13.20583353,3075.798
     -72.38817318,-13.20583353,3075.798
     -72.38817318,-13.20583353,3075.798
     -72.38817318,-13.20583353,3075.798
     -72.38817318,-13.20583353,3075.798
     -72.38817318,-13.20583353,3075.798
     -72.38817318,-13.20583353,3075.798
     -72.38817318,-13.20583353,3075.798
     -72.38817318,-13.20583353,3075.798
     -72.38817318,-13.20583353,3075.798
     -72.38817318,-13.20583353,3075.798
     -72.38817318,-13.20583353,3075.798
     -72.38817318,-13.20583353,3075.798
     -72.38817318,-13.20583353,3075.798
     -72.38817318,-13.20583353,3075.798
     -72.38817318,-13.20583353,3075.798
     -72.38817318,-13.20583353,3075.798
     -72.38817318,-13.20583353,3075.798
     -72.38817318,-13.20583353,3075.798
     -72.38817318,-13.20583353,3075.798
     -72.38817318,-13.20583353,3075.798
     -72.38817318,-13.20583353,3075.798
     -72.38817318,-13.20583353,3075.798
     -72.38817318,-13.20583353,3075.798
     -72.38817318,-13.20583353,3075.798
     -72.38817318,-13.20583353,3075.798
     -72.38817318,-13.20583353,3075.798
     -72.38817318,-13.20583353,3075.798
     -72.38817318,-13.20583353,3075.798
     -72.38817318,-13.20583353,3075.798
     -72.38817318,-13.20583353,3075.798
     -72.38817318,-13.20583353,3075.798
     -72.38817318,-13.20583353,3075.798
     -72.38817318,-13.20583353,3075.798
     -72.38817318,-13.20583353,3075.798
     -72.38817318,-13.20583353,3075.798
     -72.38817318,-13.20583353,3075.798
     -72.38817318,-13.20583353,3075.798
     -72.38817318,-13.20583353,3075.798
     -72.38817318,-13.20583353,3075.798
     -72.38817318,-13.20583353,3075.798
     -72.38817318,-13.20583353,3075.798
     -72.38817318,-13.20583353,3075.798
     -72.38817318,-13.20583353,3075.798
     -72.38817318,-13.20583353,3075.798
     -72.38817318,-13.20583353,3075.798
     -72.38817318,-13.20583353,3075.798
     -72.38817318,-13.20583353,3075.798
     -72.38817318,-13.20583353,3075.798
     -72.38817318,-13.20583353,3075.798
     -72.38817318,-13.20583353,3075.798
     -72.38817318,-13.20583353,3075.798
     -72.38817318,-13.20583353,3075.798
     -72.38817318,-13.20583353,3075.798
     -72.38817318,-13.20583353,3075.798
     -72.38817318,-13.20583353,3075.798
     -72.38817318,-13.20583353,3075.798
     -72.38817318,-13.20583353,3075.798
     -72.38817318,-13.20583353,3075.798
     -72.38817318,-13.20583353,3075.798
     -72.38817318,-13.20583353,3075.798
     -72.38817318,-13.20583353,3075.798
     -72.38817318,-13.20583353,3075.798
     -72.38817318,-13.20583353,3075.798
     -72.38817318,-13.20583353,3075.798
     -72.38817318,-13.20583353,3075.798
     -72.38817318,-13.20583353,3075.798
     -72.38817318,-13.20583353,3075.798
     -72.38817318,-13.20583353,3075.798
     -72.38817318,-13.20583353,3075.798
     -72.38817318,-13.20583353,3075.798
     -72.38817318,-13.20583353,3075.798
     -72.38817318,-13.20583353,3075.798
     -72.38817318,-13.20583353,3075.798
     -72.38817318,-13.20583353,3075.798
     -72.38817318,-13.20583353,3075.798
     -72.38817318,-13.20583353,3075.798
     -72.38817318,-13.20583353,3075.798
     -72.38817318,-13.20583353,3075.798
     -72.38817318,-13.20583353,3075.798
     -72.38817318,-13.20583353,3075.798
     -72.38817318,-13.20583353,3075.798
     -72.38817318,-13.20583353,3075.798
     -72.38817318,-13.20583353,3075.798
     -72.38817318,-13.20583353,3075.798
     -72.38817318,-13.20583353,3075.798
     -72.38817318,-13.20583353,3075.798
     -72.38817318,-13.20583353,3075.798
     -72.38817318,-13.20583353,3075.798
     -72.38817318,-13.20583353,3075.798
     -72.38817318,-13.20583353,3075.798
     -72.38817318,-13.20583353,3075.798
     -72.38817318,-13.20583353,3075.798
     -72.38817318,-13.20583353,3075.798
     -72.38817318,-13.20583353,3075.798
     -72.38817318,-13.20583353,3075.798
     -72.38817318,-13.20583353,3075.798
     -72.38817318,-13.20583353,3075.798
     -72.38817318,-13.20583353,3075.798
     -72.38817318,-13.20583353,3075.798
     -72.38817318,-13.20583353,3075.798
     -72.38817318,-13.20583353,3075.798
     -72.38817318,-13.20583353,3075.798
     -72.38817318,-13.20583353,3075.798
     -72.38817318,-13.20583353,3075.798
     -72.38817318,-13.20583353,3075.798
     -72.38817318,-13.20583353,3075.798
     -72.38817318,-13.20583353,3075.798
     -72.38817318,-13.20583353,3075.798
     -72.38817318,-13.20583353,3075.798
     -72.38817318,-13.20583353,3075.798
     -72.38817318,-13.20583353,3075.798
     -72.38817318,-13.20583353,3075.798
     -72.38817318,-13.20583353,3075.798
     -72.38817318,-13.20583353,3075.798
     -72.38817318,-13.20583353,3075.798
     -72.38817318,-13.20583353,3075.798
     -72.38817318,-13.20583353,3075.798
     -72.38817318,-13.20583353,3075.798
     -72.38817318,-13.20583353,3075.798
     -72.38817318,-13.20583353,3075.798
     -72.38817318,-13.20583353,3075.798
     -72.38817318,-13.20583353,3075.798
     -72.38817318,-13.20583353,3075.798
     -72.38817318,-13.20583353,3075.798
     -72.38817318,-13.20583353,3075.798
     -72.38817318,-13.20583353,3075.798
     -72.38817318,-13.20583353,3075.798
     -72.38817318,-13.20583353,3075.798
     -72.38817318,-13.20583353,3075.798
     -72.38817318,-13.20583353,3075.798
     -72.38817318,-13.20583353,3075.798
     -72.38817318,-13.20583353,3075.798
     -72.38817318,-13.20583353,3075.798
     -72.38817318,-13.20583353,3075.798
     -72.38817318,-13.20583353,3075.798
     -72.38817318,-13.20583353,3075.798
     -72.38817318,-13.20583353,3075.798
     -72.38817318,-13.20583353,3075.798
     -72.38817318,-13.20583353,3075.798
     -72.38817318,-13.20583353,3075.798
     -72.38817318,-13.20583353,3075.798
     -72.38817318,-13.20583353,3075.798
     -72.38817318,-13.20583353,3075.798
     -72.38817318,-13.20583353,3075.798
     -72.38817318,-13.20583353,3075.798
     -72.38817318,-13.20583353,3075.798
     -72.38817318,-13.20583353,3075.798
     -72.38817318,-13.20583353,3075.798
     -72.38817318,-13.20583353,3075.798
     -72.38817318,-13.20583353,3075.798
     -72.38817318,-13.20583353,3075.798
     -72.38817318,-13.20583353,3075.798
     -72.38817318,-13.20583353,3075.798
     -72.38817318,-13.20583353,3075.798
     -72.38817318,-13.20583353,3075.798
     -72.38817318,-13.20583353,3075.798
     -72.38817318,-13.20583353,3075.798
     -72.38817318,-13.20583353,3075.798
     -72.38817318,-13.20583353,3075.798
     -72.38817318,-13.20583353,3075.798
     -72.38817318,-13.20583353,3075.798
     -72.38817318,-13.20583353,3075.798
     -72.38817318,-13.20583353,3075.798
     -72.38817318,-13.20583353,3075.798
     -72.38817318,-13.20583353,3075.798
     -72.38817318,-13.20583353,3075.798
     -72.38817318,-13.20583353,3075.798
     -72.38817318,-13.20583353,3075.798
     -72.38817318,-13.20583353,3075.798
     -72.38817318,-13.20583353,3075.798
     -72.38817318,-13.20583353,3075.798
     -72.38817318,-13.20583353,3075.798
     -72.38817318,-13.20583353,3075.798
     -72.38817318,-13.20583353,3075.798
     -72.38817318,-13.20583353,3075.798
     -72.38817318,-13.20583353,3075.798
     -72.38817318,-13.20583353,3075.798
     -72.38817318,-13.20583353,3075.798
     -72.38817318,-13.20583353,3075.798
     -72.38817318,-13.20583353,3075.798
     -72.38817318,-13.20583353,3075.798
     -72.38817318,-13.20583353,3075.798
     -72.38817318,-13.20583353,3075.798
     -72.38817318,-13.20583353,3075.798
     -72.38817318,-13.20583353,3075.798
     -72.38817318,-13.20583353,3075.798
     -72.38817318,-13.20583353,3075.798
     -72.38817318,-13.20583353,3075.798
     -72.38817318,-13.20583353,3075.798
     -72.38817318,-13.20583353,3075.798
     -72.38817318,-13.20583353,3075.798
     -72.38817318,-13.20583353,3075.798
     -72.38817318,-13.20583353,3075.798
     -72.38817318,-13.20583353,3075.798
     -72.38817318,-13.20583353,3075.798
     -72.38817318,-13.20583353,3075.798
     -72.38817318,-13.20583353,3075.798
     -72.38817318,-13.20583353,3075.798
     -72.38817318,-13.20583353,3075.798
     -72.38817318,-13.20583353,3075.798
     -72.38817318,-13.20583353,3075.798
     -72.38817318,-13.20583353,3075.798
     -72.38817318,-13.20583353,3075.798
     -72.38817318,-13.20583353,3075.798
     -72.38817318,-13.20583353,3075.798
     -72.38817318,-13.20583353,3075.798
     -72.38817318,-13.20583353,3075.798
     -72.38817318,-13.20583353,3075.798
     -72.38817318,-13.20583353,3075.798
     -72.38817318,-13.20583353,3075.798
     -72.38817318,-13.20583353,3075.798
     -72.38817318,-13.20583353,3075.798
     -72.38817318,-13.20583353,3075.798
     -72.38817318,-13.20583353,3075.798
     -72.38817318,-13.20583353,3075.798
     -72.38817318,-13.20583353,3075.798
     -72.38817318,-13.20583353,3075.798
     -72.38817318,-13.20583353,3075.798
     -72.38817318,-13.20583353,3075.798
     -72.38817318,-13.20583353,3075.798
     -72.38817318,-13.20583353,3075.798
     -72.38817318,-13.20583353,3075.798
     -72.38817318,-13.20583353,3075.798
     -72.38817318,-13.20583353,3075.798
     -72.38817318,-13.20583353,3075.798
     -72.38817318,-13.20583353,3075.798
     -72.38817318,-13.20583353,3075.798
     -72.38817318,-13.20583353,3075.798
     -72.38817318,-13.20583353,3075.798
     -72.38817318,-13.20583353,3075.798
     -72.38817318,-13.20583353,3075.798
     -72.38817318,-13.20583353,3075.798
     -72.38817318,-13.20583353,3075.798
     -72.38817318,-13.20583353,3075.798
     -72.38817318,-13.20583353,3075.798
     -72.38817318,-13.20583353,3075.798
     -72.38817318,-13.20583353,3075.798
     -72.38817318,-13.20583353,3075.798
     -72.38817318,-13.20583353,3075.798
     -72.38817318,-13.20583353,3075.798
     -72.38817318,-13.20583353,3075.798
     -72.38817318,-13.20583353,3075.798
     -72.38817318,-13.20583353,3075.798
     -72.38817318,-13.20583353,3075.798
     -72.38817318,-13.20583353,3075.798
     -72.38817318,-13.20583353,3075.798
     -72.38817318,-13.20583353,3075.798
     -72.38817318,-13.20583353,3075.798
     -72.38817318,-13.20583353,3075.798
     -72.38817318,-13.20583353,3075.798
     -72.38817318,-13.20583353,3075.798
     -72.38817318,-13.20583353,3075.798
     -72.38817318,-13.20583353,3075.798
     -72.38817318,-13.20583353,3075.798
     -72.38817318,-13.20583353,3075.798
     -72.38817318,-13.20583353,3075.798
     -72.38817318,-13.20583353,3075.798
     -72.38817318,-13.20583353,3075.798
     -72.38817318,-13.20583353,3075.798
     -72.38817318,-13.20583353,3075.798
     -72.38817318,-13.20583353,3075.798
     -72.38817318,-13.20583353,3075.798
     -72.38817318,-13.20583353,3075.798
     -72.38817318,-13.20583353,3075.798
     -72.38817318,-13.20583353,3075.798
     -72.38817318,-13.20583353,3075.798
     -72.38817318,-13.20583353,3075.798
     -72.38817318,-13.20583353,3075.798
     -72.38817318,-13.20583353,3075.798
     -72.38817318,-13.20583353,3075.798
     -72.38817318,-13.20583353,3075.798
     -72.38817318,-13.20583353,3075.798
     -72.38817318,-13.20583353,3075.798
     -72.38817318,-13.20583353,3075.798
     -72.38817318,-13.20583353,3075.798
     -72.38817318,-13.20583353,3075.798
     -72.38817318,-13.20583353,3075.798
     -72.38817318,-13.20583353,3075.798
     -72.38817318,-13.20583353,3075.798
     -72.38817318,-13.20583353,3075.798
     -72.38817318,-13.20583353,3075.798
     -72.38817318,-13.20583353,3075.798
     -72.38817318,-13.20583353,3075.798
     -72.38817318,-13.20583353,3075.798
     -72.38817318,-13.20583353,3075.798
     -72.38817318,-13.20583353,3075.798
     -72.38817318,-13.20583353,3075.798
     -72.38817318,-13.20583353,3075.798
     -72.38817318,-13.20583353,3075.798
     -72.38817318,-13.20583353,3075.798
     -72.38817318,-13.20583353,3075.798
     -72.38817318,-13.20583353,3075.798
     -72.38817318,-13.20583353,3075.798
     -72.38817318,-13.20583353,3075.798
     -72.38817318,-13.20583353,3075.798
     -72.38817318,-13.20583353,3075.798
     -72.38817318,-13.20583353,3075.798
     -72.38817318,-13.20583353,3075.798
     -72.38817318,-13.20583353,3075.798
     -72.38817318,-13.20583353,3075.798
     -72.38817318,-13.20583353,3075.798
     -72.38817318,-13.20583353,3075.798
     -72.38817318,-13.20583353,3075.798
     -72.38817318,-13.20583353,3075.798
     -72.38817318,-13.20583353,3075.798
     -72.38817318,-13.20583353,3075.798
     -72.38817318,-13.20583353,3075.798
     -72.38817318,-13.20583353,3075.798
     -72.38817318,-13.20583353,3075.798
     -72.38817318,-13.20583353,3075.798
     -72.38817318,-13.20583353,3075.798
     -72.38817318,-13.20583353,3075.798
     -72.38817318,-13.20583353,3075.798
     -72.38817318,-13.20583353,3075.798
     -72.38817318,-13.20583353,3075.798
     -72.38817318,-13.20583353,3075.798
     -72.38817318,-13.20583353,3075.798
     -72.38817318,-13.20583353,3075.798
     -72.38817318,-13.20583353,3075.798
     -72.38817318,-13.20583353,3075.798
     -72.38817318,-13.20583353,3075.798
     -72.38817318,-13.20583353,3075.798
     -72.38817318,-13.20583353,3075.798
     -72.38817318,-13.20583353,3075.798
     -72.38817318,-13.20583353,3075.798
     -72.38817318,-13.20583353,3075.798
     -72.38817318,-13.20583353,3075.798
     -72.38817318,-13.20583353,3075.798
     -72.38817318,-13.20583353,3075.798
     -72.38817318,-13.20583353,3075.798
     -72.38817318,-13.20583353,3075.798
     -72.38817318,-13.20583353,3075.798
     -72.38817318,-13.20583353,3075.798
     -72.38817318,-13.20583353,3075.798
     -72.38817318,-13.20583353,3075.798
     -72.38817318,-13.20583353,3075.798
     -72.38817318,-13.20583353,3075.798
     -72.38817318,-13.20583353,3075.798
     -72.38817318,-13.20583353,3075.798
     -72.38817318,-13.20583353,3075.798
     -72.38817318,-13.20583353,3075.798
     -72.38817318,-13.20583353,3075.798
     -72.38817318,-13.20583353,3075.798
     -72.38817318,-13.20583353,3075.798
     -72.38817318,-13.20583353,3075.798
     -72.38817318,-13.20583353,3075.798
     -72.38817318,-13.20583353,3075.798
     -72.38817318,-13.20583353,3075.798
     -72.38817318,-13.20583353,3075.798
     -72.38817318,-13.20583353,3075.798
     -72.38817318,-13.20583353,3075.798
     -72.38817318,-13.20583353,3075.798
     -72.38817318,-13.20583353,3075.798
     -72.38817318,-13.20583353,3075.798
     -72.38817318,-13.20583353,3075.798
     -72.38817318,-13.20583353,3075.798
     -72.38817318,-13.20583353,3075.798
     -72.38817318,-13.20583353,3075.798
     -72.38817318,-13.20583353,3075.798
     -72.38817318,-13.20583353,3075.798
     -72.38817318,-13.20583353,3075.798
     -72.38817318,-13.20583353,3075.798
     -72.38817318,-13.20583353,3075.798
     -72.38817318,-13.20583353,3075.798
     -72.38817318,-13.20583353,3075.798
     -72.38817318,-13.20583353,3075.798
     -72.38817318,-13.20583353,3075.798
     -72.38817318,-13.20583353,3075.798
     -72.38817318,-13.20583353,3075.798
     -72.38817318,-13.20583353,3075.798
     -72.38817318,-13.20583353,3075.798
     -72.38817318,-13.20583353,3075.798
     -72.38817318,-13.20583353,3075.798
     -72.38817318,-13.20583353,3075.798
     -72.38817318,-13.20583353,3075.798
     -72.38817318,-13.20583353,3075.798
     -72.38817318,-13.20583353,3075.798
     -72.38817318,-13.20583353,3075.798
     -72.38817318,-13.20583353,3075.798
     -72.38817318,-13.20583353,3075.798
     -72.38817318,-13.20583353,3075.798
     -72.38817318,-13.20583353,3075.798
     -72.38817318,-13.20583353,3075.798
     -72.38817318,-13.20583353,3075.798
     -72.38817318,-13.20583353,3075.798
     -72.38817318,-13.20583353,3075.798
     -72.38817318,-13.20583353,3075.798
     -72.38817318,-13.20583353,3075.798
     -72.38817318,-13.20583353,3075.798
     -72.38817318,-13.20583353,3075.798
     -72.38817318,-13.20583353,3075.798
     -72.38817318,-13.20583353,3075.798
     -72.38817318,-13.20583353,3075.798
     -72.38817318,-13.20583353,3075.798
     -72.38817318,-13.20583353,3075.798
     -72.38817318,-13.20583353,3075.798
     -72.38817318,-13.20583353,3075.798
     -72.38817318,-13.20583353,3075.798
     -72.38817318,-13.20583353,3075.798
     -72.38817318,-13.20583353,3075.798
     -72.38817318,-13.20583353,3075.798
     -72.38817318,-13.20583353,3075.798
     -72.38817318,-13.20583353,3075.798
     -72.38817318,-13.20583353,3075.798
     -72.38817318,-13.20583353,3075.798
     -72.38817318,-13.20583353,3075.798
     -72.38817318,-13.20583353,3075.798
     -72.38817318,-13.20583353,3075.798
     -72.38817318,-13.20583353,3075.798
     -72.38817318,-13.20583353,3075.798
     -72.38817318,-13.20583353,3075.798
     -72.38817318,-13.20583353,3075.798
     -72.38817318,-13.20583353,3075.798
     -72.38817318,-13.20583353,3075.798
     -72.38817318,-13.20583353,3075.798
     -72.38817318,-13.20583353,3075.798
     -72.38817318,-13.20583353,3075.798
     -72.38817318,-13.20583353,3075.798
     -72.38817318,-13.20583353,3075.798
     -72.38817318,-13.20583353,3075.798
     -72.38817318,-13.20583353,3075.798
     -72.38817318,-13.20583353,3075.798
     -72.38817318,-13.20583353,3075.798
     -72.38817318,-13.20583353,3075.798
     -72.38817318,-13.20583353,3075.798
     -72.38817318,-13.20583353,3075.798
     -72.38817318,-13.20583353,3075.798
     -72.38817318,-13.20583353,3075.798
     -72.38817318,-13.20583353,3075.798
     -72.38817318,-13.20583353,3075.798
     -72.38817318,-13.20583353,3075.798
     -72.38817318,-13.20583353,3075.798
     -72.38817318,-13.20583353,3075.798
     -72.38817318,-13.20583353,3075.798
     -72.38817318,-13.20583353,3075.798
     -72.38817318,-13.20583353,3075.798
     -72.38817318,-13.20583353,3075.798
     -72.38817318,-13.20583353,3075.798
     -72.38817318,-13.20583353,3075.798
     -72.38817318,-13.20583353,3075.798
     -72.38817318,-13.20583353,3075.798
     -72.38817318,-13.20583353,3075.798
     -72.38817318,-13.20583353,3075.798
     -72.38817318,-13.20583353,3075.798
     -72.38817318,-13.20583353,3075.798
     -72.38817318,-13.20583353,3075.798
     -72.38817318,-13.20583353,3075.798
     -72.38817318,-13.20583353,3075.798
     -72.38817318,-13.20583353,3075.798
     -72.38817318,-13.20583353,3075.798
     -72.38817318,-13.20583353,3075.798
     -72.38817318,-13.20583353,3075.798
     -72.38817318,-13.20583353,3075.798
     -72.38817318,-13.20583353,3075.798
     -72.38817318,-13.20583353,3075.798
     -72.38817318,-13.20583353,3075.798
     -72.38817318,-13.20583353,3075.798
     -72.38817318,-13.20583353,3075.798
     -72.38817318,-13.20583353,3075.798
     -72.38817318,-13.20583353,3075.798
     -72.38817318,-13.20583353,3075.798
     -72.38817318,-13.20583353,3075.798
     -72.38817318,-13.20583353,3075.798
     -72.38817318,-13.20583353,3075.798
     -72.38817318,-13.20583353,3075.798
     -72.38817318,-13.20583353,3075.798
     -72.38817318,-13.20583353,3075.798
     -72.38817318,-13.20583353,3075.798
     -72.38817318,-13.20583353,3075.798
     -72.38817318,-13.20583353,3075.798
     -72.38817318,-13.20583353,3075.798
     -72.38817318,-13.20583353,3075.798
     -72.38817318,-13.20583353,3075.798
     -72.38817318,-13.20583353,3075.798
     -72.38817318,-13.20583353,3075.798
     -72.38817318,-13.20583353,3075.798
     -72.38817318,-13.20583353,3075.798
     -72.38817318,-13.20583353,3075.798
     -72.38817318,-13.20583353,3075.798
     -72.38817318,-13.20583353,3075.798
     -72.38817318,-13.20583353,3075.798
     -72.38817318,-13.20583353,3075.798
     -72.38817318,-13.20583353,3075.798
     -72.38817318,-13.20583353,3075.798
     -72.38817318,-13.20583353,3075.798
     -72.38817318,-13.20583353,3075.798
     -72.38817318,-13.20583353,3075.798
     -72.38817318,-13.20583353,3075.798
     -72.38817318,-13.20583353,3075.798
     -72.38817318,-13.20583353,3075.798
     -72.38817318,-13.20583353,3075.798
     -72.38817318,-13.20583353,3075.798
     -72.38817318,-13.20583353,3075.798
     -72.38817318,-13.20583353,3075.798
     -72.38817318,-13.20583353,3075.798
     -72.38817318,-13.20583353,3075.798
     -72.38817318,-13.20583353,3075.798
     -72.38817318,-13.20583353,3075.798
     -72.38817318,-13.20583353,3075.798
     -72.38817318,-13.20583353,3075.798
     -72.38817318,-13.20583353,3075.798
     -72.38817318,-13.20583353,3075.798
     -72.38817318,-13.20583353,3075.798
     -72.38817318,-13.20583353,3075.798
     -72.38817318,-13.20583353,3075.798
     -72.38817318,-13.20583353,3075.798
     -72.38817318,-13.20583353,3075.798
     -72.38817318,-13.20583353,3075.798
     -72.38817318,-13.20583353,3075.798
     -72.38817318,-13.20583353,3075.798
     -72.38817318,-13.20583353,3075.798
     -72.38817318,-13.20583353,3075.798
     -72.38817318,-13.20583353,3075.798
     -72.38817318,-13.20583353,3075.798
     -72.38817318,-13.20583353,3075.798
     -72.38817318,-13.20583353,3075.798
     -72.38817318,-13.20583353,3075.798
     -72.38817318,-13.20583353,3075.798
     -72.38817318,-13.20583353,3075.798
     -72.38817318,-13.20583353,3075.798
     -72.38817318,-13.20583353,3075.798
     -72.38817318,-13.20583353,3075.798
     -72.38817318,-13.20583353,3075.798
     -72.38817318,-13.20583353,3075.798
     -72.38817318,-13.20583353,3075.798
     -72.38817318,-13.20583353,3075.798
     -72.38817318,-13.20583353,3075.798
     -72.38817318,-13.20583353,3075.798
     -72.38817318,-13.20583353,3075.798
     -72.38817318,-13.20583353,3075.798
     -72.38817318,-13.20583353,3075.798
     -72.38817318,-13.20583353,3075.798
     -72.38817318,-13.20583353,3075.798
     -72.38817318,-13.20583353,3075.798
     -72.38817318,-13.20583353,3075.798
     -72.38817318,-13.20583353,3075.798
     -72.38817318,-13.20583353,3075.798
     -72.38817318,-13.20583353,3075.798
     -72.38817318,-13.20583353,3075.798
     -72.38817318,-13.20583353,3075.798
     -72.38817318,-13.20583353,3075.798
     -72.38817318,-13.20583353,3075.798
     -72.38817318,-13.20583353,3075.798
     -72.38817318,-13.20583353,3075.798
     -72.38817318,-13.20583353,3075.798
     -72.38817318,-13.20583353,3075.798
     -72.38817318,-13.20583353,3075.798
     -72.38817318,-13.20583353,3075.798
     -72.38817318,-13.20583353,3075.798
     -72.38817318,-13.20583353,3075.798
     -72.38817318,-13.20583353,3075.798
     -72.38817318,-13.20583353,3075.798
     -72.38817318,-13.20583353,3075.798
     -72.38817318,-13.20583353,3075.798
     -72.38817318,-13.20583353,3075.798
     -72.38817318,-13.20583353,3075.798
     -72.38817318,-13.20583353,3075.798
     -72.38817318,-13.20583353,3075.798
     -72.38817318,-13.20583353,3075.798
     -72.38817318,-13.20583353,3075.798
     -72.38817318,-13.20583353,3075.798
     -72.38817318,-13.20583353,3075.798
     -72.38817318,-13.20583353,3075.798
     -72.38817318,-13.20583353,3075.798
     -72.38817318,-13.20583353,3075.798
     -72.38817318,-13.20583353,3075.798
     -72.38817318,-13.20583353,3075.798
     -72.38817318,-13.20583353,3075.798
     -72.38817318,-13.20583353,3075.798
     -72.38817318,-13.20583353,3075.798
     -72.38817318,-13.20583353,3075.798
     -72.38817318,-13.20583353,3075.798
     -72.38817318,-13.20583353,3075.798
     -72.38817318,-13.20583353,3075.798
     -72.38817318,-13.20583353,3075.798
     -72.38817318,-13.20583353,3075.798
     -72.38817318,-13.20583353,3075.798
     -72.38817318,-13.20583353,3075.798
     -72.38817318,-13.20583353,3075.798
     -72.38817318,-13.20583353,3075.798
     -72.38817318,-13.20583353,3075.798
     -72.38817318,-13.20583353,3075.798
     -72.38817318,-13.20583353,3075.798
     -72.38817318,-13.20583353,3075.798
     -72.38817318,-13.20583353,3075.798
     -72.38817318,-13.20583353,3075.798
     -72.38817318,-13.20583353,3075.798
     -72.38817318,-13.20583353,3075.798
     -72.38817318,-13.20583353,3075.798
     -72.38817318,-13.20583353,3075.798
     -72.38817318,-13.20583353,3075.798
     -72.38817318,-13.20583353,3075.798
     -72.38817318,-13.20583353,3075.798
     -72.38817318,-13.20583353,3075.798
     -72.38817318,-13.20583353,3075.798
     -72.38817318,-13.20583353,3075.798
     -72.38817318,-13.20583353,3075.798
     -72.38817318,-13.20583353,3075.798
     -72.38817318,-13.20583353,3075.798
     -72.38817318,-13.20583353,3075.798
     -72.38817318,-13.20583353,3075.798
     -72.38817318,-13.20583353,3075.798
     -72.38817318,-13.20583353,3075.798
     -72.38817318,-13.20583353,3075.798
     -72.38817318,-13.20583353,3075.798
     -72.38817318,-13.20583353,3075.798
     -72.38817318,-13.20583353,3075.798
     -72.38817318,-13.20583353,3075.798
     -72.38817318,-13.20583353,3075.798
     -72.38817318,-13.20583353,3075.798
     -72.38817318,-13.20583353,3075.798
     -72.38817318,-13.20583353,3075.798
     -72.38817318,-13.20583353,3075.798
     -72.38817318,-13.20583353,3075.798
     -72.38817318,-13.20583353,3075.798
     -72.38817318,-13.20583353,3075.798
     -72.38817318,-13.20583353,3075.798
     -72.38817318,-13.20583353,3075.798
     -72.38817318,-13.20583353,3075.798
     -72.38817318,-13.20583353,3075.798
     -72.38817318,-13.20583353,3075.798
     -72.38817318,-13.20583353,3075.798
     -72.38817318,-13.20583353,3075.798
     -72.38817318,-13.20583353,3075.798
     -72.38817318,-13.20583353,3075.798
     -72.38817318,-13.20583353,3075.798
     -72.38817318,-13.20583353,3075.798
     -72.38817318,-13.20583353,3075.798
     -72.38817318,-13.20583353,3075.798
     -72.38817318,-13.20583353,3075.798
     -72.38817318,-13.20583353,3075.798
     -72.38817318,-13.20583353,3075.798
     -72.38817318,-13.20583353,3075.798
     -72.38817318,-13.20583353,3075.798
     -72.38817318,-13.20583353,3075.798
     -72.38817318,-13.20583353,3075.798
     -72.38817318,-13.20583353,3075.798
     -72.38817318,-13.20583353,3075.798
     -72.38817318,-13.20583353,3075.798
     -72.38817318,-13.20583353,3075.798
     -72.38817318,-13.20583353,3075.798
     -72.38817318,-13.20583353,3075.798
     -72.38817318,-13.20583353,3075.798
     -72.38817318,-13.20583353,3075.798
     -72.38817318,-13.20583353,3075.798
     -72.38817318,-13.20583353,3075.798
     -72.38817318,-13.20583353,3075.798
     -72.38817318,-13.20583353,3075.798
     -72.38817318,-13.20583353,3075.798
     -72.38817318,-13.20583353,3075.798
     -72.38817318,-13.20583353,3075.798
     -72.38817318,-13.20583353,3075.798
     -72.38817318,-13.20583353,3075.798
     -72.38817318,-13.20583353,3075.798
     -72.38817318,-13.20583353,3075.798
     -72.38817318,-13.20583353,3075.798
     -72.38817318,-13.20583353,3075.798
     -72.38817318,-13.20583353,3075.798
     -72.38817318,-13.20583353,3075.798
     -72.38817318,-13.20583353,3075.798
     -72.38817318,-13.20583353,3075.798
     -72.38817318,-13.20583353,3075.798
     -72.38817318,-13.20583353,3075.798
     -72.38817318,-13.20583353,3075.798
     -72.38817318,-13.20583353,3075.798
     -72.38817318,-13.20583353,3075.798
     -72.38817318,-13.20583353,3075.798
     -72.38817318,-13.20583353,3075.798
     -72.38817318,-13.20583353,3075.798
     -72.38817318,-13.20583353,3075.798
     -72.38817318,-13.20583353,3075.798
     -72.38817318,-13.20583353,3075.798
     -72.38817318,-13.20583353,3075.798
     -72.38817318,-13.20583353,3075.798
     -72.38817318,-13.20583353,3075.798
     -72.38817318,-13.20583353,3075.798
     -72.38817318,-13.20583353,3075.798
     -72.38817318,-13.20583353,3075.798
     -72.38817318,-13.20583353,3075.798
     -72.38817318,-13.20583353,3075.798
     -72.38817318,-13.20583353,3075.798
     -72.38817318,-13.20583353,3075.798
     -72.38817318,-13.20583353,3075.798
     -72.38817318,-13.20583353,3075.798
     -72.38817318,-13.20583353,3075.798
     -72.38817318,-13.20583353,3075.798
     -72.38817318,-13.20583353,3075.798
     -72.38817318,-13.20583353,3075.798
     -72.38817318,-13.20583353,3075.798
     -72.38817318,-13.20583353,3075.798
     -72.38817318,-13.20583353,3075.798
     -72.38817318,-13.20583353,3075.798
     -72.38817318,-13.20583353,3075.798
     -72.38817318,-13.20583353,3075.798
     -72.38817318,-13.20583353,3075.798
     -72.38817318,-13.20583353,3075.798
     -72.38817318,-13.20583353,3075.798
     -72.38817318,-13.20583353,3075.798
     -72.38817318,-13.20583353,3075.798
     -72.38817318,-13.20583353,3075.798
     -72.38817318,-13.20583353,3075.798
     -72.38817318,-13.20583353,3075.798
     -72.38817318,-13.20583353,3075.798
     -72.38817318,-13.20583353,3075.798
     -72.38817318,-13.20583353,3075.798
     -72.38817318,-13.20583353,3075.798
     -72.38817318,-13.20583353,3075.798
     -72.38817318,-13.20583353,3075.798
     -72.38817318,-13.20583353,3075.798
     -72.38817318,-13.20583353,3075.798
     -72.38817318,-13.20583353,3075.798
     -72.38817318,-13.20583353,3075.798
     -72.38817318,-13.20583353,3075.798
     -72.38817318,-13.20583353,3075.798
     -72.38817318,-13.20583353,3075.798
     -72.38817318,-13.20583353,3075.798
     -72.38817318,-13.20583353,3075.798
     -72.38817318,-13.20583353,3075.798
     -72.38817318,-13.20583353,3075.798
     -72.38817318,-13.20583353,3075.798
     -72.38817318,-13.20583353,3075.798
     -72.38817318,-13.20583353,3075.798
     -72.38817318,-13.20583353,3075.798
     -72.38817318,-13.20583353,3075.798
     -72.38817318,-13.20583353,3075.798
     -72.38817318,-13.20583353,3075.798
     -72.38817318,-13.20583353,3075.798
     -72.38817318,-13.20583353,3075.798
     -72.38817318,-13.20583353,3075.798
     -72.38817318,-13.20583353,3075.798
     -72.38817318,-13.20583353,3075.798
     -72.38817318,-13.20583353,3075.798
     -72.38817318,-13.20583353,3075.798
     -72.38817318,-13.20583353,3075.798
     -72.38817318,-13.20583353,3075.798
     -72.38817318,-13.20583353,3075.798
     -72.38817318,-13.20583353,3075.798
     -72.38817318,-13.20583353,3075.798
     -72.38817318,-13.20583353,3075.798
     -72.38817318,-13.20583353,3075.798
     -72.38817318,-13.20583353,3075.798
     -72.38817318,-13.20583353,3075.798
     -72.38817318,-13.20583353,3075.798
     -72.38817318,-13.20583353,3075.798
     -72.38817318,-13.20583353,3075.798
     -72.38817318,-13.20583353,3075.798
     -72.38817318,-13.20583353,3075.798
     -72.38817318,-13.20583353,3075.798
     -72.38817318,-13.20583353,3075.798
     -72.38817318,-13.20583353,3075.798
     -72.38817318,-13.20583353,3075.798
     -72.38817318,-13.20583353,3075.798
     -72.38817318,-13.20583353,3075.798
     -72.38817318,-13.20583353,3075.798
     -72.38817318,-13.20583353,3075.798
     -72.38817318,-13.20583353,3075.798
     -72.38817318,-13.20583353,3075.798
     -72.38817318,-13.20583353,3075.798
     -72.38817318,-13.20583353,3075.798
     -72.38817318,-13.20583353,3075.798
     -72.38817318,-13.20583353,3075.798
     -72.38817318,-13.20583353,3075.798
     -72.38817318,-13.20583353,3075.798
     -72.38817318,-13.20583353,3075.798
     -72.38817318,-13.20583353,3075.798
     -72.38817318,-13.20583353,3075.798
     -72.38817318,-13.20583353,3075.798
     -72.38817318,-13.20583353,3075.798
     -72.38817318,-13.20583353,3075.798
     -72.38817318,-13.20583353,3075.798
     -72.38817318,-13.20583353,3075.798
     -72.38817318,-13.20583353,3075.798
     -72.38817318,-13.20583353,3075.798
     -72.38817318,-13.20583353,3075.798
     -72.38817318,-13.20583353,3075.798
     -72.38817318,-13.20583353,3075.798
     -72.38817318,-13.20583353,3075.798
     -72.38817318,-13.20583353,3075.798
     -72.38817318,-13.20583353,3075.798
     -72.38817318,-13.20583353,3075.798
     -72.38817318,-13.20583353,3075.798
     -72.38817318,-13.20583353,3075.798
     -72.38817318,-13.20583353,3075.798
     -72.38817318,-13.20583353,3075.798
     -72.38817318,-13.20583353,3075.798
     -72.38817318,-13.20583353,3075.798
     -72.38817318,-13.20583353,3075.798
     -72.38817318,-13.20583353,3075.798
     -72.38817318,-13.20583353,3075.798
     -72.38817318,-13.20583353,3075.798
     -72.38817318,-13.20583353,3075.798
     -72.38817318,-13.20583353,3075.798
     -72.38817318,-13.20583353,3075.798
     -72.38817318,-13.20583353,3075.798
     -72.38817318,-13.20583353,3075.798
     -72.38817318,-13.20583353,3075.798
     -72.38817318,-13.20583353,3075.798
     -72.38817318,-13.20583353,3075.798
     -72.38817318,-13.20583353,3075.798
     -72.38817318,-13.20583353,3075.798
     -72.38817318,-13.20583353,3075.798
     -72.38817318,-13.20583353,3075.798
     -72.38817318,-13.20583353,3075.798
     -72.38817318,-13.20583353,3075.798
     -72.38817318,-13.20583353,3075.798
     -72.38817318,-13.20583353,3075.798
     -72.38817318,-13.20583353,3075.798
     -72.38817318,-13.20583353,3075.798
     -72.38817318,-13.20583353,3075.798
     -72.38817318,-13.20583353,3075.798
     -72.38817318,-13.20583353,3075.798
     -72.38817318,-13.20583353,3075.798
     -72.38817318,-13.20583353,3075.798
     -72.38817318,-13.20583353,3075.798
     -72.38817318,-13.20583353,3075.798
     -72.38817318,-13.20583353,3075.798
     -72.38817318,-13.20583353,3075.798
     -72.38817318,-13.20583353,3075.798
     -72.38817318,-13.20583353,3075.798
     -72.38817318,-13.20583353,3075.798
     -72.38817318,-13.20583353,3075.798
     -72.38817318,-13.20583353,3075.798
     -72.38817318,-13.20583353,3075.798
     -72.38817318,-13.20583353,3075.798
     -72.38817318,-13.20583353,3075.798
     -72.38817318,-13.20583353,3075.798
     -72.38817318,-13.20583353,3075.798
     -72.38817318,-13.20583353,3075.798
     -72.38817318,-13.20583353,3075.798
     -72.38817318,-13.20583353,3075.798
     -72.38817318,-13.20583353,3075.798
     -72.38817318,-13.20583353,3075.798
     -72.38817318,-13.20583353,3075.798
     -72.38817318,-13.20583353,3075.798
     -72.38817318,-13.20583353,3075.798
     -72.38817318,-13.20583353,3075.798
     -72.38817318,-13.20583353,3075.798
     -72.38817318,-13.20583353,3075.798
     -72.38817318,-13.20583353,3075.798
     -72.38817318,-13.20583353,3075.798
     -72.38817318,-13.20583353,3075.798
     -72.38817318,-13.20583353,3075.798
     -72.38817318,-13.20583353,3075.798
     -72.38817318,-13.20583353,3075.798
     -72.38817318,-13.20583353,3075.798
     -72.38817318,-13.20583353,3075.798
     -72.38817318,-13.20583353,3075.798
     -72.38817318,-13.20583353,3075.798
     -72.38817318,-13.20583353,3075.798
     -72.38817318,-13.20583353,3075.798
     -72.38817318,-13.20583353,3075.798
     -72.38817318,-13.20583353,3075.798
     -72.38817318,-13.20583353,3075.798
     -72.38817318,-13.20583353,3075.798
     -72.38817318,-13.20583353,3075.798
     -72.38817318,-13.20583353,3075.798
     -72.38817318,-13.20583353,3075.798
     -72.38817318,-13.20583353,3075.798
     -72.38817318,-13.20583353,3075.798
     -72.38817318,-13.20583353,3075.798
     -72.38817318,-13.20583353,3075.798
     -72.38817318,-13.20583353,3075.798
     -72.38817318,-13.20583353,3075.798
     -72.38817318,-13.20583353,3075.798
     -72.38817318,-13.20583353,3075.798
     -72.38817318,-13.20583353,3075.798
     -72.38817318,-13.20583353,3075.798
     -72.38817318,-13.20583353,3075.798
     -72.38817318,-13.20583353,3075.798
     -72.38817318,-13.20583353,3075.798
     -72.38817318,-13.20583353,3075.798
     -72.38817318,-13.20583353,3075.798
     -72.38817318,-13.20583353,3075.798
     -72.38817318,-13.20583353,3075.798
     -72.38817318,-13.20583353,3075.798
     -72.38817318,-13.20583353,3075.798
     -72.38817318,-13.20583353,3075.798
     -72.38817318,-13.20583353,3075.798
     -72.38817318,-13.20583353,3075.798
     -72.38817318,-13.20583353,3075.798
     -72.38817318,-13.20583353,3075.798
     -72.38817318,-13.20583353,3075.798
     -72.38817318,-13.20583353,3075.798
     -72.38817318,-13.20583353,3075.798
     -72.38817318,-13.20583353,3075.798
     -72.38817318,-13.20583353,3075.798
     -72.38817318,-13.20583353,3075.798
     -72.38817318,-13.20583353,3075.798
     -72.38817318,-13.20583353,3075.798
     -72.38817318,-13.20583353,3075.798
     -72.38817318,-13.20583353,3075.798
     -72.38817318,-13.20583353,3075.798
     -72.38817318,-13.20583353,3075.798
     -72.38817318,-13.20583353,3075.798
     -72.38817318,-13.20583353,3075.798
     -72.38817318,-13.20583353,3075.798
     -72.38817318,-13.20583353,3075.798
     -72.38817318,-13.20583353,3075.798
     -72.38817318,-13.20583353,3075.798
     -72.38817318,-13.20583353,3075.798
     -72.38817318,-13.20583353,3075.798
     -72.38817318,-13.20583353,3075.798
     -72.38817318,-13.20583353,3075.798
     -72.38817318,-13.20583353,3075.798
     -72.38817318,-13.20583353,3075.798
     -72.38817318,-13.20583353,3075.798
     -72.38817318,-13.20583353,3075.798
     -72.38817318,-13.20583353,3075.798
     -72.38817318,-13.20583353,3075.798
     -72.38817318,-13.20583353,3075.798
     -72.38817318,-13.20583353,3075.798
     -72.38817643,-13.20584352,3076.022
     -72.38817800,-13.20585402,3075.966
     -72.38817800,-13.20585403,3075.966
     -72.38817800,-13.20585403,3075.966
     -72.38817800,-13.20585403,3075.966
     -72.38817800,-13.20585403,3075.966
     -72.38817800,-13.20585403,3075.966
     -72.38817800,-13.20585403,3075.966
     -72.38817800,-13.20585403,3075.966
     -72.38817800,-13.20585403,3075.966
     -72.38817800,-13.20585403,3075.966
     -72.38817800,-13.20585403,3075.966
     -72.38817800,-13.20585403,3075.966
     -72.38817800,-13.20585403,3075.966
     -72.38817800,-13.20585403,3075.966
     -72.38817800,-13.20585403,3075.966
     -72.38817800,-13.20585403,3075.966
     -72.38817800,-13.20585403,3075.966
     -72.38817800,-13.20585403,3075.966
     -72.38817800,-13.20585403,3075.966
     -72.38817800,-13.20585403,3075.966
     -72.38817800,-13.20585403,3075.966
     -72.38817800,-13.20585403,3075.966
     -72.38817800,-13.20585403,3075.966
     -72.38817800,-13.20585403,3075.966
     -72.38817800,-13.20585403,3075.966
     -72.38818695,-13.20586965,3075.457
     -72.38819462,-13.20588227,3075.004
     -72.38820100,-13.20589835,3074.380
     -72.38820180,-13.20590862,3073.520
     -72.38820180,-13.20590862,3073.520
     -72.38820180,-13.20590862,3073.520
     -72.38819713,-13.20592300,3071.852
     -72.38819395,-13.20593512,3071.822
     -72.38820000,-13.20595498,3073.229
     -72.38821220,-13.20596262,3072.526
     -72.38822347,-13.20596100,3071.702
     -72.38823638,-13.20596573,3071.133
     -72.38824128,-13.20597220,3071.476
     -72.38824128,-13.20597220,3071.476
     -72.38824128,-13.20597220,3071.476
     -72.38824128,-13.20597220,3071.476
     -72.38824543,-13.20597523,3071.123
     -72.38824543,-13.20597523,3071.123
     -72.38824840,-13.20598088,3072.137
     -72.38824840,-13.20598088,3072.138
     -72.38824840,-13.20598088,3072.138
     -72.38824840,-13.20598088,3072.138
     -72.38823660,-13.20598028,3070.717
     -72.38822435,-13.20598055,3070.129
     -72.38820962,-13.20598293,3068.781
     -72.38820453,-13.20598577,3067.015
     -72.38820453,-13.20598577,3067.015
     -72.38820453,-13.20598577,3067.015
     -72.38820453,-13.20598577,3067.015
     -72.38820453,-13.20598577,3067.015
     -72.38821150,-13.20597747,3065.575
     -72.38821347,-13.20598332,3063.406
     -72.38821233,-13.20599463,3063.605
     -72.38821115,-13.20600577,3064.078
     -72.38820755,-13.20601535,3063.218
     -72.38820755,-13.20601535,3063.218
     -72.38819852,-13.20602607,3063.584
     -72.38819078,-13.20603368,3063.890
     -72.38818883,-13.20603713,3063.158
     -72.38817927,-13.20603972,3062.348
     -72.38817053,-13.20604353,3062.665
     -72.38816383,-13.20604638,3062.511
     -72.38816243,-13.20604765,3061.799
     -72.38816243,-13.20604765,3061.799
     -72.38816363,-13.20605535,3061.322
     -72.38815792,-13.20606688,3060.571
     -72.38815002,-13.20608378,3060.789
     -72.38815002,-13.20608378,3060.789
     -72.38815002,-13.20608378,3060.789
     -72.38815002,-13.20608378,3060.789
     -72.38815002,-13.20608378,3060.789
     -72.38815002,-13.20608378,3060.789
     -72.38815002,-13.20608378,3060.789
     -72.38815982,-13.20608012,3060.354
     -72.38816872,-13.20608637,3061.922
     -72.38816545,-13.20609382,3062.516
     -72.38816283,-13.20609840,3063.174
     -72.38815237,-13.20610690,3063.791
     -72.38813697,-13.20611100,3063.917
     -72.38811702,-13.20611163,3064.910
     -72.38810135,-13.20610852,3064.955
     -72.38808552,-13.20610792,3064.766
     -72.38806930,-13.20610423,3065.880
     -72.38805873,-13.20610092,3066.609
     -72.38805417,-13.20610227,3066.126
     -72.38804825,-13.20611182,3066.583
     -72.38804857,-13.20612308,3066.401
     -72.38805353,-13.20613382,3064.566
     -72.38806443,-13.20614097,3063.165
     -72.38807240,-13.20615098,3062.051
     -72.38808302,-13.20615452,3061.362
     -72.38809447,-13.20615382,3060.690
     -72.38810910,-13.20615607,3060.722
     -72.38812028,-13.20615818,3060.695
     -72.38813248,-13.20616595,3060.671
     -72.38813705,-13.20617393,3060.211
     -72.38813395,-13.20618057,3060.663
     -72.38813193,-13.20618067,3059.773
     -72.38812013,-13.20618140,3058.892
     -72.38810843,-13.20618823,3059.448
     -72.38810193,-13.20619495,3059.838
     -72.38810193,-13.20619495,3059.838
     -72.38810470,-13.20619193,3059.356
     -72.38811492,-13.20619522,3058.399
     -72.38812927,-13.20619928,3057.607
     -72.38813662,-13.20621033,3057.929
     -72.38813505,-13.20622242,3056.747
     -72.38813033,-13.20623405,3055.865
     -72.38812878,-13.20624530,3054.511
     -72.38813277,-13.20625272,3053.234
     -72.38813277,-13.20625272,3053.234
     -72.38813228,-13.20625642,3052.877
     -72.38813228,-13.20625642,3052.877
     -72.38813228,-13.20625642,3052.877
     -72.38813228,-13.20625642,3052.877
     -72.38813845,-13.20626442,3051.290
     -72.38814652,-13.20626877,3050.377
     -72.38815713,-13.20627728,3049.455
     -72.38816632,-13.20628610,3048.748
     -72.38816630,-13.20628610,3048.748
     -72.38816630,-13.20628610,3048.748
     -72.38816630,-13.20628610,3048.748
     -72.38816630,-13.20628610,3048.748
     -72.38816630,-13.20628610,3048.748
     -72.38816630,-13.20628610,3048.748
     -72.38816630,-13.20628610,3048.748
     -72.38816630,-13.20628610,3048.748
     -72.38816630,-13.20628610,3048.748
     -72.38816630,-13.20628610,3048.748
     -72.38816630,-13.20628610,3048.748
     -72.38816630,-13.20628610,3048.748
     -72.38816630,-13.20628610,3048.748
     -72.38816630,-13.20628610,3048.748
     -72.38816630,-13.20628610,3048.748
     -72.38816630,-13.20628610,3048.748
     -72.38815595,-13.20628908,3047.146
     -72.38815595,-13.20628908,3047.146
     -72.38815595,-13.20628908,3047.146
     -72.38815595,-13.20628908,3047.146
     -72.38813522,-13.20629302,3048.664
     -72.38812097,-13.20630400,3048.811
     -72.38811332,-13.20631687,3049.822
     -72.38811330,-13.20631687,3049.822
     -72.38811330,-13.20631687,3049.822
     -72.38811330,-13.20631687,3049.822
     -72.38811330,-13.20631687,3049.822
     -72.38811330,-13.20631687,3049.822
     -72.38811330,-13.20631687,3049.822
     -72.38811330,-13.20631687,3049.822
     -72.38811330,-13.20631687,3049.822
     -72.38811330,-13.20631687,3049.822
     -72.38811330,-13.20631687,3049.822
     -72.38811330,-13.20631687,3049.822
     -72.38810828,-13.20631590,3049.759
     -72.38809798,-13.20631557,3050.291
     -72.38808767,-13.20631605,3050.372
     -72.38807545,-13.20631448,3051.373
     -72.38806327,-13.20631530,3052.206
     -72.38805250,-13.20631917,3052.104
     -72.38805250,-13.20631917,3052.104
     -72.38805250,-13.20631917,3052.104
     -72.38805250,-13.20631917,3052.104
     -72.38805250,-13.20631917,3052.104
     -72.38805250,-13.20631917,3052.104
     -72.38805710,-13.20631258,3052.144
     -72.38805710,-13.20631258,3052.144
     -72.38805710,-13.20631258,3052.144
     -72.38805710,-13.20631258,3052.144
     -72.38805710,-13.20631258,3052.144
     -72.38805710,-13.20631258,3052.144
     -72.38805710,-13.20631258,3052.144
     -72.38805710,-13.20631258,3052.144
     -72.38805710,-13.20631258,3052.144
     -72.38806902,-13.20632537,3050.227
     -72.38807115,-13.20634483,3050.769
     -72.38806283,-13.20635627,3051.491
     -72.38803778,-13.20635605,3052.593
     -72.38801475,-13.20635183,3051.138
     -72.38800185,-13.20634217,3048.938
     -72.38799505,-13.20632820,3049.343
     -72.38798378,-13.20632415,3050.503
     -72.38796955,-13.20632282,3052.090
     -72.38795488,-13.20632005,3053.028
     -72.38794647,-13.20632102,3053.306
     -72.38794175,-13.20632417,3053.331
     -72.38793213,-13.20632150,3054.418
     -72.38792325,-13.20631642,3054.394
     -72.38791213,-13.20631215,3054.055
     -72.38790482,-13.20631027,3054.137
     -72.38789963,-13.20631063,3054.531
     -72.38789963,-13.20631063,3054.531
     -72.38789963,-13.20631063,3054.531
     -72.38790417,-13.20631597,3054.199
     -72.38790417,-13.20631597,3054.199
     -72.38790417,-13.20631597,3054.199
     -72.38790417,-13.20631597,3054.199
     -72.38790417,-13.20631597,3054.199
     -72.38790417,-13.20631597,3054.199
     -72.38790417,-13.20631597,3054.199
     -72.38790417,-13.20631597,3054.199
     -72.38790417,-13.20631597,3054.199
     -72.38792148,-13.20633027,3053.228
     -72.38793547,-13.20634442,3051.750
     -72.38795033,-13.20635453,3051.012
     -72.38795240,-13.20636550,3050.672
     -72.38794835,-13.20637130,3050.014
     -72.38794022,-13.20637363,3049.346
     -72.38794022,-13.20637363,3049.346
     -72.38792572,-13.20637205,3048.188
     -72.38791703,-13.20636995,3046.942
     -72.38790610,-13.20636693,3046.287
     -72.38789057,-13.20636443,3045.585
     -72.38787970,-13.20636110,3045.045
     -72.38786855,-13.20635582,3044.641
     -72.38785673,-13.20635088,3045.268
     -72.38784427,-13.20635052,3045.617
     -72.38784428,-13.20635052,3045.617
     -72.38784428,-13.20635052,3045.617
     -72.38784637,-13.20636245,3046.837
     -72.38785368,-13.20637083,3046.443
     -72.38786180,-13.20638053,3045.907
     -72.38787082,-13.20639375,3046.039
     -72.38787965,-13.20640688,3045.764
     -72.38788755,-13.20641748,3044.936
     -72.38789652,-13.20642660,3044.784
     -72.38790432,-13.20643352,3044.294
     -72.38791437,-13.20643798,3044.229
     -72.38792062,-13.20644457,3043.688
     -72.38793277,-13.20645082,3042.892
     -72.38794298,-13.20645775,3042.573
     -72.38795497,-13.20646330,3041.660
     -72.38796298,-13.20646458,3041.538
     -72.38797143,-13.20647002,3040.545
     -72.38797850,-13.20647498,3039.915
     -72.38798470,-13.20648080,3040.611
     -72.38799055,-13.20648647,3040.207
     -72.38800027,-13.20649928,3040.383
     -72.38800782,-13.20650532,3040.174
     -72.38801657,-13.20650670,3039.482
     -72.38803045,-13.20650548,3039.692
     -72.38803482,-13.20650198,3039.896
     -72.38803815,-13.20650002,3040.443
     -72.38803958,-13.20649913,3039.900
     -72.38803990,-13.20649498,3038.305
     -72.38803793,-13.20649053,3037.631
     -72.38803657,-13.20648430,3037.811
     -72.38803650,-13.20648390,3038.140
     -72.38803800,-13.20648473,3037.630
     -72.38803447,-13.20648367,3037.964
     -72.38803020,-13.20648367,3037.956
     -72.38801993,-13.20648702,3037.800
     -72.38801420,-13.20649097,3039.217
     -72.38799687,-13.20649643,3040.349
     -72.38797630,-13.20649097,3040.878
     -72.38796535,-13.20649495,3042.028
     -72.38795268,-13.20649055,3041.819
     -72.38795268,-13.20649055,3041.819
     -72.38795268,-13.20649055,3041.819
     -72.38795268,-13.20649055,3041.819
     -72.38795268,-13.20649055,3041.819
     -72.38795268,-13.20649055,3041.819
     -72.38795268,-13.20649055,3041.819
     -72.38795268,-13.20649055,3041.819
     -72.38795268,-13.20649055,3041.819
     -72.38795268,-13.20649055,3041.819
     -72.38795268,-13.20649055,3041.819
     -72.38795268,-13.20649055,3041.819
     -72.38795268,-13.20649055,3041.819
     -72.38795268,-13.20649055,3041.819
     -72.38795268,-13.20649055,3041.819
     -72.38795268,-13.20649055,3041.819
     -72.38795268,-13.20649055,3041.819
     -72.38795268,-13.20649055,3041.819
     -72.38795612,-13.20647783,3039.850
     -72.38795492,-13.20647295,3040.390
     -72.38795335,-13.20646973,3040.173
     -72.38795335,-13.20646973,3040.173
     -72.38795335,-13.20646973,3040.173
     -72.38794440,-13.20646308,3039.387
     -72.38792932,-13.20645563,3038.722
     -72.38791457,-13.20645313,3037.966
     -72.38790130,-13.20645298,3037.973
     -72.38788465,-13.20644877,3038.910
     -72.38788465,-13.20644877,3038.910
     -72.38788465,-13.20644877,3038.910
     -72.38788465,-13.20644877,3038.910
     -72.38788465,-13.20644877,3038.910
     -72.38788465,-13.20644877,3038.910
     -72.38789137,-13.20645713,3038.719
     -72.38788813,-13.20646902,3038.509
     -72.38789040,-13.20648167,3038.167
     -72.38789305,-13.20649662,3037.322
     -72.38789388,-13.20650907,3036.292
     -72.38789598,-13.20651725,3035.892
     -72.38789598,-13.20651725,3035.892
     -72.38789598,-13.20651725,3035.892
     -72.38789598,-13.20651725,3035.892
     -72.38789598,-13.20651725,3035.892
     -72.38789598,-13.20651725,3035.892
     -72.38789598,-13.20651725,3035.892
     -72.38789598,-13.20651725,3035.892
     -72.38788888,-13.20651262,3035.956
     -72.38787728,-13.20651235,3035.842
     -72.38786537,-13.20651445,3035.904
     -72.38785057,-13.20651797,3036.346
     -72.38784242,-13.20652622,3036.910
     -72.38784238,-13.20653925,3037.275
     -72.38784552,-13.20654840,3036.991
     -72.38785770,-13.20655578,3035.681
     -72.38786867,-13.20656145,3034.619
     -72.38787482,-13.20656782,3034.769
     -72.38788158,-13.20657368,3033.336
     -72.38789433,-13.20657837,3032.880
     -72.38790613,-13.20658663,3033.195
     -72.38791537,-13.20659138,3033.756
     -72.38791940,-13.20660165,3033.469
     -72.38791732,-13.20661232,3034.029
     -72.38791732,-13.20661232,3034.029
     -72.38789920,-13.20660888,3034.981
     -72.38788193,-13.20659938,3036.321
     -72.38786438,-13.20659005,3036.917
     -72.38785103,-13.20659402,3038.277
     -72.38785103,-13.20659402,3038.277
     -72.38785103,-13.20659402,3038.277
     -72.38786228,-13.20659712,3038.100
     -72.38787968,-13.20660295,3038.001
     -72.38789248,-13.20660820,3037.170
     -72.38789248,-13.20660820,3037.170
     -72.38790603,-13.20661433,3035.137
     -72.38791688,-13.20661922,3034.765
     -72.38791743,-13.20662878,3034.297
     -72.38791280,-13.20663092,3032.394
     -72.38790163,-13.20662960,3031.655
     -72.38789097,-13.20662585,3031.673
     -72.38787900,-13.20661868,3031.152
     -72.38786775,-13.20661315,3031.546
     -72.38786775,-13.20661315,3031.546
     -72.38786775,-13.20661315,3031.546
     -72.38785820,-13.20661527,3030.498
     -72.38785118,-13.20661783,3031.177
     -72.38784153,-13.20661740,3031.844
     -72.38783070,-13.20661705,3032.225
     -72.38782172,-13.20661942,3032.331
     -72.38781555,-13.20662047,3032.112
     -72.38781317,-13.20662572,3031.411
     -72.38781013,-13.20663350,3031.457
     -72.38781125,-13.20664100,3031.087
     -72.38781125,-13.20664100,3031.087
     -72.38783252,-13.20664720,3030.858
     -72.38784720,-13.20665310,3030.909
     -72.38785993,-13.20665767,3031.357
     -72.38786728,-13.20666235,3031.320
     -72.38787583,-13.20666683,3031.872
     -72.38788707,-13.20666742,3031.916
     -72.38789257,-13.20666773,3031.643
     -72.38789958,-13.20666585,3031.316
     -72.38790650,-13.20666932,3031.357
     -72.38790910,-13.20667393,3031.543
     -72.38791467,-13.20668143,3031.275
     -72.38792200,-13.20669233,3031.563
     -72.38792935,-13.20669868,3031.320
     -72.38793800,-13.20670357,3030.214
     -72.38793910,-13.20671183,3030.164
     -72.38793602,-13.20671745,3030.040
     -72.38792353,-13.20671655,3030.380
     -72.38790770,-13.20671553,3030.676
     -72.38789208,-13.20671275,3030.672
     -72.38787705,-13.20671025,3030.834
     -72.38786158,-13.20670697,3030.902
     -72.38785087,-13.20670770,3031.228
     -72.38784473,-13.20671140,3031.772
     -72.38784640,-13.20671410,3031.429
     -72.38785175,-13.20671915,3030.930
     -72.38786252,-13.20672605,3030.245
     -72.38787193,-13.20672968,3029.230
     -72.38788473,-13.20673157,3028.211
     -72.38788473,-13.20673157,3028.211
     -72.38788473,-13.20673157,3028.211
     -72.38788783,-13.20673375,3028.446
     -72.38788078,-13.20673263,3028.540
     -72.38787257,-13.20672763,3028.105
     -72.38786277,-13.20672198,3027.949
     -72.38784857,-13.20671603,3028.401
     -72.38783308,-13.20670868,3029.612
     -72.38781947,-13.20670595,3030.409
     -72.38780225,-13.20670642,3030.821
     -72.38778502,-13.20671190,3030.414
     -72.38776603,-13.20670872,3030.654
     -72.38775465,-13.20670812,3030.146
     -72.38774580,-13.20670537,3029.527
     -72.38773645,-13.20670053,3029.008
     -72.38772447,-13.20669100,3028.897
     -72.38771527,-13.20668445,3028.481
     -72.38770640,-13.20667715,3028.863
     -72.38769752,-13.20666688,3028.450
     -72.38768778,-13.20666143,3028.673
     -72.38767875,-13.20665610,3028.432
     -72.38767877,-13.20665610,3028.432
     -72.38767877,-13.20665610,3028.432
     -72.38767877,-13.20665610,3028.432
     -72.38767877,-13.20665610,3028.432
     -72.38767877,-13.20665610,3028.432
     -72.38767877,-13.20665610,3028.432
     -72.38767877,-13.20665610,3028.432
     -72.38767877,-13.20665610,3028.432
     -72.38767877,-13.20665610,3028.432
     -72.38767877,-13.20665610,3028.432
     -72.38767877,-13.20665610,3028.432
     -72.38767343,-13.20665292,3028.997
     -72.38767343,-13.20665292,3028.997
     -72.38767498,-13.20665280,3030.693
     -72.38767320,-13.20664700,3031.333
     -72.38767307,-13.20663910,3031.013
     -72.38766795,-13.20663597,3030.386
     -72.38766472,-13.20663488,3029.496
     -72.38765257,-13.20662917,3028.715
     -72.38763987,-13.20661947,3029.147
     -72.38763072,-13.20660770,3029.304
     -72.38761682,-13.20659583,3028.740
     -72.38760763,-13.20658818,3028.255
     -72.38760283,-13.20658995,3028.262
     -72.38759793,-13.20659905,3027.832
     -72.38759525,-13.20660938,3027.702
     -72.38759487,-13.20662098,3027.607
     -72.38760497,-13.20663560,3027.022
     -72.38761257,-13.20665063,3026.309
     -72.38762455,-13.20666573,3025.888
     -72.38762968,-13.20667743,3024.695
     -72.38763662,-13.20668438,3023.676
     -72.38764445,-13.20668963,3023.569
     -72.38765090,-13.20670162,3024.024
     -72.38765990,-13.20670923,3023.570
     -72.38766485,-13.20671670,3023.069
     -72.38767168,-13.20672010,3023.158
     -72.38768148,-13.20672282,3022.481
     -72.38769238,-13.20672573,3022.311
     -72.38770347,-13.20672692,3022.710
     -72.38771198,-13.20672677,3022.023
     -72.38772247,-13.20672487,3021.897
     -72.38773633,-13.20672678,3022.373
     -72.38774983,-13.20672802,3022.531
     -72.38776585,-13.20673553,3022.317
     -72.38777492,-13.20673745,3021.205
     -72.38778602,-13.20674092,3021.183
     -72.38779608,-13.20674313,3020.257
     -72.38780308,-13.20674690,3019.601
     -72.38781088,-13.20675177,3018.664
     -72.38782293,-13.20676050,3017.985
     -72.38783402,-13.20676500,3017.841
     -72.38784232,-13.20676425,3018.116
     -72.38784935,-13.20676135,3019.807
     -72.38785767,-13.20675430,3020.736
     -72.38786778,-13.20675415,3019.793
     -72.38788042,-13.20675678,3019.143
     -72.38789063,-13.20675655,3018.413
     -72.38790127,-13.20675760,3018.270
     -72.38791205,-13.20676017,3019.017
     -72.38792413,-13.20676453,3019.245
     -72.38793132,-13.20676502,3018.888
     -72.38794275,-13.20677005,3018.829
     -72.38795312,-13.20676993,3017.915
     -72.38796935,-13.20677347,3016.976
     -72.38798020,-13.20678002,3017.841
     -72.38798670,-13.20678515,3018.909
     -72.38798780,-13.20678743,3018.746
     -72.38799548,-13.20679175,3017.768
     -72.38800640,-13.20679455,3017.280
     -72.38801250,-13.20679665,3018.252
     -72.38801867,-13.20679697,3018.567
     -72.38802168,-13.20679432,3017.767
     -72.38801738,-13.20679290,3017.315
     -72.38801012,-13.20679597,3017.078
     -72.38800398,-13.20680182,3017.256
     -72.38799937,-13.20680750,3017.598
     -72.38798802,-13.20681457,3017.071
     -72.38797542,-13.20681720,3016.426
     -72.38797542,-13.20681720,3016.426
     -72.38797270,-13.20682013,3015.970
     -72.38797282,-13.20682518,3015.507
     -72.38797860,-13.20683068,3014.788
     -72.38798318,-13.20683980,3013.877
     -72.38798625,-13.20684835,3013.779
     -72.38798625,-13.20684837,3013.779
     -72.38798625,-13.20684837,3013.779
     -72.38798625,-13.20684837,3013.779
     -72.38798625,-13.20684837,3013.779
     -72.38798625,-13.20684837,3013.779
     -72.38798625,-13.20684837,3013.779
     -72.38798625,-13.20684837,3013.779
     -72.38798625,-13.20684837,3013.779
     -72.38798625,-13.20684837,3013.779
     -72.38798625,-13.20684837,3013.779
     -72.38798545,-13.20685568,3012.509
     -72.38796863,-13.20685930,3013.064
     -72.38796863,-13.20685930,3013.064
     -72.38796863,-13.20685930,3013.064
     -72.38796863,-13.20685930,3013.064
     -72.38796863,-13.20685930,3013.064
     -72.38794863,-13.20686073,3014.784
     -72.38793457,-13.20686752,3014.811
     -72.38791280,-13.20687302,3016.031
     -72.38789642,-13.20688082,3016.704
     -72.38788963,-13.20689115,3016.863
     -72.38788962,-13.20689115,3016.863
     -72.38788962,-13.20689115,3016.863
     -72.38789697,-13.20689782,3018.118
     -72.38790593,-13.20690520,3019.725
     -72.38791620,-13.20691072,3019.531
     -72.38792532,-13.20691667,3019.916
     -72.38793187,-13.20692305,3019.994
     -72.38793187,-13.20692305,3019.995
     -72.38794707,-13.20692405,3019.057
     -72.38796047,-13.20692453,3017.488
     -72.38797082,-13.20691873,3016.005
     -72.38797082,-13.20691873,3016.005
     -72.38797082,-13.20691873,3016.005
     -72.38797082,-13.20691873,3016.005
     -72.38797082,-13.20691873,3016.005
     -72.38797082,-13.20691873,3016.005
     -72.38797082,-13.20691873,3016.005
     -72.38797082,-13.20691873,3016.005
     -72.38797082,-13.20691873,3016.005
     -72.38797082,-13.20691873,3016.005
     -72.38797082,-13.20691873,3016.005
     -72.38797082,-13.20691873,3016.005
     -72.38797082,-13.20691873,3016.005
     -72.38797082,-13.20691873,3016.005
     -72.38797340,-13.20692865,3016.182
     -72.38797340,-13.20692865,3016.182
     -72.38797340,-13.20692865,3016.182
     -72.38797340,-13.20692865,3016.182
     -72.38797340,-13.20692865,3016.182
     -72.38797340,-13.20692865,3016.182
     -72.38797340,-13.20692865,3016.182
     -72.38797340,-13.20692865,3016.182
     -72.38797340,-13.20692865,3016.182
     -72.38797340,-13.20692865,3016.182
     -72.38797340,-13.20692865,3016.182
     -72.38797340,-13.20692865,3016.182
     -72.38797340,-13.20692865,3016.182
     -72.38797340,-13.20692865,3016.182
     -72.38797340,-13.20692865,3016.182
     -72.38797340,-13.20692865,3016.182
     -72.38797340,-13.20692865,3016.182
     -72.38797340,-13.20692865,3016.182
     -72.38797340,-13.20692865,3016.182
     -72.38797340,-13.20692865,3016.182
     -72.38796290,-13.20693208,3016.633
     -72.38794762,-13.20692890,3016.630
     -72.38793537,-13.20692927,3016.551
     -72.38792037,-13.20692677,3016.118
     -72.38790532,-13.20692505,3016.139
     -72.38789087,-13.20692348,3016.648
     -72.38788018,-13.20692092,3017.608
     -72.38786787,-13.20692005,3018.789
     -72.38785645,-13.20691795,3019.506
     -72.38784672,-13.20691748,3019.485
     -72.38783928,-13.20691365,3019.902
     -72.38783258,-13.20690715,3019.741
     -72.38782397,-13.20690283,3019.391
     -72.38781470,-13.20690223,3018.661
     -72.38780092,-13.20690475,3018.798
     -72.38778377,-13.20690920,3019.248
     -72.38776782,-13.20691120,3020.012
     -72.38775452,-13.20691282,3020.244
     -72.38774493,-13.20690857,3020.994
     -72.38773637,-13.20690768,3021.654
     -72.38772772,-13.20690732,3021.358
     -72.38771650,-13.20690773,3021.427
     -72.38770768,-13.20690645,3021.364
     -72.38769938,-13.20690600,3020.694
     -72.38769323,-13.20691223,3020.349
     -72.38769348,-13.20691640,3019.713
     -72.38770118,-13.20692115,3018.896
     -72.38770918,-13.20692465,3017.833
     -72.38772278,-13.20693225,3016.675
     -72.38773622,-13.20694002,3015.739
     -72.38775352,-13.20694185,3014.907
     -72.38777283,-13.20694117,3015.281
     -72.38778852,-13.20693867,3015.281
     -72.38780540,-13.20693502,3015.499
     -72.38782102,-13.20692957,3015.667
     -72.38782917,-13.20692387,3015.212
     -72.38784038,-13.20692675,3015.314
     -72.38785068,-13.20692525,3015.249
     -72.38785718,-13.20692448,3014.530
     -72.38786215,-13.20692718,3014.491
     -72.38787457,-13.20693218,3014.070
     -72.38788478,-13.20693750,3014.083
     -72.38789910,-13.20694123,3014.594
     -72.38790985,-13.20694058,3015.175
     -72.38791935,-13.20693942,3014.487
     -72.38793393,-13.20694377,3013.768
     -72.38794377,-13.20694643,3011.999
     -72.38795080,-13.20695405,3012.553
     -72.38795357,-13.20696008,3012.414
     -72.38795522,-13.20696778,3012.791
     -72.38795425,-13.20697238,3012.386
     -72.38795513,-13.20697850,3010.693
     -72.38794653,-13.20698823,3010.152
     -72.38793950,-13.20699477,3010.070
     -72.38792958,-13.20699642,3010.606
     -72.38792440,-13.20700482,3010.780
     -72.38792263,-13.20701400,3011.052
     -72.38792217,-13.20702008,3011.866
     -72.38792198,-13.20702747,3012.295
     -72.38792110,-13.20703710,3011.966
     -72.38792110,-13.20703708,3011.966
     -72.38792110,-13.20703708,3011.966
     -72.38792110,-13.20703708,3011.966
     -72.38792110,-13.20703708,3011.966
     -72.38792322,-13.20704453,3012.168
     -72.38791847,-13.20705600,3011.898
     -72.38790563,-13.20706833,3011.901
     -72.38788682,-13.20707658,3011.784
     -72.38786953,-13.20708288,3012.212
     -72.38785018,-13.20708608,3013.068
     -72.38782992,-13.20708620,3013.463
     -72.38780750,-13.20708863,3013.521
     -72.38778730,-13.20709068,3013.929
     -72.38776963,-13.20709300,3014.189
     -72.38775260,-13.20709118,3014.119
     -72.38773655,-13.20709017,3013.449
     -72.38771893,-13.20708628,3013.442
     -72.38770550,-13.20708257,3013.886
     -72.38769925,-13.20707802,3014.683
     -72.38769020,-13.20707090,3014.893
     -72.38768177,-13.20706358,3014.921
     -72.38767055,-13.20705878,3014.552
     -72.38765688,-13.20705993,3013.952
     -72.38764503,-13.20705973,3014.162
     -72.38763288,-13.20706120,3014.290
     -72.38761302,-13.20707573,3013.970
     -72.38760112,-13.20707655,3013.750
     -72.38759183,-13.20707475,3013.487
     -72.38758202,-13.20707422,3013.074
     -72.38757140,-13.20706910,3012.523
     -72.38756020,-13.20706350,3011.708
     -72.38754835,-13.20706345,3011.278
     -72.38753373,-13.20706220,3010.627
     -72.38752000,-13.20706172,3010.239
     -72.38751122,-13.20706043,3009.885
     -72.38750528,-13.20705878,3010.128
     -72.38749745,-13.20705633,3010.278
     -72.38748860,-13.20705703,3010.653
     -72.38747790,-13.20705843,3011.476
     -72.38746747,-13.20705942,3012.614
     -72.38745512,-13.20705922,3012.427
     -72.38744273,-13.20705665,3012.262
     -72.38742853,-13.20705230,3012.312
     -72.38741502,-13.20704622,3012.012
     -72.38740165,-13.20703937,3011.604
     -72.38739345,-13.20703515,3011.279
     -72.38738632,-13.20703223,3011.083
     -72.38738632,-13.20703223,3011.083
     -72.38738632,-13.20703223,3011.083
     -72.38738632,-13.20703223,3011.083
     -72.38738632,-13.20703223,3011.083
     -72.38739857,-13.20703830,3010.758
     -72.38740427,-13.20704585,3011.083
     -72.38741223,-13.20705177,3010.995
     -72.38741783,-13.20705717,3010.241
     -72.38741783,-13.20705717,3010.241
     -72.38741783,-13.20705717,3010.241
     -72.38741783,-13.20705717,3010.241
     -72.38741237,-13.20706343,3008.978
     -72.38741237,-13.20706343,3008.978
     -72.38741237,-13.20706343,3008.978
     -72.38741237,-13.20706343,3008.978
     -72.38741237,-13.20706343,3008.978
     -72.38741237,-13.20706343,3008.978
     -72.38740222,-13.20705720,3009.216
     -72.38739228,-13.20705650,3008.431
     -72.38738240,-13.20705213,3007.983
     -72.38737338,-13.20704330,3006.968
     -72.38736760,-13.20703540,3005.979
     -72.38736775,-13.20703162,3005.393
     -72.38736227,-13.20702570,3005.093
     -72.38735110,-13.20701650,3005.298
     -72.38735110,-13.20701650,3005.298
     -72.38734997,-13.20701385,3005.771
     -72.38735147,-13.20701590,3005.241
     -72.38735033,-13.20701963,3004.734
     -72.38735668,-13.20702002,3005.064
     -72.38736062,-13.20701792,3005.239
     -72.38736062,-13.20701792,3005.239
     -72.38736217,-13.20702130,3005.882
     -72.38736795,-13.20702690,3005.866
     -72.38737040,-13.20703082,3005.537
     -72.38737055,-13.20703432,3005.833
     -72.38737007,-13.20703567,3006.273
     -72.38736955,-13.20703790,3006.080
     -72.38736773,-13.20704000,3006.160
     -72.38736508,-13.20704025,3006.280
     -72.38736095,-13.20704145,3007.073
     -72.38735875,-13.20704158,3006.993
     -72.38736050,-13.20704210,3007.165
     -72.38735985,-13.20704015,3006.739
     -72.38735965,-13.20704022,3007.070
     -72.38736150,-13.20703955,3007.543
     -72.38736048,-13.20704025,3007.922
     -72.38736013,-13.20703913,3008.584
     -72.38736103,-13.20703817,3009.432
     -72.38736435,-13.20703893,3009.558
     -72.38736512,-13.20703752,3009.277
     -72.38736528,-13.20703462,3008.901
     -72.38736507,-13.20703102,3008.560
     -72.38736778,-13.20703178,3008.169
     -72.38737180,-13.20703363,3007.311
     -72.38737893,-13.20704165,3006.446
     -72.38738488,-13.20704840,3006.520
     -72.38739157,-13.20705778,3006.158
     -72.38740368,-13.20706650,3005.972
     -72.38740368,-13.20706650,3005.972
     -72.38740368,-13.20706650,3005.972
     -72.38740368,-13.20706650,3005.972
     -72.38740368,-13.20706650,3005.972
     -72.38740368,-13.20706650,3005.972
     -72.38740368,-13.20706650,3005.972
     -72.38740368,-13.20706650,3005.972
     -72.38740368,-13.20706650,3005.972
     -72.38740368,-13.20706650,3005.972
     -72.38740368,-13.20706650,3005.972
     -72.38740368,-13.20706650,3005.972
     -72.38740368,-13.20706650,3005.972
     -72.38741622,-13.20706127,3005.711
     -72.38743182,-13.20706195,3004.885
     -72.38744113,-13.20706042,3003.863
     -72.38744923,-13.20706102,3003.876
     -72.38746173,-13.20706310,3003.294
     -72.38747650,-13.20706648,3003.750
     -72.38749160,-13.20707087,3003.213
     -72.38750268,-13.20707357,3003.483
     -72.38751062,-13.20707493,3004.204
     -72.38751782,-13.20707005,3005.086
     -72.38751963,-13.20706662,3006.070
     -72.38751963,-13.20706662,3006.070
     -72.38751768,-13.20707142,3006.984
     -72.38751343,-13.20707132,3007.619
     -72.38751343,-13.20707132,3007.619
     -72.38751292,-13.20707233,3007.911
     -72.38750697,-13.20707173,3008.477
     -72.38750697,-13.20707173,3008.477
     -72.38750697,-13.20707173,3008.477
     -72.38750350,-13.20707143,3007.861
     -72.38749435,-13.20707147,3008.093
     -72.38748635,-13.20707278,3008.127
     -72.38747528,-13.20707830,3008.535
     -72.38746533,-13.20708487,3008.260
     -72.38745118,-13.20708810,3007.335
     -72.38743333,-13.20708818,3006.048
     -72.38741812,-13.20709007,3005.441
     -72.38740355,-13.20709365,3005.733
     -72.38738947,-13.20709520,3006.020
     -72.38737913,-13.20709518,3006.506
     -72.38737087,-13.20709363,3006.841
     -72.38736177,-13.20709177,3006.565
     -72.38735522,-13.20708423,3006.976
     -72.38734803,-13.20707973,3007.458
     -72.38733915,-13.20707242,3008.061
     -72.38732847,-13.20706648,3007.469
     -72.38731735,-13.20706137,3007.161
     -72.38731283,-13.20705755,3006.138
     -72.38731097,-13.20705852,3005.585
     -72.38731113,-13.20706635,3005.389
     -72.38731400,-13.20707542,3005.366
     -72.38731908,-13.20708853,3005.084
     -72.38732353,-13.20710353,3004.484
     -72.38733423,-13.20711913,3004.732
     -72.38734148,-13.20713582,3004.923
     -72.38734363,-13.20714647,3004.930
     -72.38734467,-13.20716102,3005.775
     -72.38734358,-13.20716517,3005.138
     -72.38733628,-13.20717103,3004.804
     -72.38733585,-13.20717387,3005.593
     -72.38734132,-13.20717773,3005.336
     -72.38734257,-13.20717688,3004.606
     -72.38733785,-13.20716867,3003.468
     -72.38733458,-13.20715408,3002.232
     -72.38732638,-13.20714358,3001.570
     -72.38731525,-13.20713282,3001.326
     -72.38730788,-13.20712292,3001.204
     -72.38729965,-13.20711390,3001.401
     -72.38728910,-13.20710295,3001.619
     -72.38727647,-13.20708915,3001.564
     -72.38726607,-13.20708063,3001.572
     -72.38725532,-13.20706983,3001.409
     -72.38724507,-13.20705875,3000.583
     -72.38723432,-13.20705103,2999.731
     -72.38722510,-13.20704342,2999.455
     -72.38722015,-13.20704007,2998.577
     -72.38721450,-13.20703433,2998.383
     -72.38720840,-13.20703040,2998.670
     -72.38720795,-13.20703315,2998.818
     -72.38720870,-13.20704343,2999.203
     -72.38720870,-13.20704343,2999.203
     -72.38720870,-13.20704343,2999.203
     -72.38720680,-13.20705692,2999.904
     -72.38720735,-13.20706535,2999.385
     -72.38720510,-13.20707547,2999.394
     -72.38720290,-13.20708753,2999.453
     -72.38720065,-13.20709797,2999.300
     -72.38720123,-13.20710725,2999.298
     -72.38719708,-13.20711532,2998.464
     -72.38719138,-13.20712320,2998.305
     -72.38718330,-13.20712662,2997.793
     -72.38717627,-13.20712788,2997.907
     -72.38717627,-13.20712788,2997.907
     -72.38717627,-13.20712788,2997.907
     -72.38717627,-13.20712788,2997.907
     -72.38717627,-13.20712788,2997.907
     -72.38717643,-13.20713552,2997.055
     -72.38717530,-13.20714805,2996.467
     -72.38717415,-13.20716482,2995.666
     -72.38716715,-13.20717232,2995.184
     -72.38715615,-13.20717012,2995.277
     -72.38714495,-13.20716570,2995.262
     -72.38714495,-13.20716570,2995.262
     -72.38714495,-13.20716570,2995.262
     -72.38714868,-13.20716855,2994.749
     -72.38714868,-13.20716855,2994.749
     -72.38715383,-13.20717495,2994.658
     -72.38715640,-13.20718383,2994.842
     -72.38714710,-13.20718798,2995.195
     -72.38714093,-13.20719240,2994.838
     -72.38713277,-13.20719527,2994.860
     -72.38712783,-13.20720183,2994.629
     -72.38712087,-13.20720828,2994.811
     -72.38711525,-13.20721500,2994.658
     -72.38711058,-13.20722252,2993.760
     -72.38710898,-13.20723008,2993.692
     -72.38710560,-13.20723743,2993.280
     -72.38710017,-13.20724152,2992.791
     -72.38709292,-13.20724755,2992.397
     -72.38709292,-13.20724755,2992.397
     -72.38709292,-13.20724755,2992.397
     -72.38709188,-13.20725115,2992.774
     -72.38709188,-13.20725115,2992.774
     -72.38709168,-13.20725982,2992.131
     -72.38709092,-13.20726875,2991.311
     -72.38709072,-13.20727732,2990.629
     -72.38708680,-13.20728557,2990.830
     -72.38707933,-13.20729025,2991.081
     -72.38707338,-13.20729917,2990.808
     -72.38706707,-13.20730582,2990.468
     -72.38706707,-13.20730582,2990.468
     -72.38706707,-13.20730582,2990.468
     -72.38707430,-13.20731252,2989.410
     -72.38708058,-13.20732315,2988.903
     -72.38708803,-13.20733427,2988.788
     -72.38708885,-13.20734398,2988.997
     -72.38709117,-13.20735275,2989.718
     -72.38709517,-13.20735845,2990.738
     -72.38709750,-13.20736130,2991.529
     -72.38709903,-13.20736700,2992.493
     -72.38709977,-13.20736667,2993.500
     -72.38710775,-13.20737148,2994.550
     -72.38711055,-13.20738248,2994.877
     -72.38711647,-13.20738900,2994.629
     -72.38711647,-13.20738900,2994.629
     -72.38711802,-13.20739118,2995.125
     -72.38712175,-13.20740043,2995.111
     -72.38712715,-13.20741280,2994.769
     -72.38713590,-13.20742560,2994.644
     -72.38714100,-13.20744023,2995.131
     -72.38714712,-13.20745720,2995.795
     -72.38715882,-13.20747302,2997.224
     -72.38716850,-13.20748483,2998.164
     -72.38717747,-13.20748377,2998.062
     -72.38718142,-13.20748143,2997.437
     -72.38718780,-13.20747858,2996.811
     -72.38718780,-13.20747858,2996.811
     -72.38719150,-13.20747908,2994.558
     -72.38719723,-13.20748382,2992.477
     -72.38720183,-13.20749172,2990.809
     -72.38720520,-13.20749867,2988.769
     -72.38719758,-13.20750347,2988.193
     -72.38719615,-13.20750752,2988.668
     -72.38719615,-13.20750752,2988.668
     -72.38719900,-13.20750710,2989.816
     -72.38719900,-13.20750712,2989.816
     -72.38719900,-13.20750712,2989.816
     -72.38720200,-13.20751445,2989.848
     -72.38719578,-13.20752192,2988.808
     -72.38718558,-13.20752555,2988.651
     -72.38717375,-13.20752672,2988.746
     -72.38716067,-13.20752432,2989.507
     -72.38714228,-13.20751993,2989.598
     -72.38712327,-13.20751495,2989.477
     -72.38710277,-13.20750885,2989.293
     -72.38708463,-13.20750612,2989.031
     -72.38706888,-13.20750462,2988.359
     -72.38704837,-13.20750530,2987.916
     -72.38703078,-13.20750200,2988.367
     -72.38702353,-13.20749922,2989.252
     -72.38701850,-13.20749972,2990.020
     -72.38700670,-13.20749462,2990.500
     -72.38699917,-13.20749360,2990.873
     -72.38699470,-13.20749233,2990.383
     -72.38698777,-13.20748628,2989.879
     -72.38697952,-13.20748523,2989.769
     -72.38697367,-13.20748698,2989.649
     -72.38697352,-13.20749273,2989.621
     -72.38698185,-13.20750443,2989.107
     -72.38699050,-13.20752015,2988.551
     -72.38700377,-13.20753267,2987.992
     -72.38701045,-13.20754813,2987.139
     -72.38700033,-13.20756083,2985.709
     -72.38698848,-13.20756933,2984.741
     -72.38698087,-13.20757352,2983.864
     -72.38697185,-13.20757547,2983.344
     -72.38696067,-13.20757263,2983.505
     -72.38694898,-13.20756808,2983.441
     -72.38693892,-13.20756255,2983.928
     -72.38693208,-13.20756383,2982.413
     -72.38693208,-13.20756383,2982.413
     -72.38693208,-13.20756383,2982.413
     -72.38693208,-13.20756383,2982.413
     -72.38693208,-13.20756383,2982.413
     -72.38693837,-13.20757495,2982.152
     -72.38694322,-13.20758333,2982.467
     -72.38694815,-13.20759317,2982.210
     -72.38695732,-13.20760208,2982.105
     -72.38696403,-13.20760888,2981.355
     -72.38697348,-13.20761933,2981.151
     -72.38698123,-13.20763000,2980.525
     -72.38698648,-13.20764105,2980.795
     -72.38698942,-13.20765348,2980.963
     -72.38699845,-13.20766975,2981.068
     -72.38700487,-13.20768837,2981.540
     -72.38700495,-13.20770315,2981.385
     -72.38700492,-13.20771097,2980.696
     -72.38700540,-13.20771975,2979.934
     -72.38700833,-13.20772713,2978.850
     -72.38700487,-13.20773125,2978.353
     -72.38700497,-13.20773252,2978.074
     -72.38700423,-13.20773305,2978.307
     -72.38700155,-13.20773590,2977.222
     -72.38699542,-13.20773450,2976.639
     -72.38699542,-13.20773450,2976.639
     -72.38699542,-13.20773450,2976.639
     -72.38699542,-13.20773450,2976.639
     -72.38699452,-13.20773865,2977.547
     -72.38699425,-13.20774373,2978.214
     -72.38699183,-13.20775057,2978.748
     -72.38698823,-13.20775543,2978.634
     -72.38698853,-13.20775905,2978.730
     -72.38698758,-13.20776490,2977.548
     -72.38699100,-13.20777580,2976.785
     -72.38699137,-13.20778502,2976.191
     -72.38699712,-13.20779432,2975.560
     -72.38699980,-13.20780048,2975.750
     -72.38699793,-13.20780527,2976.053
     -72.38699862,-13.20781217,2976.109
     -72.38699748,-13.20782007,2976.393
     -72.38699550,-13.20782663,2976.553
     -72.38699877,-13.20782988,2975.972
     -72.38700408,-13.20783493,2975.427
     -72.38701285,-13.20783843,2974.796
     -72.38702058,-13.20784393,2974.281
     -72.38702845,-13.20785428,2973.491
     -72.38703913,-13.20786358,2973.015
     -72.38704763,-13.20787582,2972.630
     -72.38705518,-13.20788713,2971.608
     -72.38705443,-13.20789565,2971.416
     -72.38705088,-13.20789843,2971.328
     -72.38704510,-13.20790297,2971.287
     -72.38704043,-13.20789982,2969.831
     -72.38702832,-13.20789777,2968.544
     -72.38701735,-13.20789863,2968.275
     -72.38700768,-13.20790125,2967.140
     -72.38700263,-13.20790360,2966.602
     -72.38700192,-13.20790858,2965.807
     -72.38699915,-13.20791137,2965.100
     -72.38699797,-13.20791935,2964.045
     -72.38698845,-13.20792698,2962.949
     -72.38697407,-13.20793237,2961.800
     -72.38695933,-13.20793448,2961.387
     -72.38694133,-13.20793412,2961.947
     -72.38692295,-13.20793023,2962.340
     -72.38691012,-13.20793017,2962.927
     -72.38689543,-13.20792938,2963.187
     -72.38688107,-13.20792663,2964.559
     -72.38687370,-13.20792362,2965.299
     -72.38686663,-13.20792098,2965.717
     -72.38686112,-13.20791922,2965.670
     -72.38685392,-13.20791662,2965.293
     -72.38684917,-13.20791673,2965.079
     -72.38684160,-13.20791445,2964.645
     -72.38683373,-13.20791817,2964.773
     -72.38683475,-13.20792458,2964.427
     -72.38683547,-13.20793570,2963.614
     -72.38684262,-13.20794642,2962.825
     -72.38684177,-13.20794938,2963.045
     -72.38683647,-13.20795310,2963.217
     -72.38684025,-13.20796087,2963.558
     -72.38683888,-13.20797007,2962.858
     -72.38684038,-13.20797912,2962.395
     -72.38684233,-13.20798695,2962.460
     -72.38684233,-13.20798693,2962.460
     -72.38683753,-13.20798862,2963.426
     -72.38683753,-13.20798862,2963.426
     -72.38683753,-13.20798862,2963.426
     -72.38683753,-13.20798862,2963.426
     -72.38683753,-13.20798862,2963.426
     -72.38683753,-13.20798862,2963.426
     -72.38683753,-13.20798862,2963.426
     -72.38683753,-13.20798862,2963.426
     -72.38683753,-13.20798862,2963.426
     -72.38683753,-13.20798862,2963.426
     -72.38683753,-13.20798862,2963.426
     -72.38682572,-13.20798697,2963.921
     -72.38682572,-13.20798697,2963.921
     -72.38682572,-13.20798697,2963.921
     -72.38682572,-13.20798697,2963.921
     -72.38682572,-13.20798697,2963.921
     -72.38682572,-13.20798697,2963.921
     -72.38682572,-13.20798697,2963.921
     -72.38681858,-13.20798380,2963.676
     -72.38681858,-13.20798380,2963.676
     -72.38681858,-13.20798380,2963.676
     -72.38681858,-13.20798380,2963.676
     -72.38682238,-13.20798197,2964.093
     -72.38682238,-13.20798195,2964.093
     -72.38682238,-13.20798195,2964.093
     -72.38682238,-13.20798195,2964.093
     -72.38682238,-13.20798195,2964.093
     -72.38682238,-13.20798195,2964.093
     -72.38682238,-13.20798195,2964.093
     -72.38682238,-13.20798195,2964.093
     -72.38682238,-13.20798195,2964.093
     -72.38681467,-13.20798153,2963.427
     -72.38680730,-13.20799038,2962.596
     -72.38681110,-13.20800155,2961.572
     -72.38681772,-13.20801347,2960.175
     -72.38682332,-13.20802480,2958.387
     -72.38683373,-13.20803655,2956.716
     -72.38683878,-13.20804947,2955.153
     -72.38683665,-13.20806280,2955.033
     -72.38683335,-13.20807843,2954.913
     -72.38682422,-13.20809172,2954.967
     -72.38681238,-13.20809678,2953.537
     -72.38680333,-13.20809998,2952.090
     -72.38680333,-13.20809998,2952.090
     -72.38680333,-13.20809998,2952.090
     -72.38680333,-13.20809998,2952.090
     -72.38679915,-13.20810185,2951.820
     -72.38679985,-13.20811063,2951.180
     -72.38679985,-13.20811063,2951.180
     -72.38679985,-13.20811063,2951.180
     -72.38679985,-13.20811063,2951.180
     -72.38679985,-13.20811063,2951.180
     -72.38679985,-13.20811063,2951.180
     -72.38679985,-13.20811063,2951.180
     -72.38679985,-13.20811063,2951.180
     -72.38679985,-13.20811063,2951.180
     -72.38680018,-13.20812255,2953.772
     -72.38680018,-13.20812255,2953.772
     -72.38680018,-13.20812255,2953.772
     -72.38680595,-13.20812373,2953.647
     -72.38680668,-13.20812490,2952.757
     -72.38680448,-13.20812697,2951.752
     -72.38679420,-13.20812818,2949.908
     -72.38678517,-13.20812405,2948.577
     -72.38677252,-13.20812170,2948.726
     -72.38676163,-13.20811612,2949.302
     -72.38674680,-13.20810948,2949.953
     -72.38673503,-13.20810703,2950.499
     -72.38673503,-13.20810703,2950.499
     -72.38673503,-13.20810703,2950.499
     -72.38673503,-13.20810703,2950.499
     -72.38673503,-13.20810703,2950.499
     -72.38673503,-13.20810703,2950.499
     -72.38673503,-13.20810703,2950.499
     -72.38673503,-13.20810703,2950.499
     -72.38673503,-13.20810703,2950.499
     -72.38673503,-13.20810703,2950.499
     -72.38673503,-13.20810703,2950.499
     -72.38673503,-13.20810703,2950.499
     -72.38673503,-13.20810703,2950.499
     -72.38673503,-13.20810703,2950.499
     -72.38673503,-13.20810703,2950.499
     -72.38673503,-13.20810703,2950.499
     -72.38673503,-13.20810703,2950.499
     -72.38673503,-13.20810703,2950.499
     -72.38673503,-13.20810703,2950.499
     -72.38673503,-13.20810703,2950.499
     -72.38673503,-13.20810703,2950.499
     -72.38673503,-13.20810703,2950.499
     -72.38673503,-13.20810703,2950.499
     -72.38673503,-13.20810703,2950.499
     -72.38672398,-13.20809993,2950.193
     -72.38672125,-13.20808762,2950.174
     -72.38672140,-13.20807883,2949.485
     -72.38672065,-13.20807167,2948.209
     -72.38671760,-13.20806395,2947.531
     -72.38671498,-13.20805492,2947.304
     -72.38671578,-13.20804472,2946.084
     -72.38672007,-13.20803055,2944.527
     -72.38672028,-13.20801428,2943.658
     -72.38671962,-13.20800415,2943.391
     -72.38671958,-13.20799298,2943.191
     -72.38671985,-13.20798557,2943.584
     -72.38671697,-13.20797798,2944.022
     -72.38671403,-13.20797467,2945.031
     -72.38671508,-13.20797077,2945.684
     -72.38672008,-13.20796682,2946.278
     -72.38672022,-13.20796143,2947.265
     -72.38671860,-13.20795402,2948.666
     -72.38671567,-13.20794945,2949.536
     -72.38671460,-13.20794832,2950.677
     -72.38671233,-13.20794493,2951.709
     -72.38671135,-13.20794187,2952.046
     -72.38670708,-13.20793802,2952.744
     -72.38670218,-13.20793160,2953.147
     -72.38669860,-13.20792532,2952.992
     -72.38669607,-13.20791827,2953.110
     -72.38669482,-13.20790548,2952.203
     -72.38669060,-13.20789705,2951.273
     -72.38669345,-13.20788947,2950.090
     -72.38668648,-13.20789323,2951.037
     -72.38668188,-13.20789233,2952.097
     -72.38667983,-13.20789185,2952.809
     -72.38667713,-13.20788795,2953.129
     -72.38667588,-13.20788565,2953.468
     -72.38667538,-13.20788585,2953.543
     -72.38668003,-13.20788840,2953.179
     -72.38668130,-13.20789595,2952.979
     -72.38668390,-13.20789812,2952.367
     -72.38668537,-13.20790600,2952.348
     -72.38667955,-13.20790767,2953.354
     -72.38668287,-13.20789855,2953.414
     -72.38668388,-13.20788573,2952.288
     -72.38669185,-13.20787505,2951.176
     -72.38670100,-13.20786717,2949.983
     -72.38671143,-13.20785638,2949.399
     -72.38671143,-13.20785637,2949.399
     -72.38671143,-13.20785637,2949.399
     -72.38671362,-13.20785285,2950.323
     -72.38671362,-13.20785128,2950.863
     -72.38672112,-13.20784770,2948.952
     -72.38672602,-13.20784303,2947.135
     -72.38673108,-13.20783903,2945.469
     -72.38671247,-13.20784408,2946.280
     -72.38669840,-13.20785387,2947.671
     -72.38670378,-13.20785660,2946.336
     -72.38670610,-13.20786993,2947.061
     -72.38670463,-13.20788902,2946.843
     -72.38670312,-13.20789133,2947.168
     -72.38670312,-13.20789133,2947.168
     -72.38670355,-13.20789800,2947.387
     -72.38670357,-13.20789800,2947.387
     -72.38671283,-13.20786443,2944.390
     -72.38670205,-13.20784435,2942.487
     -72.38669943,-13.20782272,2942.194
     -72.38669380,-13.20780867,2941.843
     -72.38669353,-13.20779047,2940.716
     -72.38669112,-13.20777325,2940.735
     -72.38669240,-13.20775578,2940.509
     -72.38668557,-13.20774355,2940.699
     -72.38667893,-13.20773217,2939.964
     -72.38667515,-13.20771808,2938.774
     -72.38667515,-13.20771808,2938.774
     -72.38667515,-13.20771808,2938.774
     -72.38667515,-13.20771808,2938.774
     -72.38667515,-13.20771808,2938.774
     -72.38667515,-13.20771808,2938.774
     -72.38667515,-13.20771808,2938.774
     -72.38667515,-13.20771808,2938.774
     -72.38667515,-13.20771808,2938.774
     -72.38667515,-13.20771808,2938.774
     -72.38667515,-13.20771808,2938.774
     -72.38667515,-13.20771808,2938.774
     -72.38667515,-13.20771808,2938.774
     -72.38667515,-13.20771808,2938.774
     -72.38667515,-13.20771808,2938.774
     -72.38667515,-13.20771808,2938.774
     -72.38667515,-13.20771808,2938.774
     -72.38667515,-13.20771808,2938.774
     -72.38667515,-13.20771808,2938.774
     -72.38667515,-13.20771808,2938.774
     -72.38667515,-13.20771808,2938.774
     -72.38667515,-13.20771808,2938.774
     -72.38667515,-13.20771808,2938.774
     -72.38667515,-13.20771808,2938.774
     -72.38667515,-13.20771808,2938.774
     -72.38667515,-13.20771808,2938.774
     -72.38667515,-13.20771808,2938.774
     -72.38667515,-13.20771808,2938.774
     -72.38667515,-13.20771808,2938.774
     -72.38667515,-13.20771808,2938.774
     -72.38667515,-13.20771808,2938.774
     -72.38667515,-13.20771808,2938.774
     -72.38667515,-13.20771808,2938.774
     -72.38667515,-13.20771808,2938.774
     -72.38664707,-13.20772335,2942.629
     -72.38664333,-13.20771060,2944.758
     -72.38664333,-13.20771060,2944.758
     -72.38664333,-13.20771060,2944.758
     -72.38662885,-13.20771732,2947.755
     -72.38662885,-13.20771732,2947.755
     -72.38662885,-13.20771732,2947.755
     -72.38662885,-13.20771732,2947.755
     -72.38662885,-13.20771732,2947.755
     -72.38662885,-13.20771732,2947.755
     -72.38662885,-13.20771732,2947.755
     -72.38662885,-13.20771732,2947.755
     -72.38662885,-13.20771732,2947.755
     -72.38662885,-13.20771732,2947.755
     -72.38662885,-13.20771732,2947.755
     -72.38662885,-13.20771732,2947.755
     -72.38662885,-13.20771732,2947.755
     -72.38662885,-13.20771732,2947.755
     -72.38662885,-13.20771732,2947.755
     -72.38662885,-13.20771732,2947.755
     -72.38662885,-13.20771732,2947.755
     -72.38662885,-13.20771732,2947.755
     -72.38662885,-13.20771732,2947.755
     -72.38662885,-13.20771732,2947.755
     -72.38662885,-13.20771732,2947.755
     -72.38662885,-13.20771732,2947.755
     -72.38662885,-13.20771732,2947.755
     -72.38662885,-13.20771732,2947.755
     -72.38662885,-13.20771732,2947.755
     -72.38662885,-13.20771732,2947.755
     -72.38662885,-13.20771732,2947.755
     -72.38662885,-13.20771732,2947.755
     -72.38662885,-13.20771732,2947.755
     -72.38662885,-13.20771732,2947.755
     -72.38662885,-13.20771732,2947.755
     -72.38662885,-13.20771732,2947.755
     -72.38662885,-13.20771732,2947.755
     -72.38662885,-13.20771732,2947.755
     -72.38662885,-13.20771732,2947.755
     -72.38662885,-13.20771732,2947.755
     -72.38662885,-13.20771732,2947.755
     -72.38662885,-13.20771732,2947.755
     -72.38662855,-13.20773138,2948.382
     -72.38662855,-13.20773138,2948.381
     -72.38662855,-13.20773138,2948.381
     -72.38662855,-13.20773138,2948.381
     -72.38662855,-13.20773138,2948.381
     -72.38663002,-13.20774497,2948.144
     -72.38663047,-13.20776055,2947.522
     -72.38663047,-13.20776055,2947.522
     -72.38663047,-13.20776055,2947.522
     -72.38663047,-13.20776055,2947.522
     -72.38663047,-13.20776055,2947.522
     -72.38664467,-13.20776975,2944.998
     -72.38664467,-13.20776975,2944.998
     -72.38664467,-13.20776975,2944.998
     -72.38664467,-13.20776975,2944.998
     -72.38664648,-13.20779335,2943.317
     -72.38664385,-13.20780935,2941.323
     -72.38663465,-13.20781107,2939.266
     -72.38662638,-13.20780145,2937.237
     -72.38661772,-13.20779485,2936.537
     -72.38661877,-13.20778405,2935.645
     -72.38662835,-13.20776755,2934.296
     -72.38662892,-13.20775362,2934.158
     -72.38663273,-13.20774613,2934.018
     -72.38664088,-13.20773763,2932.947
     -72.38664590,-13.20772822,2931.053
     -72.38664590,-13.20772822,2931.053
     -72.38664303,-13.20773000,2931.106
     -72.38663795,-13.20772408,2932.707
     -72.38663795,-13.20772408,2932.707
     -72.38663795,-13.20772408,2932.707
     -72.38663795,-13.20772408,2932.707
     -72.38663795,-13.20772408,2932.707
     -72.38663795,-13.20772408,2932.707
     -72.38663795,-13.20772408,2932.707
     -72.38663795,-13.20772408,2932.707
     -72.38663415,-13.20773357,2933.632
     -72.38663142,-13.20774337,2934.492
     -72.38663148,-13.20775702,2934.501
     -72.38663268,-13.20777183,2934.222
     -72.38663150,-13.20778472,2934.391
     -72.38663150,-13.20778472,2934.391
     -72.38663255,-13.20779435,2934.340
     -72.38663062,-13.20780823,2934.212
     -72.38663490,-13.20781727,2933.802
     -72.38663862,-13.20782743,2933.143
     -72.38664238,-13.20783920,2932.869
     -72.38664297,-13.20784700,2933.096
     -72.38664357,-13.20785398,2933.042
     -72.38664183,-13.20786322,2932.802
     -72.38663787,-13.20787373,2932.436
     -72.38663700,-13.20788278,2931.980
     -72.38663348,-13.20789670,2932.050
     -72.38663077,-13.20790965,2932.619
     -72.38662487,-13.20792022,2933.248
     -72.38662487,-13.20792022,2933.248
     -72.38662487,-13.20792022,2933.248
     -72.38662487,-13.20792022,2933.248
     -72.38662487,-13.20792022,2933.248
     -72.38662487,-13.20792022,2933.248
     -72.38662487,-13.20792022,2933.248
     -72.38662487,-13.20792022,2933.248
     -72.38662487,-13.20792022,2933.248
     -72.38662487,-13.20792022,2933.248
     -72.38662487,-13.20792022,2933.248
     -72.38662487,-13.20792022,2933.248
     -72.38662487,-13.20792022,2933.248
     -72.38662487,-13.20792022,2933.248
     -72.38662487,-13.20792022,2933.248
     -72.38661633,-13.20792867,2931.264
     -72.38661088,-13.20794017,2930.082
     -72.38660437,-13.20795220,2928.517
     -72.38659517,-13.20796887,2928.156
     -72.38658732,-13.20798915,2928.086
     -72.38658585,-13.20800418,2927.423
     -72.38657918,-13.20802327,2928.690
     -72.38657918,-13.20802327,2928.690
     -72.38657982,-13.20803407,2928.418
     -72.38658225,-13.20804413,2927.886
     -72.38658763,-13.20805875,2927.676
     -72.38659048,-13.20807057,2926.687
     -72.38659628,-13.20808105,2925.982
     -72.38659940,-13.20808902,2925.469
     -72.38659940,-13.20808902,2925.469
     -72.38659940,-13.20808902,2925.469
     -72.38659287,-13.20810040,2926.927
     -72.38658712,-13.20811005,2927.446
     -72.38658098,-13.20811952,2927.726
     -72.38658098,-13.20811952,2927.726
     -72.38658098,-13.20811952,2927.726
     -72.38658098,-13.20811952,2927.726
     -72.38658098,-13.20811952,2927.726
     -72.38658098,-13.20811952,2927.726
     -72.38658098,-13.20811952,2927.726
     -72.38658098,-13.20811952,2927.726
     -72.38658098,-13.20811952,2927.726
     -72.38658098,-13.20811952,2927.726
     -72.38656365,-13.20812033,2925.482
     -72.38656365,-13.20812033,2925.482
     -72.38652808,-13.20811813,2924.138
     -72.38649927,-13.20812183,2922.599
     -72.38649927,-13.20812183,2922.599
     -72.38649927,-13.20812183,2922.599
     -72.38648887,-13.20813288,2923.879
     -72.38650095,-13.20815323,2924.776
     -72.38650615,-13.20816830,2925.800
     -72.38651117,-13.20817872,2926.714
     -72.38651117,-13.20817872,2926.714
     -72.38651112,-13.20819210,2928.424
     -72.38651450,-13.20820077,2928.058
     -72.38651997,-13.20820685,2927.925
     -72.38651938,-13.20821845,2927.266
     -72.38651778,-13.20823242,2926.975
     -72.38652322,-13.20824732,2927.369
     -72.38652168,-13.20825910,2927.014
     -72.38652485,-13.20827368,2926.477
     -72.38652208,-13.20829078,2926.263
     -72.38651117,-13.20830380,2924.781
     -72.38651117,-13.20830380,2924.781
     -72.38651117,-13.20830380,2924.781
     -72.38651117,-13.20830380,2924.781
     -72.38651117,-13.20830380,2924.781
     -72.38650687,-13.20831540,2924.381
     -72.38650868,-13.20832357,2924.418
     -72.38651640,-13.20833373,2924.144
     -72.38652690,-13.20833905,2923.885
     -72.38653338,-13.20834567,2924.111
     -72.38653935,-13.20834867,2923.661
     -72.38654712,-13.20835260,2923.787
     -72.38655273,-13.20835748,2923.754
     -72.38655820,-13.20836107,2923.935
     -72.38656765,-13.20836512,2924.081
     -72.38657618,-13.20837392,2924.693
     -72.38658225,-13.20838550,2924.881
     -72.38658663,-13.20839198,2925.203
     -72.38658817,-13.20840177,2926.498
     -72.38659838,-13.20840243,2926.297
     -72.38661192,-13.20840070,2925.450
     -72.38661842,-13.20840735,2924.391
     -72.38662700,-13.20841397,2923.865
     -72.38662700,-13.20841397,2923.865
     -72.38662883,-13.20842025,2922.336
     -72.38663635,-13.20842315,2921.415
     -72.38663948,-13.20843538,2920.950
     -72.38664527,-13.20844760,2919.826
     -72.38664863,-13.20845862,2919.444
     -72.38665880,-13.20846250,2919.855
     -72.38665880,-13.20846250,2919.855
     -72.38665880,-13.20846250,2919.855
     -72.38665880,-13.20846250,2919.855
     -72.38665880,-13.20846250,2919.855
     -72.38665880,-13.20846250,2919.855
     -72.38665880,-13.20846250,2919.855
     -72.38666112,-13.20846438,2918.352
     -72.38666583,-13.20847322,2917.968
     -72.38666583,-13.20847322,2917.968
     -72.38666583,-13.20847322,2917.968
     -72.38666583,-13.20847322,2917.968
     -72.38667417,-13.20847587,2917.698
     -72.38667415,-13.20847587,2917.698
     -72.38667415,-13.20847587,2917.698
     -72.38668308,-13.20847288,2916.774
     -72.38669477,-13.20847453,2916.658
     -72.38670350,-13.20847580,2917.025
     -72.38670972,-13.20848150,2915.992
     -72.38671680,-13.20848428,2916.623
     -72.38672798,-13.20848350,2916.862
     -72.38674108,-13.20848727,2917.733
     -72.38675092,-13.20848820,2917.100
     -72.38676015,-13.20848908,2917.120
     -72.38676682,-13.20848883,2916.996
     -72.38676682,-13.20848883,2916.996
     -72.38676895,-13.20848920,2917.205
     -72.38676570,-13.20848747,2917.407
     -72.38676843,-13.20849250,2918.453
     -72.38677197,-13.20849878,2918.737
     -72.38677703,-13.20850837,2919.081
     -72.38677925,-13.20852337,2919.723
     -72.38678487,-13.20853612,2920.412
     -72.38678427,-13.20855152,2920.990
     -72.38677965,-13.20856570,2920.343
     -72.38677270,-13.20857463,2920.044
     -72.38676868,-13.20858305,2919.826
     -72.38676350,-13.20859383,2919.925
     -72.38675892,-13.20860553,2920.320
     -72.38675455,-13.20861837,2920.632
     -72.38674685,-13.20862915,2919.972
     -72.38674077,-13.20863880,2919.528
     -72.38673297,-13.20864300,2918.639
     -72.38672538,-13.20864697,2918.729
     -72.38672073,-13.20865123,2918.368
     -72.38671792,-13.20865953,2917.957
     -72.38671353,-13.20866492,2917.118
     -72.38670858,-13.20866980,2916.680
     -72.38670502,-13.20867733,2916.497
     -72.38670207,-13.20868515,2916.500
     -72.38669725,-13.20869280,2916.408
     -72.38668683,-13.20869682,2915.103
     -72.38667693,-13.20870387,2914.995
     -72.38667100,-13.20871607,2915.142
     -72.38667523,-13.20872680,2915.760
     -72.38667523,-13.20872680,2915.760
     -72.38667523,-13.20872680,2915.760
     -72.38667167,-13.20873360,2915.813
     -72.38666757,-13.20873898,2916.027
     -72.38666428,-13.20874248,2915.673
     -72.38665862,-13.20875032,2915.608
     -72.38665063,-13.20875473,2915.137
     -72.38663953,-13.20875960,2913.909
     -72.38662258,-13.20876720,2913.508
     -72.38660460,-13.20876728,2913.808
     -72.38658855,-13.20876308,2913.289
     -72.38657495,-13.20876028,2911.967
     -72.38656882,-13.20876353,2910.891
     -72.38656257,-13.20877003,2909.919
     -72.38655715,-13.20877660,2909.190
     -72.38655423,-13.20878543,2909.937
     -72.38655708,-13.20879833,2911.150
     -72.38656092,-13.20881592,2911.097
     -72.38656925,-13.20883282,2911.209
     -72.38657003,-13.20884412,2909.998
     -72.38656597,-13.20885092,2908.983
     -72.38656597,-13.20885092,2908.983
     -72.38656597,-13.20885092,2908.983
     -72.38656597,-13.20885092,2908.983
     -72.38656597,-13.20885092,2908.983
     -72.38656597,-13.20885092,2908.983
     -72.38656648,-13.20886130,2909.066
     -72.38656588,-13.20887478,2908.859
     -72.38656720,-13.20888772,2908.525
     -72.38656423,-13.20889800,2908.296
     -72.38656058,-13.20891160,2907.998
     -72.38655783,-13.20892873,2908.133
     -72.38655290,-13.20893943,2907.764
     -72.38654707,-13.20895318,2908.132
     -72.38654170,-13.20896423,2907.808
     -72.38653440,-13.20898022,2908.706
     -72.38652483,-13.20899197,2909.783
     -72.38652483,-13.20899197,2909.783
     -72.38652215,-13.20900010,2909.264
     -72.38651977,-13.20900830,2908.659
     -72.38651555,-13.20901698,2908.344
     -72.38651307,-13.20902493,2908.211
     -72.38651045,-13.20903272,2907.642
     -72.38650983,-13.20904277,2907.579
     -72.38651195,-13.20904817,2905.917
     -72.38651065,-13.20904960,2904.444
     -72.38650895,-13.20905698,2904.589
     -72.38650895,-13.20905698,2904.589
     -72.38651387,-13.20906195,2904.147
     -72.38651383,-13.20906650,2904.027
     -72.38651143,-13.20907502,2904.263
     -72.38650398,-13.20908125,2903.231
     -72.38649368,-13.20908827,2903.233
     -72.38648353,-13.20908995,2903.355
     -72.38647575,-13.20909592,2902.095
     -72.38646943,-13.20910075,2901.484
     -72.38645970,-13.20911262,2900.952
     -72.38645002,-13.20912473,2900.413
     -72.38645002,-13.20912473,2900.413
     -72.38645050,-13.20913907,2901.823
     -72.38644773,-13.20914685,2902.347
     -72.38643957,-13.20915787,2901.340
     -72.38642708,-13.20916027,2900.739
     -72.38642708,-13.20916027,2900.739
     -72.38641903,-13.20916428,2899.947
     -72.38641880,-13.20917087,2900.304
     -72.38642047,-13.20917912,2900.778
     -72.38642120,-13.20918582,2901.207
     -72.38642143,-13.20919307,2900.889
     -72.38641737,-13.20920077,2900.563
     -72.38640905,-13.20920408,2899.729
     -72.38640255,-13.20920927,2900.375
     -72.38639565,-13.20921872,2900.989
     -72.38638785,-13.20922152,2900.829
     -72.38638640,-13.20922337,2900.834
     -72.38638783,-13.20922437,2901.382
     -72.38638852,-13.20922890,2902.795
     -72.38639093,-13.20923343,2903.447
     -72.38639075,-13.20924052,2903.321
     -72.38639298,-13.20924602,2904.335
     -72.38639638,-13.20925073,2906.436
     -72.38640065,-13.20925715,2907.315
     -72.38639932,-13.20926580,2907.529
     -72.38639310,-13.20927222,2907.184
     -72.38639310,-13.20927222,2907.184
     -72.38639310,-13.20927222,2907.184
     -72.38639310,-13.20927222,2907.184
     -72.38639037,-13.20927833,2906.936
     -72.38638312,-13.20928102,2906.328
     -72.38637730,-13.20928060,2906.044
     -72.38637730,-13.20928060,2906.044
     -72.38637223,-13.20928725,2905.955
     -72.38637223,-13.20928725,2905.955
     -72.38637223,-13.20928725,2905.955
     -72.38637223,-13.20928725,2905.955
     -72.38636123,-13.20929635,2905.612
     -72.38636123,-13.20929635,2905.612
     -72.38636123,-13.20929635,2905.612
     -72.38636123,-13.20929635,2905.612
     -72.38636123,-13.20929635,2905.612
     -72.38636123,-13.20929635,2905.612
     -72.38635077,-13.20929222,2903.975
     -72.38635077,-13.20929222,2903.975
     -72.38635077,-13.20929222,2903.975
     -72.38635077,-13.20929222,2903.975
     -72.38635077,-13.20929222,2903.975
     -72.38635077,-13.20929222,2903.975
     -72.38635345,-13.20928475,2901.400
     -72.38635345,-13.20928473,2901.399
     -72.38635345,-13.20928473,2901.399
     -72.38635345,-13.20928473,2901.399
     -72.38634257,-13.20928075,2900.055
     -72.38631750,-13.20930042,2900.487
     -72.38631412,-13.20930312,2898.785
     -72.38631412,-13.20930312,2898.785
     -72.38631412,-13.20930312,2898.785
     -72.38631412,-13.20930312,2898.785
     -72.38631412,-13.20930312,2898.785
     -72.38632612,-13.20930392,2895.957
     -72.38633318,-13.20930255,2895.533
     -72.38633892,-13.20930285,2894.962
     -72.38634305,-13.20930248,2894.836
     -72.38634745,-13.20930055,2894.862
     -72.38634638,-13.20929437,2894.395
     -72.38634638,-13.20929437,2894.395
     -72.38634503,-13.20929345,2893.646
     -72.38634503,-13.20929345,2893.646
     -72.38634503,-13.20929345,2893.646
     -72.38634503,-13.20929345,2893.646
     -72.38633830,-13.20929863,2894.897
     -72.38634095,-13.20930268,2894.445
     -72.38634198,-13.20930480,2894.041
     -72.38633827,-13.20931043,2893.381
     -72.38633378,-13.20931622,2892.210
     -72.38633127,-13.20931887,2891.485
     -72.38632175,-13.20932525,2891.517
     -72.38631185,-13.20932792,2890.814
     -72.38631185,-13.20932792,2890.814
     -72.38631185,-13.20932792,2890.814
     -72.38631185,-13.20932792,2890.814
     -72.38631185,-13.20932792,2890.814
     -72.38631185,-13.20932792,2890.814
     -72.38631185,-13.20932792,2890.814
     -72.38631185,-13.20932792,2890.814
     -72.38631185,-13.20932792,2890.814
     -72.38631185,-13.20932792,2890.814
     -72.38631185,-13.20932792,2890.814
     -72.38631185,-13.20932792,2890.814
     -72.38631185,-13.20932792,2890.814
     -72.38629798,-13.20931492,2890.790
     -72.38628592,-13.20930053,2890.872
     -72.38627628,-13.20929585,2889.783
     -72.38626548,-13.20929318,2889.189
     -72.38626117,-13.20928738,2888.812
     -72.38625682,-13.20927585,2888.838
     -72.38624963,-13.20926428,2889.893
     -72.38624257,-13.20925367,2891.519
     -72.38623367,-13.20924233,2892.846
     -72.38623050,-13.20923015,2893.372
     -72.38623090,-13.20921910,2892.635
     -72.38622992,-13.20920333,2892.107
     -72.38622690,-13.20919135,2892.185
     -72.38622265,-13.20918183,2890.877
     -72.38621863,-13.20917370,2890.466
     -72.38621153,-13.20916752,2891.615
     -72.38620687,-13.20916042,2892.628
     -72.38620687,-13.20915605,2893.610
     -72.38620617,-13.20914692,2893.420
     -72.38620160,-13.20913777,2893.434
     -72.38619447,-13.20912645,2892.816
     -72.38619115,-13.20911992,2892.671
     -72.38618915,-13.20910490,2892.556
     -72.38618873,-13.20908772,2891.956
     -72.38618132,-13.20907710,2891.050
     -72.38616837,-13.20907307,2890.667
     -72.38615968,-13.20906553,2890.379
     -72.38614987,-13.20906370,2889.813
     -72.38614178,-13.20905612,2889.040
     -72.38614027,-13.20904797,2888.154
     -72.38612853,-13.20904512,2887.320
     -72.38611725,-13.20904240,2886.873
     -72.38610312,-13.20904870,2887.092
     -72.38609768,-13.20905725,2887.818
     -72.38610373,-13.20906765,2888.593
     -72.38610520,-13.20908443,2890.093
     -72.38610675,-13.20909860,2891.496
     -72.38610915,-13.20911453,2892.139
     -72.38610308,-13.20912347,2892.651
     -72.38610552,-13.20913215,2893.678
     -72.38610568,-13.20914145,2894.665
     -72.38610580,-13.20915440,2895.090
     -72.38610260,-13.20916013,2894.240
     -72.38609600,-13.20916037,2893.156
     -72.38608732,-13.20916282,2892.420
     -72.38607548,-13.20916090,2891.112
     -72.38606342,-13.20915770,2889.825
     -72.38604600,-13.20915903,2889.113
     -72.38603460,-13.20916215,2889.207
     -72.38602868,-13.20917730,2889.378
     -72.38602868,-13.20917730,2889.378
     -72.38602868,-13.20917730,2889.378
     -72.38602982,-13.20918892,2890.414
     -72.38602813,-13.20919672,2889.916
     -72.38602337,-13.20920435,2889.796
     -72.38601548,-13.20921243,2888.974
     -72.38601650,-13.20922007,2888.975
     -72.38601850,-13.20923063,2889.167
     -72.38602272,-13.20924188,2889.140
     -72.38602213,-13.20925312,2888.958
     -72.38601733,-13.20926015,2888.432
     -72.38601123,-13.20926905,2888.761
     -72.38600670,-13.20927843,2888.764
     -72.38600335,-13.20928947,2888.646
     -72.38600055,-13.20930065,2890.257
     -72.38599895,-13.20931092,2891.058
     -72.38599513,-13.20931592,2891.515
     -72.38599415,-13.20932465,2891.022
     -72.38598922,-13.20934325,2890.131
     -72.38599067,-13.20935427,2889.431
     -72.38599170,-13.20936068,2889.218
     -72.38598803,-13.20936985,2888.973
     -72.38598747,-13.20938073,2888.931
     -72.38598792,-13.20939152,2888.870
     -72.38598632,-13.20940568,2889.377
     -72.38598740,-13.20941323,2889.256
     -72.38598695,-13.20942018,2890.110
     -72.38598582,-13.20942728,2889.576
     -72.38598068,-13.20943268,2889.256
     -72.38597577,-13.20943905,2888.083
     -72.38596737,-13.20944347,2887.839
     -72.38595992,-13.20944797,2887.394
     -72.38594975,-13.20945380,2886.822
     -72.38593632,-13.20946048,2886.369
     -72.38592050,-13.20946975,2885.456
     -72.38590655,-13.20947977,2884.810
     -72.38589720,-13.20949052,2885.079
     -72.38588767,-13.20950003,2884.529
     -72.38588297,-13.20950432,2883.952
     -72.38587773,-13.20950842,2883.491
     -72.38587100,-13.20950815,2882.530
     -72.38586230,-13.20950845,2881.752
     -72.38585160,-13.20950877,2881.404
     -72.38583975,-13.20950625,2881.584
     -72.38582642,-13.20950768,2880.994
     -72.38581822,-13.20950902,2881.252
     -72.38581493,-13.20951522,2881.016
     -72.38581493,-13.20952072,2881.907
     -72.38581493,-13.20952072,2881.907
     -72.38581493,-13.20952072,2881.907
     -72.38581553,-13.20953168,2882.198
     -72.38581300,-13.20953788,2882.315
     -72.38581228,-13.20954423,2882.341
     -72.38581415,-13.20954962,2881.376
     -72.38581692,-13.20955287,2880.517
     -72.38581580,-13.20956407,2879.808
     -72.38581502,-13.20957240,2879.733
     -72.38581365,-13.20958357,2880.075
     -72.38581423,-13.20959795,2880.603
     -72.38581292,-13.20960877,2880.680
     -72.38580847,-13.20961962,2880.362
     -72.38580662,-13.20963223,2880.001
     -72.38580662,-13.20963223,2880.001
     -72.38580662,-13.20963223,2880.001
     -72.38580885,-13.20963760,2880.814
     -72.38581412,-13.20963878,2881.187
     -72.38581800,-13.20963743,2880.832
     -72.38581837,-13.20963797,2880.530
     -72.38581883,-13.20963955,2879.883
     -72.38581772,-13.20964173,2879.904
     -72.38581582,-13.20963952,2879.857
     -72.38581275,-13.20963713,2880.618
     -72.38581445,-13.20963503,2880.702
     -72.38581608,-13.20963548,2880.500
     -72.38581915,-13.20963273,2879.837
     -72.38582568,-13.20963190,2879.487
     -72.38582895,-13.20963113,2878.398
     -72.38583117,-13.20963512,2878.030
     -72.38583117,-13.20963512,2878.030
     -72.38583117,-13.20963512,2878.030
     -72.38584448,-13.20963845,2877.690
     -72.38585723,-13.20963853,2876.962
     -72.38586615,-13.20964000,2877.081
     -72.38586800,-13.20963908,2875.863
     -72.38586562,-13.20963723,2874.474
     -72.38586562,-13.20963723,2874.475
     -72.38585865,-13.20963452,2875.428
     -72.38585225,-13.20963922,2877.245
     -72.38585225,-13.20963923,2877.245
     -72.38585225,-13.20963923,2877.245
     -72.38585225,-13.20963923,2877.245
     -72.38585225,-13.20963923,2877.245
     -72.38585225,-13.20963923,2877.245
     -72.38585225,-13.20963923,2877.245
     -72.38585225,-13.20963923,2877.245
     -72.38585225,-13.20963923,2877.245
     -72.38585225,-13.20963923,2877.245
     -72.38585225,-13.20963923,2877.245
     -72.38585225,-13.20963923,2877.245
     -72.38585225,-13.20963923,2877.245
     -72.38585225,-13.20963923,2877.245
     -72.38585225,-13.20963923,2877.245
     -72.38585067,-13.20963232,2878.508
     -72.38585067,-13.20963232,2878.507
     -72.38585067,-13.20963232,2878.507
     -72.38585067,-13.20963232,2878.507
     -72.38585067,-13.20963232,2878.507
     -72.38585067,-13.20963232,2878.507
     -72.38585067,-13.20963232,2878.507
     -72.38585067,-13.20963232,2878.507
     -72.38585067,-13.20963232,2878.507
     -72.38585067,-13.20963232,2878.507
     -72.38585067,-13.20963232,2878.507
     -72.38585067,-13.20963232,2878.507
     -72.38585067,-13.20963232,2878.507
     -72.38585067,-13.20963232,2878.507
     -72.38585067,-13.20963232,2878.507
     -72.38585067,-13.20963232,2878.507
     -72.38585067,-13.20963232,2878.507
     -72.38585067,-13.20963232,2878.507
     -72.38585067,-13.20963232,2878.507
     -72.38585067,-13.20963232,2878.507
     -72.38584115,-13.20964067,2879.832
     -72.38583612,-13.20963950,2879.922
     -72.38583612,-13.20963950,2879.922
     -72.38583612,-13.20963950,2879.922
     -72.38583612,-13.20963950,2879.922
     -72.38583612,-13.20963950,2879.922
     -72.38583612,-13.20963950,2879.922
     -72.38583612,-13.20963950,2879.922
     -72.38583612,-13.20963950,2879.922
     -72.38583612,-13.20963950,2879.922
     -72.38583612,-13.20963950,2879.922
     -72.38582687,-13.20964613,2879.118
     -72.38582472,-13.20965108,2878.737
     -72.38582472,-13.20965108,2878.737
     -72.38582472,-13.20965108,2878.737
     -72.38582472,-13.20965108,2878.737
     -72.38582322,-13.20966173,2879.031
     -72.38582075,-13.20967393,2879.586
     -72.38581925,-13.20968958,2880.830
     -72.38581610,-13.20969658,2880.227
     -72.38580957,-13.20970453,2879.489
     -72.38580098,-13.20970823,2878.691
     -72.38579318,-13.20970912,2877.878
     -72.38578392,-13.20971715,2877.411
     -72.38577420,-13.20972310,2876.969
     -72.38576662,-13.20973003,2876.237
     -72.38576393,-13.20973722,2875.591
     -72.38575717,-13.20974883,2874.858
     -72.38575750,-13.20975587,2875.553
     -72.38575597,-13.20976477,2875.055
     -72.38575665,-13.20977280,2875.235
     -72.38575643,-13.20978322,2875.170
     -72.38575328,-13.20979652,2875.129
     -72.38575253,-13.20980783,2874.845
     -72.38575327,-13.20981672,2874.183
     -72.38575327,-13.20981672,2874.183
     -72.38575327,-13.20981672,2874.183
     -72.38575327,-13.20981672,2874.183
     -72.38575217,-13.20981977,2873.045
     -72.38575107,-13.20983090,2872.300
     -72.38574350,-13.20984498,2872.039
     -72.38573502,-13.20985388,2871.377
     -72.38573352,-13.20986122,2871.005
     -72.38572787,-13.20987215,2871.122
     -72.38572368,-13.20988150,2870.135
     -72.38572107,-13.20988897,2868.383
     -72.38572130,-13.20990497,2866.959
     -72.38572527,-13.20992463,2865.484
     -72.38572498,-13.20994153,2865.473
     -72.38572260,-13.20995540,2866.187
     -72.38571832,-13.20997018,2866.486
     -72.38572097,-13.20998190,2867.053
     -72.38572045,-13.20999762,2867.672
     -72.38572215,-13.21000858,2867.650
     -72.38572140,-13.21001895,2867.027
     -72.38572198,-13.21002780,2867.033
     -72.38572645,-13.21002908,2866.999
     -72.38572603,-13.21003290,2867.607
     -72.38573087,-13.21003522,2867.219
     -72.38573428,-13.21004273,2866.566
     -72.38573702,-13.21005273,2865.627
     -72.38573243,-13.21006292,2866.026
     -72.38572588,-13.21007220,2865.740
     -72.38571272,-13.21008078,2865.693
     -72.38569588,-13.21008110,2865.546
     -72.38568038,-13.21008217,2865.734
     -72.38567003,-13.21008758,2866.333
     -72.38566603,-13.21009462,2866.911
     -72.38565852,-13.21010478,2866.122
     -72.38565657,-13.21012038,2866.188
     -72.38565807,-13.21012613,2865.429
     -72.38566408,-13.21013708,2864.409
     -72.38567067,-13.21015123,2863.240
     -72.38567825,-13.21016535,2862.677
     -72.38568507,-13.21017105,2862.766
     -72.38569673,-13.21017678,2863.558
     -72.38571237,-13.21017940,2863.489
     -72.38572802,-13.21018258,2862.953
     -72.38574545,-13.21019517,2863.780
     -72.38575933,-13.21020393,2863.662
     -72.38577430,-13.21020980,2864.732
     -72.38578818,-13.21021513,2865.161
     -72.38579645,-13.21022630,2866.073
     -72.38580298,-13.21023537,2866.110
     -72.38580885,-13.21023942,2865.911
     -72.38580885,-13.21023942,2865.911
     -72.38580885,-13.21023942,2865.911
     -72.38580885,-13.21023942,2865.911
     -72.38579918,-13.21024742,2865.220
     -72.38579107,-13.21025660,2863.960
     -72.38579107,-13.21025660,2863.960
     -72.38578845,-13.21026755,2862.293
     -72.38579428,-13.21027532,2862.006
     -72.38579707,-13.21028695,2861.521
     -72.38580357,-13.21029622,2860.852
     -72.38581038,-13.21030167,2859.799
     -72.38581037,-13.21030167,2859.799
     -72.38581583,-13.21032120,2860.609
     -72.38581828,-13.21033143,2861.362
     -72.38581990,-13.21034630,2862.484
     -72.38582403,-13.21036355,2863.727
     -72.38583298,-13.21037565,2864.995
     -72.38583838,-13.21038767,2865.395
     -72.38583838,-13.21038767,2865.395
     -72.38583902,-13.21040160,2865.129
     -72.38584028,-13.21041220,2864.406
     -72.38583837,-13.21041898,2863.971
     -72.38583643,-13.21042553,2863.479
     -72.38583682,-13.21044067,2862.775
     -72.38583878,-13.21046327,2863.672
     -72.38583798,-13.21048052,2865.998
     -72.38583308,-13.21049067,2866.168
     -72.38582605,-13.21049343,2865.293
     -72.38581345,-13.21049217,2864.612
     -72.38580268,-13.21048498,2863.289
     -72.38579447,-13.21048398,2863.050
     -72.38578710,-13.21047692,2862.139
     -72.38578422,-13.21047193,2861.676
     -72.38578715,-13.21046902,2861.575
     -72.38579077,-13.21046627,2860.669
     -72.38579572,-13.21046650,2860.212
     -72.38580355,-13.21046792,2859.609
     -72.38581365,-13.21046680,2858.656
     -72.38581690,-13.21046413,2857.610
     -72.38581807,-13.21046870,2858.519
     -72.38582095,-13.21046747,2857.562
     -72.38583092,-13.21045700,2854.949
     -72.38583092,-13.21045700,2854.949
     -72.38583893,-13.21047552,2854.543
     -72.38583893,-13.21047552,2854.543
     -72.38582810,-13.21048852,2853.914
     -72.38582643,-13.21052192,2857.186
     -72.38582460,-13.21054898,2858.848
     -72.38582018,-13.21055897,2859.788
     -72.38581892,-13.21055945,2860.909
     -72.38581657,-13.21056340,2862.589
     -72.38581502,-13.21056635,2862.391
     -72.38580950,-13.21056790,2861.462
     -72.38580520,-13.21056847,2860.802
     -72.38580083,-13.21057377,2861.266
     -72.38579328,-13.21057930,2860.422
     -72.38578448,-13.21058332,2859.824
     -72.38577840,-13.21058400,2858.933
     -72.38577247,-13.21058783,2858.703
     -72.38576763,-13.21058935,2857.982
     -72.38575938,-13.21059377,2857.395
     -72.38575450,-13.21059800,2856.811
     -72.38575080,-13.21060322,2856.456
     -72.38575080,-13.21060322,2856.456
     -72.38575168,-13.21061188,2856.104
     -72.38574640,-13.21062250,2856.555
     -72.38574640,-13.21062250,2856.555
     -72.38574640,-13.21062250,2856.555
     -72.38574640,-13.21062250,2856.555
     -72.38575005,-13.21062910,2857.117
     -72.38575005,-13.21062910,2857.117
     -72.38575405,-13.21063822,2857.096
     -72.38575405,-13.21063822,2857.096
     -72.38575405,-13.21063822,2857.096
     -72.38575405,-13.21063822,2857.096
     -72.38575405,-13.21063822,2857.096
     -72.38575405,-13.21063822,2857.096
     -72.38575405,-13.21063822,2857.096
     -72.38575353,-13.21064568,2857.670
     -72.38574825,-13.21065353,2857.924
     -72.38574188,-13.21066538,2858.240
     -72.38573418,-13.21067643,2858.191
     -72.38572670,-13.21069058,2858.112
     -72.38572030,-13.21070158,2857.739
     -72.38571108,-13.21070975,2856.913
     -72.38570077,-13.21071850,2856.136
     -72.38569340,-13.21072685,2855.575
     -72.38568257,-13.21073540,2854.520
     -72.38567375,-13.21074633,2853.747
     -72.38566805,-13.21075692,2853.156
     -72.38566773,-13.21076345,2852.523
     -72.38566692,-13.21077220,2852.235
     -72.38566548,-13.21078148,2851.730
     -72.38566627,-13.21079185,2851.803
     -72.38567200,-13.21080093,2851.584
     -72.38567817,-13.21080942,2850.739
     -72.38568023,-13.21081948,2850.839
     -72.38568107,-13.21083105,2850.455
     -72.38568148,-13.21083967,2850.236
     -72.38568030,-13.21084913,2850.110
     -72.38567975,-13.21086320,2849.773
     -72.38568185,-13.21087687,2849.670
     -72.38568568,-13.21088933,2849.900
     -72.38569118,-13.21090058,2849.287
     -72.38569382,-13.21091018,2849.341
     -72.38569043,-13.21092162,2849.269
     -72.38568943,-13.21092855,2849.467
     -72.38568683,-13.21093823,2849.336
     -72.38568322,-13.21094858,2849.063
     -72.38567222,-13.21095678,2849.674
     -72.38566663,-13.21096253,2849.751
     -72.38566123,-13.21097228,2849.957
     -72.38565637,-13.21098125,2849.449
     -72.38565288,-13.21098813,2849.442
     -72.38565182,-13.21099368,2849.130
     -72.38565102,-13.21100325,2848.669
     -72.38564318,-13.21101182,2848.798
     -72.38563108,-13.21101818,2848.114
     -72.38561922,-13.21102193,2847.883
     -72.38560997,-13.21102788,2847.132
     -72.38559890,-13.21103530,2846.724
     -72.38558937,-13.21103893,2846.572
     -72.38558287,-13.21104488,2846.095
     -72.38557867,-13.21105077,2845.586
     -72.38557317,-13.21105558,2844.855
     -72.38556780,-13.21106290,2843.928
     -72.38556093,-13.21106805,2843.097
     -72.38555330,-13.21107045,2841.815
     -72.38554975,-13.21107543,2841.298
     -72.38554820,-13.21107975,2841.083
     -72.38554177,-13.21108545,2840.924
     -72.38553512,-13.21108522,2840.618
     -72.38552585,-13.21108553,2840.624
     -72.38551842,-13.21108327,2840.346
     -72.38551127,-13.21108647,2840.038
     -72.38550363,-13.21109335,2839.980
     -72.38550363,-13.21109335,2839.980
     -72.38550363,-13.21109335,2839.980
     -72.38550363,-13.21109335,2839.980
     -72.38550363,-13.21109335,2839.980
     -72.38550363,-13.21109335,2839.980
     -72.38550835,-13.21110542,2839.049
     -72.38550877,-13.21112098,2839.486
     -72.38550883,-13.21113548,2840.006
     -72.38551230,-13.21114740,2839.904
     -72.38551397,-13.21115902,2839.762
     -72.38551667,-13.21117115,2840.207
     -72.38551805,-13.21118240,2840.290
     -72.38552892,-13.21119285,2841.535
     -72.38553303,-13.21120322,2840.695
     -72.38554067,-13.21121788,2839.510
     -72.38554703,-13.21123383,2838.340
     -72.38555012,-13.21125052,2838.256
     -72.38554903,-13.21125760,2837.743
     -72.38555258,-13.21125990,2836.907
     -72.38555535,-13.21126028,2835.837
     -72.38555937,-13.21125972,2835.420
     -72.38556052,-13.21126077,2834.890
     -72.38557005,-13.21126150,2835.004
     -72.38558385,-13.21126750,2834.940
     -72.38559088,-13.21127637,2835.537
     -72.38559708,-13.21128840,2836.186
     -72.38559633,-13.21130043,2835.978
     -72.38559835,-13.21131435,2836.125
     -72.38559712,-13.21132693,2836.512
     -72.38559500,-13.21133700,2836.984
     -72.38559497,-13.21134697,2837.635
     -72.38559150,-13.21135450,2838.068
     -72.38559302,-13.21136498,2838.790
     -72.38559093,-13.21137612,2838.622
     -72.38558865,-13.21138690,2838.451
     -72.38558575,-13.21139577,2838.929
     -72.38558190,-13.21139935,2839.141
     -72.38558213,-13.21140400,2839.488
     -72.38557670,-13.21140777,2838.673
     -72.38556907,-13.21141785,2837.410
     -72.38556495,-13.21143113,2836.475
     -72.38556317,-13.21143927,2835.050
     -72.38556245,-13.21144750,2833.786
     -72.38556207,-13.21145500,2832.315
     -72.38556248,-13.21146673,2832.318
     -72.38555943,-13.21147587,2831.483
     -72.38555090,-13.21148243,2831.223
     -72.38555090,-13.21148243,2831.223
     -72.38555090,-13.21148243,2831.223
     -72.38555090,-13.21148243,2831.223
     -72.38555090,-13.21148243,2831.223
     -72.38555090,-13.21148243,2831.223
     -72.38555090,-13.21148243,2831.223
     -72.38555090,-13.21148243,2831.223
     -72.38555090,-13.21148243,2831.223
     -72.38555090,-13.21148243,2831.223
     -72.38555090,-13.21148243,2831.223
     -72.38555090,-13.21148243,2831.223
     -72.38555090,-13.21148243,2831.223
     -72.38554063,-13.21148335,2831.392
     -72.38554063,-13.21148335,2831.392
     -72.38554348,-13.21148150,2830.230
     -72.38555472,-13.21147798,2829.637
     -72.38556763,-13.21146977,2829.339
     -72.38558750,-13.21146925,2830.347
     -72.38559695,-13.21147642,2830.311
     -72.38560190,-13.21148212,2830.832
     -72.38560765,-13.21149447,2831.050
     -72.38561393,-13.21150543,2831.806
     -72.38562127,-13.21151707,2832.270
     -72.38562372,-13.21152575,2832.388
     -72.38562968,-13.21153002,2832.411
     -72.38563375,-13.21153485,2832.052
     -72.38563510,-13.21154667,2832.061
     -72.38563875,-13.21155773,2832.358
     -72.38564618,-13.21156522,2832.117
     -72.38565148,-13.21157148,2832.738
     -72.38565833,-13.21158315,2833.501
     -72.38566183,-13.21159090,2834.451
     -72.38567163,-13.21159188,2833.864
     -72.38568350,-13.21159413,2833.357
     -72.38568693,-13.21159220,2831.816
     -72.38569748,-13.21160060,2832.236
     -72.38570387,-13.21160583,2832.556
     -72.38570832,-13.21161105,2831.868
     -72.38571157,-13.21161868,2831.473
     -72.38571060,-13.21162730,2830.341
     -72.38571393,-13.21163235,2829.137
     -72.38571265,-13.21163765,2827.866
     -72.38571413,-13.21164457,2827.231
     -72.38571537,-13.21165580,2827.369
     -72.38571403,-13.21166483,2826.931
     -72.38570938,-13.21167785,2827.299
     -72.38570323,-13.21168862,2827.053
     -72.38570030,-13.21169503,2826.665
     -72.38570030,-13.21169503,2826.665
     -72.38570030,-13.21169503,2826.665
     -72.38570030,-13.21169503,2826.665
     -72.38570030,-13.21169503,2826.665
     -72.38570030,-13.21169503,2826.665
     -72.38570030,-13.21169503,2826.665
     -72.38570030,-13.21169503,2826.665
     -72.38570030,-13.21169503,2826.665
     -72.38570030,-13.21169503,2826.665
     -72.38570030,-13.21169503,2826.665
     -72.38570030,-13.21169503,2826.665
     -72.38570030,-13.21169503,2826.665
     -72.38570030,-13.21169503,2826.665
     -72.38570030,-13.21169503,2826.665
     -72.38570030,-13.21169503,2826.665
     -72.38570030,-13.21169503,2826.665
     -72.38570030,-13.21169503,2826.665
     -72.38570030,-13.21169503,2826.665
     -72.38570030,-13.21169503,2826.665
     -72.38570030,-13.21169503,2826.665
     -72.38570030,-13.21169503,2826.665
     -72.38570030,-13.21169503,2826.665
     -72.38570030,-13.21169503,2826.665
     -72.38570030,-13.21169503,2826.665
     -72.38570030,-13.21169503,2826.665
     -72.38570030,-13.21169503,2826.665
     -72.38570160,-13.21170775,2826.375
     -72.38570352,-13.21172135,2826.217
     -72.38570485,-13.21173225,2825.474
     -72.38570565,-13.21174670,2825.092
     -72.38570857,-13.21175943,2825.019
     -72.38570730,-13.21177145,2824.849
     -72.38570702,-13.21178270,2824.755
     -72.38570543,-13.21179750,2824.634
     -72.38570090,-13.21181930,2824.327
     -72.38570000,-13.21183225,2825.008
     -72.38570143,-13.21184232,2825.958
     -72.38570343,-13.21184710,2826.032
     -72.38570752,-13.21184763,2826.332
     -72.38571208,-13.21185472,2826.857
     -72.38571400,-13.21186217,2826.902
     -72.38571832,-13.21186688,2827.178
     -72.38572368,-13.21187530,2827.513
     -72.38572707,-13.21188425,2826.803
     -72.38572750,-13.21189718,2826.017
     -72.38572603,-13.21191330,2825.544
     -72.38572390,-13.21192582,2826.479
     -72.38572553,-13.21192478,2826.157
     -72.38572853,-13.21192627,2825.807
     -72.38572850,-13.21193145,2825.419
     -72.38572798,-13.21193860,2825.391
     -72.38572808,-13.21194582,2825.310
     -72.38572932,-13.21195373,2824.641
     -72.38572795,-13.21196253,2823.569
     -72.38572505,-13.21197133,2822.789
     -72.38572068,-13.21198138,2821.982
     -72.38571952,-13.21198897,2821.268
     -72.38572308,-13.21199905,2820.670
     -72.38572320,-13.21200822,2820.958
     -72.38572288,-13.21201747,2820.485
     -72.38572005,-13.21202830,2820.137
     -72.38571845,-13.21203933,2820.053
     -72.38571967,-13.21204972,2820.112
     -72.38571827,-13.21206210,2820.264
     -72.38571923,-13.21207492,2820.205
     -72.38572047,-13.21208945,2820.187
     -72.38572208,-13.21210222,2819.881
     -72.38572388,-13.21211483,2819.214
     -72.38572607,-13.21212593,2818.265
     -72.38573197,-13.21213247,2817.227
     -72.38573103,-13.21213908,2816.309
     -72.38572770,-13.21215087,2815.282
     -72.38572387,-13.21216198,2814.590
     -72.38571940,-13.21216987,2814.069
     -72.38571525,-13.21217523,2813.407
     -72.38570608,-13.21218402,2812.549
     -72.38569937,-13.21218922,2811.816
     -72.38569318,-13.21219267,2811.638
     -72.38568305,-13.21219818,2811.608
     -72.38566748,-13.21220747,2811.531
     -72.38565392,-13.21221133,2811.555
     -72.38564362,-13.21221372,2811.791
     -72.38563345,-13.21221385,2811.170
     -72.38562812,-13.21222093,2811.245
     -72.38562482,-13.21222958,2811.695
     -72.38562260,-13.21223822,2811.126
     -72.38562148,-13.21224675,2811.384
     -72.38562552,-13.21225012,2811.202
     -72.38562075,-13.21225532,2811.077
     -72.38561343,-13.21226383,2811.748
     -72.38560372,-13.21226863,2810.858
     -72.38559495,-13.21227510,2811.088
     -72.38558242,-13.21228000,2811.318
     -72.38556995,-13.21228482,2811.379
     -72.38556295,-13.21228807,2811.088
     -72.38555750,-13.21229122,2810.788
     -72.38555430,-13.21229907,2811.177
     -72.38554940,-13.21230250,2810.677
     -72.38554780,-13.21230688,2810.783
     -72.38554227,-13.21231248,2810.141
     -72.38553460,-13.21232102,2809.615
     -72.38552400,-13.21232853,2808.853
     -72.38551547,-13.21233785,2808.455
     -72.38551203,-13.21234467,2808.093
     -72.38550380,-13.21235147,2807.496
     -72.38549925,-13.21235490,2807.123
     -72.38549327,-13.21236550,2807.620
     -72.38548712,-13.21237565,2807.522
     -72.38547860,-13.21238678,2807.892
     -72.38547625,-13.21239610,2807.416
     -72.38547357,-13.21240622,2807.026
     -72.38547332,-13.21241947,2807.475
     -72.38547042,-13.21243067,2807.395
     -72.38546735,-13.21244248,2807.397
     -72.38546412,-13.21245258,2807.727
     -72.38546195,-13.21246320,2808.168
     -72.38545768,-13.21247213,2807.697
     -72.38545460,-13.21248235,2807.738
     -72.38545083,-13.21249390,2807.952
     -72.38544577,-13.21250305,2807.785
     -72.38544102,-13.21251552,2808.284
     -72.38543672,-13.21252608,2808.248
     -72.38543398,-13.21253922,2808.373
     -72.38543170,-13.21255102,2808.627
     -72.38542728,-13.21256192,2808.022
     -72.38542430,-13.21257282,2807.790
     -72.38542015,-13.21258195,2807.395
     -72.38541535,-13.21259098,2807.166
     -72.38541095,-13.21259905,2806.843
     -72.38540517,-13.21260905,2806.707
     -72.38540165,-13.21261637,2806.356
     -72.38539308,-13.21262653,2805.454
     -72.38538138,-13.21263680,2805.503
     -72.38536743,-13.21264778,2805.764
     -72.38535673,-13.21265612,2805.562
     -72.38535257,-13.21266403,2805.688
     -72.38535115,-13.21266832,2805.583
     -72.38534333,-13.21267513,2805.322
     -72.38533112,-13.21268155,2805.124
     -72.38532147,-13.21268782,2805.279
     -72.38530887,-13.21269190,2805.062
     -72.38529592,-13.21269340,2805.127
     -72.38528267,-13.21269627,2804.966
     -72.38527037,-13.21269905,2804.468
     -72.38526327,-13.21270568,2804.166
     -72.38525613,-13.21271697,2804.315
     -72.38525073,-13.21273187,2804.174
     -72.38525235,-13.21274192,2804.433
     -72.38525677,-13.21275120,2804.295
     -72.38525598,-13.21276035,2803.498
     -72.38525910,-13.21276900,2803.233
     -72.38525453,-13.21277717,2802.667
     -72.38524938,-13.21278483,2802.332
     -72.38524895,-13.21279433,2801.505
     -72.38524738,-13.21280398,2800.951
     -72.38524885,-13.21281370,2800.435
     -72.38525012,-13.21282415,2800.094
     -72.38524703,-13.21283247,2799.736
     -72.38524687,-13.21284197,2799.288
     -72.38524743,-13.21285315,2799.343
     -72.38524235,-13.21286813,2799.233
     -72.38523858,-13.21288045,2798.811
     -72.38523725,-13.21288888,2798.794
     -72.38523348,-13.21289510,2797.839
     -72.38522888,-13.21290470,2797.259
     -72.38522260,-13.21291853,2796.480
     -72.38521957,-13.21292690,2795.388
     -72.38521372,-13.21293518,2794.779
     -72.38520928,-13.21294103,2793.494
     -72.38520533,-13.21294695,2793.131
     -72.38520188,-13.21295258,2792.609
     -72.38519507,-13.21295380,2792.475
     -72.38518952,-13.21296057,2792.393
     -72.38517985,-13.21296115,2791.711
     -72.38517985,-13.21296115,2791.711
     -72.38517985,-13.21296115,2791.711
     -72.38517260,-13.21296022,2791.115
     -72.38516942,-13.21296172,2790.683
     -72.38516715,-13.21297228,2790.854
     -72.38516267,-13.21298415,2790.457
     -72.38515683,-13.21299412,2789.641
     -72.38514965,-13.21300468,2788.611
     -72.38514245,-13.21301468,2789.098
     -72.38513970,-13.21302305,2789.990
     -72.38513718,-13.21303013,2790.506
     -72.38513433,-13.21304092,2791.316
     -72.38513183,-13.21305172,2791.385
     -72.38512865,-13.21305747,2791.058
     -72.38512460,-13.21306713,2791.237
     -72.38512262,-13.21307702,2791.072
     -72.38512030,-13.21309263,2790.863
     -72.38511583,-13.21310730,2790.971
     -72.38510483,-13.21312440,2791.159
     -72.38510477,-13.21313783,2792.308
     -72.38510720,-13.21314927,2792.566
     -72.38510802,-13.21315987,2791.805
     -72.38510463,-13.21316847,2791.111
     -72.38510318,-13.21318015,2791.142
     -72.38510315,-13.21318940,2791.596
     -72.38510360,-13.21319935,2791.083
     -72.38510418,-13.21320813,2790.650
     -72.38510363,-13.21321707,2789.774
     -72.38510502,-13.21322843,2789.445
     -72.38510672,-13.21323775,2789.081
     -72.38510853,-13.21324648,2788.830
     -72.38510533,-13.21325400,2788.352
     -72.38510465,-13.21326027,2788.330
     -72.38510362,-13.21327542,2788.274
     -72.38510273,-13.21328362,2787.542
     -72.38510100,-13.21329377,2787.234
     -72.38509738,-13.21330775,2787.519
     -72.38509868,-13.21332140,2787.334
     -72.38509813,-13.21333480,2787.359
     -72.38509815,-13.21334647,2787.238
     -72.38509990,-13.21335785,2786.757
     -72.38509558,-13.21337082,2786.727
     -72.38509340,-13.21337987,2786.831
     -72.38509272,-13.21338885,2786.810
     -72.38509435,-13.21340202,2787.868
     -72.38509157,-13.21341408,2788.409
     -72.38509275,-13.21342733,2788.371
     -72.38509127,-13.21343608,2788.045
     -72.38509257,-13.21344445,2788.163
     -72.38509473,-13.21345640,2788.249
     -72.38509472,-13.21346233,2787.895
     -72.38509548,-13.21347087,2787.686
     -72.38509240,-13.21347885,2787.243
     -72.38508703,-13.21348792,2786.467
     -72.38507908,-13.21350228,2786.169
     -72.38507463,-13.21351765,2786.208
     -72.38507218,-13.21353453,2786.406
     -72.38507150,-13.21354560,2786.980
     -72.38507013,-13.21355788,2787.653
     -72.38506298,-13.21356600,2787.062
     -72.38505607,-13.21357245,2786.666
     -72.38505642,-13.21358135,2787.027
     -72.38505417,-13.21358963,2786.474
     -72.38505472,-13.21359778,2786.069
     -72.38505410,-13.21360898,2785.687
     -72.38505475,-13.21362088,2785.513
     -72.38505082,-13.21363622,2785.031
     -72.38504835,-13.21364900,2785.541
     -72.38504262,-13.21366078,2785.555
     -72.38503415,-13.21366663,2784.993
     -72.38502553,-13.21367492,2784.019
     -72.38501733,-13.21368245,2783.653
     -72.38500995,-13.21369403,2783.399
     -72.38500122,-13.21370660,2783.091
     -72.38499165,-13.21372000,2783.546
     -72.38498268,-13.21373677,2784.880
     -72.38497232,-13.21374088,2784.676
     -72.38496382,-13.21374412,2784.946
     -72.38495442,-13.21374948,2784.643
     -72.38494547,-13.21375387,2783.834
     -72.38494103,-13.21376697,2783.271
     -72.38493712,-13.21377670,2782.403
     -72.38493623,-13.21378967,2782.720
     -72.38493360,-13.21379893,2782.500
     -72.38492975,-13.21380753,2782.539
     -72.38492500,-13.21381278,2782.052
     -72.38491898,-13.21382195,2781.233
     -72.38491255,-13.21382947,2780.771
     -72.38490445,-13.21383853,2780.308
     -72.38490013,-13.21384848,2779.538
     -72.38489488,-13.21385988,2779.250
     -72.38488713,-13.21387137,2779.187
     -72.38487922,-13.21388023,2778.869
     -72.38487482,-13.21389353,2778.411
     -72.38487122,-13.21390125,2777.535
     -72.38486902,-13.21391357,2777.010
     -72.38486562,-13.21392478,2776.147
     -72.38485640,-13.21393737,2776.462
     -72.38484842,-13.21394885,2776.730
     -72.38484200,-13.21396018,2777.377
     -72.38483882,-13.21397108,2777.655
     -72.38483077,-13.21398110,2777.328
     -72.38482408,-13.21398807,2776.693
     -72.38481998,-13.21399585,2776.169
     -72.38482083,-13.21400298,2776.059
     -72.38481742,-13.21400725,2776.269
     -72.38481132,-13.21401092,2776.054
     -72.38480542,-13.21401843,2775.580
     -72.38480275,-13.21402127,2775.471
     -72.38479942,-13.21403013,2774.987
     -72.38479737,-13.21404430,2775.239
     -72.38479393,-13.21405358,2774.538
     -72.38478942,-13.21406112,2773.160
     -72.38478285,-13.21407248,2772.906
     -72.38477943,-13.21407985,2771.883
     -72.38477563,-13.21408930,2771.222
     -72.38476793,-13.21409642,2770.739
     -72.38476330,-13.21410322,2771.466
     -72.38475447,-13.21411200,2772.004
     -72.38474572,-13.21412145,2772.057
     -72.38474165,-13.21413117,2772.008
     -72.38473703,-13.21414320,2771.477
     -72.38473495,-13.21415612,2770.671
     -72.38473180,-13.21416765,2769.938
     -72.38472838,-13.21417945,2769.578
     -72.38472688,-13.21418788,2769.048
     -72.38472630,-13.21419753,2768.217
     -72.38472668,-13.21421023,2767.707
     -72.38472652,-13.21422092,2766.895
     -72.38472503,-13.21422877,2765.607
     -72.38472382,-13.21423273,2764.806
     -72.38472377,-13.21424117,2764.660
     -72.38472887,-13.21424383,2764.419
     -72.38473615,-13.21425382,2764.607
     -72.38473912,-13.21426558,2764.834
     -72.38474412,-13.21427812,2764.634
     -72.38475018,-13.21428837,2764.393
     -72.38475302,-13.21430140,2764.916
     -72.38475327,-13.21431383,2765.051
     -72.38475422,-13.21432693,2765.354
     -72.38475395,-13.21433918,2765.748
     -72.38475393,-13.21434702,2765.905
     -72.38476095,-13.21435042,2766.019
     -72.38476608,-13.21435562,2766.494
     -72.38476382,-13.21435597,2766.383
     -72.38476518,-13.21435308,2766.267
     -72.38476240,-13.21435313,2766.140
     -72.38475688,-13.21435910,2765.593
     -72.38475040,-13.21436477,2764.868
     -72.38473852,-13.21437332,2764.630
     -72.38472933,-13.21438050,2764.696
     -72.38472453,-13.21438877,2764.479
     -72.38471875,-13.21439488,2763.483
     -72.38471442,-13.21440188,2762.598
     -72.38471052,-13.21440785,2762.768
     -72.38470307,-13.21441635,2762.857
     -72.38469992,-13.21442102,2762.337
     -72.38469587,-13.21442490,2761.273
     -72.38469332,-13.21442800,2760.454
     -72.38469332,-13.21442800,2760.454
     -72.38469332,-13.21442800,2760.454
     -72.38469332,-13.21442800,2760.454
     -72.38469423,-13.21441202,2761.245
     -72.38469758,-13.21439762,2761.807
     -72.38470290,-13.21438362,2762.526
     -72.38470808,-13.21437055,2763.480
     -72.38471608,-13.21435687,2764.399
     -72.38472485,-13.21434507,2764.539
     -72.38472803,-13.21433623,2765.235
     -72.38473555,-13.21432912,2765.563
     -72.38474917,-13.21431970,2766.324
     -72.38476043,-13.21431727,2766.778
     -72.38477147,-13.21431732,2766.887
     -72.38478427,-13.21431787,2766.704
     -72.38480177,-13.21432107,2767.526
     -72.38481798,-13.21432585,2767.540
     -72.38483442,-13.21432820,2768.274
     -72.38485088,-13.21433445,2767.908
     -72.38486330,-13.21434435,2767.218
     -72.38487912,-13.21435288,2766.447
     -72.38489220,-13.21436017,2766.867
     -72.38490372,-13.21436452,2767.313
     -72.38491727,-13.21437217,2767.414
     -72.38492977,-13.21437895,2767.918
     -72.38494098,-13.21438533,2768.238
     -72.38495268,-13.21439502,2768.270
     -72.38496573,-13.21440828,2768.432
     -72.38497862,-13.21441885,2768.057
     -72.38498988,-13.21442767,2768.112
     -72.38499828,-13.21443892,2768.271
     -72.38500922,-13.21444808,2767.405
     -72.38502002,-13.21446323,2768.081
     -72.38502185,-13.21447437,2767.701
     -72.38502570,-13.21448352,2767.553
     -72.38503332,-13.21449605,2767.492
     -72.38504022,-13.21450782,2767.537
     -72.38504848,-13.21452035,2767.540
     -72.38505720,-13.21452745,2767.339
     -72.38507033,-13.21454060,2767.725
     -72.38508543,-13.21455575,2768.051
     -72.38509763,-13.21456605,2767.762
     -72.38510527,-13.21457013,2767.125
     -72.38511177,-13.21457277,2765.323
     -72.38511287,-13.21457945,2764.920
     -72.38512230,-13.21458925,2765.420
     -72.38512597,-13.21460010,2764.885
     -72.38513637,-13.21460332,2764.561
     -72.38514565,-13.21460425,2763.157
     -72.38515655,-13.21461417,2762.933
     -72.38516755,-13.21462158,2763.280
     -72.38517920,-13.21462592,2762.964
     -72.38519048,-13.21462867,2762.162
     -72.38520747,-13.21463105,2762.032
     -72.38522295,-13.21463443,2761.760
     -72.38523935,-13.21463897,2761.570
     -72.38525630,-13.21464132,2761.886
     -72.38527252,-13.21464572,2761.527
     -72.38529063,-13.21464977,2761.125
     -72.38530767,-13.21465522,2760.394
     -72.38532062,-13.21465457,2759.932
     -72.38533465,-13.21465702,2760.297
     -72.38534703,-13.21465390,2759.653
     -72.38536050,-13.21464847,2759.495
     -72.38536627,-13.21465100,2759.303
     -72.38537848,-13.21465353,2759.075
     -72.38538860,-13.21465602,2759.741
     -72.38539740,-13.21465198,2759.490
     -72.38540393,-13.21464848,2759.666
     -72.38540395,-13.21464848,2759.666
     -72.38539887,-13.21464728,2760.137
     -72.38539887,-13.21464728,2760.137
     -72.38539887,-13.21464728,2760.137
     -72.38539887,-13.21464728,2760.137
     -72.38539887,-13.21464728,2760.137
     -72.38538377,-13.21464195,2760.267
     -72.38537218,-13.21464247,2759.869
     -72.38535805,-13.21464182,2759.375
     -72.38534462,-13.21463927,2760.761
     -72.38534068,-13.21463213,2760.220
     -72.38533408,-13.21463120,2760.613
     -72.38532578,-13.21462985,2760.979
     -72.38531928,-13.21462695,2760.879
     -72.38531928,-13.21462695,2760.879
     -72.38531928,-13.21462695,2760.879
     -72.38531928,-13.21462695,2760.879
     -72.38531928,-13.21462695,2760.879
     -72.38531928,-13.21462695,2760.879
     -72.38531928,-13.21462695,2760.879
     -72.38531928,-13.21462695,2760.879
     -72.38531928,-13.21462695,2760.879
     -72.38531928,-13.21462695,2760.879
     -72.38531928,-13.21462695,2760.879
     -72.38531928,-13.21462695,2760.879
     -72.38531928,-13.21462695,2760.879
     -72.38531928,-13.21462695,2760.879
     -72.38531928,-13.21462695,2760.879
     -72.38531928,-13.21462695,2760.879
     -72.38531797,-13.21462938,2760.409
     -72.38532692,-13.21463325,2760.241
     -72.38533707,-13.21464053,2759.905
     -72.38534167,-13.21464617,2760.499
     -72.38535368,-13.21464913,2761.319
     -72.38536573,-13.21465075,2761.065
     -72.38538075,-13.21465007,2761.044
     -72.38539932,-13.21465282,2761.369
     -72.38541737,-13.21465520,2760.858
     -72.38543220,-13.21466123,2761.508
     -72.38544592,-13.21466410,2761.772
     -72.38545802,-13.21467065,2762.100
     -72.38547223,-13.21467717,2761.107
     -72.38547610,-13.21468668,2761.581
     -72.38546738,-13.21468873,2760.826
     -72.38545507,-13.21468693,2759.932
     -72.38544207,-13.21468452,2759.566
     -72.38543448,-13.21468145,2759.803
     -72.38543753,-13.21467452,2759.568
     -72.38545447,-13.21467272,2759.267
     -72.38547075,-13.21467628,2759.855
     -72.38549110,-13.21467532,2758.763
     -72.38550847,-13.21467715,2758.308
     -72.38552492,-13.21467930,2757.486
     -72.38554352,-13.21468305,2758.199
     -72.38555668,-13.21468258,2758.320
     -72.38557200,-13.21468055,2759.016
     -72.38558857,-13.21468298,2759.862
     -72.38560567,-13.21468387,2759.069
     -72.38561840,-13.21468550,2758.663
     -72.38562875,-13.21468955,2758.071
     -72.38563668,-13.21469520,2756.721
     -72.38564535,-13.21470188,2755.594
     -72.38564880,-13.21471677,2755.339
     -72.38564303,-13.21473208,2755.676
     -72.38563312,-13.21474715,2755.624
     -72.38562180,-13.21476060,2755.945
     -72.38560903,-13.21477150,2756.046
     -72.38559302,-13.21478083,2756.185
     -72.38557760,-13.21479030,2756.736
     -72.38556357,-13.21480330,2757.655
     -72.38554937,-13.21481278,2758.516
     -72.38553767,-13.21482153,2758.420
     -72.38552465,-13.21482987,2757.334
     -72.38551133,-13.21483767,2757.051
     -72.38550013,-13.21484573,2756.722
     -72.38548653,-13.21485208,2756.647
     -72.38547317,-13.21485502,2756.340
     -72.38546062,-13.21486152,2756.094
     -72.38544702,-13.21486780,2755.432
     -72.38543422,-13.21487575,2754.522
     -72.38541975,-13.21488175,2754.234
     -72.38540613,-13.21488850,2754.139
     -72.38539667,-13.21489550,2753.998
     -72.38538587,-13.21490138,2753.352
     -72.38537680,-13.21490652,2752.754
     -72.38536357,-13.21491218,2752.370
     -72.38534808,-13.21491620,2751.604
     -72.38533547,-13.21492158,2750.609
     -72.38532750,-13.21492742,2750.494
     -72.38531673,-13.21493382,2750.190
     -72.38530530,-13.21494423,2750.110
     -72.38529350,-13.21495327,2750.057
     -72.38528152,-13.21496007,2749.917
     -72.38527170,-13.21496750,2750.233
     -72.38526007,-13.21497302,2750.210
     -72.38525280,-13.21498277,2749.752
     -72.38524568,-13.21499117,2749.841
     -72.38523755,-13.21500207,2749.731
     -72.38523102,-13.21501020,2749.520
     -72.38522292,-13.21501775,2748.823
     -72.38521487,-13.21502812,2748.287
     -72.38520650,-13.21503567,2748.372
     -72.38519937,-13.21504538,2748.071
     -72.38519263,-13.21505615,2747.964
     -72.38518497,-13.21506753,2747.535
     -72.38517737,-13.21507480,2747.198
     -72.38516755,-13.21508148,2746.604
     -72.38515600,-13.21508985,2746.069
     -72.38514653,-13.21509602,2745.376
     -72.38513338,-13.21510423,2745.291
     -72.38511977,-13.21511167,2745.488
     -72.38510785,-13.21511565,2745.776
     -72.38509807,-13.21512035,2745.540
     -72.38508510,-13.21512720,2745.475
     -72.38507077,-13.21513227,2745.223
     -72.38505392,-13.21513575,2744.673
     -72.38503792,-13.21513725,2744.285
     -72.38502318,-13.21514013,2744.422
     -72.38500872,-13.21514432,2744.267
     -72.38499497,-13.21514948,2744.431
     -72.38498135,-13.21515232,2744.852
     -72.38496925,-13.21515763,2745.057
     -72.38495848,-13.21516648,2745.065
     -72.38494685,-13.21517495,2744.882
     -72.38493558,-13.21518282,2744.745
     -72.38492400,-13.21518720,2744.799
     -72.38491312,-13.21518915,2744.595
     -72.38490160,-13.21519213,2745.067
     -72.38488928,-13.21519247,2744.994
     -72.38487645,-13.21518903,2744.999
     -72.38486285,-13.21518607,2745.551
     -72.38484778,-13.21518575,2745.737
     -72.38482802,-13.21518340,2746.771
     -72.38480905,-13.21518278,2747.211
     -72.38479532,-13.21518365,2747.230
     -72.38478292,-13.21518573,2747.678
     -72.38476972,-13.21518755,2747.950
     -72.38475740,-13.21518487,2746.941
     -72.38474652,-13.21518088,2746.603
     -72.38473598,-13.21517815,2747.116
     -72.38472152,-13.21517320,2747.061
     -72.38471225,-13.21516778,2746.615
     -72.38470083,-13.21516363,2746.547
     -72.38469045,-13.21516002,2746.970
     -72.38467953,-13.21515565,2746.715
     -72.38466685,-13.21515257,2746.817
     -72.38465380,-13.21515077,2746.989
     -72.38464328,-13.21514700,2746.602
     -72.38463063,-13.21514378,2746.565
     -72.38461905,-13.21514250,2746.874
     -72.38460595,-13.21513840,2746.125
     -72.38459358,-13.21513763,2745.531
     -72.38458045,-13.21513578,2745.858
     -72.38456717,-13.21513097,2746.310
     -72.38455812,-13.21512593,2747.003
     -72.38455092,-13.21511905,2746.591
     -72.38454333,-13.21512012,2747.791
     -72.38453902,-13.21511898,2748.596
     -72.38454133,-13.21512030,2749.391
     -72.38454177,-13.21512045,2749.347
     -72.38454032,-13.21512393,2749.648
     -72.38454032,-13.21512393,2749.648
     -72.38454868,-13.21512583,2749.944
     -72.38455463,-13.21512917,2749.482
     -72.38455337,-13.21512432,2749.101
     -72.38455222,-13.21512578,2751.123
     -72.38455222,-13.21512578,2751.123
     -72.38455222,-13.21512578,2751.123
     -72.38455645,-13.21512990,2751.441
     -72.38455562,-13.21513277,2751.753
     -72.38455475,-13.21513902,2752.464
     -72.38455475,-13.21513902,2752.464
     -72.38455240,-13.21514705,2751.852
     -72.38454645,-13.21514515,2750.940
     -72.38453623,-13.21514387,2750.768
     -72.38452583,-13.21514290,2750.752
     -72.38451120,-13.21514220,2749.824
     -72.38449618,-13.21513778,2749.569
     -72.38448417,-13.21513468,2748.923
     -72.38447318,-13.21512875,2747.712
     -72.38446103,-13.21512528,2747.010
     -72.38444762,-13.21512388,2746.755
     -72.38443463,-13.21512247,2746.371
     -72.38442323,-13.21512477,2745.564
     -72.38440495,-13.21512368,2745.660
     -72.38439328,-13.21511552,2745.106
     -72.38438112,-13.21510995,2746.109
     -72.38436885,-13.21510328,2746.110
     -72.38435682,-13.21510032,2745.934
     -72.38435022,-13.21509348,2743.965
     -72.38431692,-13.21509917,2745.124
     -72.38430388,-13.21509623,2745.229
     -72.38430188,-13.21509905,2746.001
     -72.38430615,-13.21510732,2747.063
     -72.38429160,-13.21509953,2747.375
     -72.38428053,-13.21508833,2748.026
     -72.38427233,-13.21507907,2746.620
     -72.38425508,-13.21507607,2746.752
     -72.38424073,-13.21506952,2746.984
     -72.38422688,-13.21506180,2746.871
     -72.38420770,-13.21505235,2747.714
     -72.38418748,-13.21504388,2748.560
     -72.38417187,-13.21503942,2748.023
     -72.38415867,-13.21503382,2747.627
     -72.38414648,-13.21502688,2746.619
     -72.38413767,-13.21501807,2745.518
     -72.38412935,-13.21501147,2744.752
     -72.38411678,-13.21499988,2743.646
     -72.38410420,-13.21499258,2743.137
     -72.38408953,-13.21499042,2742.524
     -72.38407910,-13.21498340,2743.295
     -72.38406795,-13.21497602,2743.865
     -72.38405552,-13.21496655,2743.914
     -72.38404680,-13.21495782,2743.715
     -72.38404045,-13.21495118,2742.912
     -72.38403280,-13.21494648,2741.958
     -72.38402497,-13.21494152,2740.770
     -72.38402162,-13.21494093,2739.610
     -72.38401298,-13.21493858,2738.726
     -72.38400150,-13.21494230,2739.088
     -72.38399298,-13.21494340,2738.576
     -72.38397848,-13.21494220,2738.435
     -72.38396477,-13.21493830,2738.948
     -72.38395607,-13.21493907,2738.611
     -72.38394600,-13.21492972,2737.713
     -72.38393945,-13.21492390,2737.064
     -72.38392993,-13.21492165,2737.355
     -72.38392027,-13.21491918,2737.425
     -72.38390963,-13.21491215,2737.023
     -72.38389663,-13.21490213,2736.071
     -72.38388100,-13.21489262,2736.123
     -72.38386907,-13.21488632,2737.052
     -72.38385690,-13.21488407,2738.018
     -72.38384413,-13.21487517,2737.167
     -72.38383133,-13.21486663,2737.017
     -72.38381955,-13.21485547,2735.568
     -72.38380815,-13.21484382,2734.617
     -72.38379432,-13.21483570,2735.093
     -72.38378143,-13.21482403,2736.186
     -72.38376430,-13.21480565,2737.024
     -72.38374563,-13.21479790,2738.176
     -72.38373355,-13.21478415,2738.885
     -72.38372693,-13.21477568,2740.311
     -72.38372618,-13.21476488,2741.522
     -72.38372123,-13.21475435,2742.859
     -72.38372078,-13.21474198,2744.244
     -72.38371895,-13.21472052,2745.162
     -72.38372297,-13.21470058,2745.179
     -72.38372433,-13.21468623,2745.415
     -72.38372513,-13.21467153,2746.722
     -72.38372522,-13.21465987,2747.205
     -72.38373112,-13.21464925,2746.594
     -72.38373097,-13.21463920,2745.636
     -72.38373313,-13.21462525,2744.785
     -72.38373473,-13.21461427,2744.676
     -72.38373660,-13.21460215,2745.048
     -72.38374005,-13.21459167,2746.170
     -72.38373942,-13.21458315,2746.667
     -72.38373713,-13.21456788,2745.587
     -72.38374078,-13.21455218,2743.441
     -72.38374690,-13.21453860,2741.354
     -72.38375138,-13.21453062,2740.860
     -72.38376292,-13.21452413,2739.599
     -72.38377580,-13.21451508,2738.438
     -72.38378027,-13.21449972,2737.910
     -72.38378617,-13.21448813,2738.343
     -72.38378573,-13.21447822,2738.326
     -72.38378735,-13.21446303,2738.580
     -72.38378650,-13.21444720,2738.220
     -72.38378767,-13.21442945,2737.631
     -72.38379183,-13.21442060,2738.057
     -72.38379110,-13.21441222,2736.564
     -72.38379533,-13.21438898,2736.937
     -72.38379323,-13.21436978,2740.795
     -72.38379922,-13.21434542,2742.143
     -72.38379730,-13.21432698,2743.495
     -72.38379563,-13.21431473,2743.527
     -72.38380470,-13.21429562,2742.224
     -72.38380530,-13.21427668,2741.784
     -72.38380268,-13.21425820,2741.711
     -72.38379457,-13.21424188,2742.273
     -72.38379520,-13.21422272,2741.884
     -72.38379238,-13.21420973,2741.486
     -72.38379355,-13.21420188,2741.728
     -72.38380068,-13.21419207,2742.122
     -72.38380470,-13.21418077,2742.410
     -72.38381202,-13.21418065,2741.169
     -72.38381828,-13.21417158,2740.912
     -72.38382418,-13.21416440,2739.896
     -72.38382418,-13.21416440,2739.896
     -72.38382418,-13.21416440,2739.896
     -72.38382638,-13.21415900,2736.759
     -72.38382208,-13.21414298,2735.646
     -72.38382292,-13.21412758,2736.203
     -72.38381017,-13.21412193,2735.246
     -72.38379895,-13.21411403,2737.383
     -72.38380008,-13.21410755,2737.965
     -72.38379288,-13.21410760,2737.973
     -72.38378260,-13.21410942,2736.942
     -72.38377422,-13.21411655,2736.217
     -72.38376132,-13.21412620,2734.635
     -72.38375352,-13.21413507,2734.187
     -72.38374610,-13.21414627,2732.912
     -72.38373792,-13.21415380,2732.232
     -72.38372725,-13.21416158,2731.493
     -72.38372017,-13.21416788,2730.590
     -72.38370902,-13.21418125,2730.031
     -72.38370230,-13.21419573,2728.727
     -72.38369465,-13.21420952,2729.491
     -72.38369005,-13.21421778,2727.564
     -72.38368205,-13.21424843,2730.229
     -72.38366643,-13.21428335,2734.710
     -72.38366335,-13.21429747,2735.565
     -72.38365987,-13.21431447,2737.206
     -72.38366388,-13.21432923,2737.010
     -72.38366680,-13.21433628,2734.958
     -72.38366595,-13.21434580,2734.596
     -72.38366268,-13.21435220,2734.074
     -72.38365578,-13.21436103,2734.201
     -72.38364683,-13.21437353,2735.133
     -72.38363597,-13.21438153,2734.558
     -72.38362985,-13.21439208,2734.409
     -72.38361953,-13.21440057,2734.079
     -72.38361400,-13.21441172,2735.061
     -72.38360377,-13.21442282,2735.703
     -72.38359272,-13.21442975,2735.104
     -72.38358485,-13.21443772,2734.524
     -72.38357807,-13.21444510,2733.029
     -72.38357370,-13.21445418,2732.781
     -72.38356975,-13.21446607,2732.537
     -72.38356233,-13.21447690,2732.138
     -72.38355388,-13.21448437,2731.949
     -72.38354267,-13.21449573,2731.466
     -72.38353517,-13.21450315,2731.585
     -72.38353202,-13.21451295,2730.752
     -72.38352405,-13.21451675,2726.943
     -72.38351685,-13.21452538,2725.417
     -72.38351128,-13.21453575,2725.010
     -72.38350428,-13.21455022,2725.484
     -72.38350055,-13.21455657,2725.570
     -72.38349643,-13.21456502,2725.255
     -72.38349323,-13.21456777,2723.293
     -72.38349275,-13.21457895,2724.850
     -72.38347928,-13.21458960,2724.631
     -72.38347047,-13.21459375,2724.494
     -72.38347415,-13.21461400,2727.052
     -72.38348442,-13.21462732,2726.340
     -72.38347888,-13.21463445,2726.130
     -72.38346303,-13.21463097,2722.990
     -72.38344967,-13.21463518,2721.811
     -72.38343422,-13.21463567,2718.866
     -72.38342638,-13.21464022,2718.664
     -72.38342338,-13.21464555,2718.234
     -72.38341663,-13.21464937,2718.308
     -72.38340748,-13.21464420,2716.556
     -72.38339705,-13.21464758,2716.960
     -72.38338987,-13.21464725,2717.718
     -72.38337705,-13.21465823,2718.292
     -72.38336758,-13.21467183,2718.428
     -72.38335395,-13.21468045,2719.201
     -72.38333540,-13.21469293,2720.432
     -72.38332500,-13.21469915,2719.903
     -72.38331625,-13.21470940,2719.173
     -72.38330828,-13.21471532,2717.287
     -72.38330192,-13.21472372,2716.846
     -72.38329692,-13.21472928,2715.900
     -72.38329632,-13.21473655,2716.279
     -72.38329527,-13.21475202,2716.484
     -72.38329148,-13.21476572,2716.073
     -72.38329227,-13.21477910,2716.166
     -72.38329032,-13.21479395,2717.132
     -72.38328707,-13.21480103,2716.458
     -72.38328802,-13.21480923,2716.544
     -72.38328568,-13.21482275,2717.428
     -72.38327950,-13.21482888,2718.118
     -72.38327378,-13.21483872,2717.794
     -72.38326330,-13.21484755,2716.725
     -72.38324968,-13.21485200,2714.959
     -72.38323160,-13.21484977,2713.810
     -72.38321698,-13.21483950,2712.029
     -72.38320760,-13.21482695,2713.962
     -72.38319310,-13.21481952,2715.438
     -72.38318123,-13.21481295,2716.274
     -72.38316865,-13.21480963,2716.055
     -72.38316155,-13.21481477,2716.361
     -72.38315258,-13.21481507,2716.054
     -72.38313643,-13.21482295,2716.919
     -72.38311975,-13.21482572,2716.648
     -72.38310938,-13.21482463,2715.890
     -72.38309597,-13.21481747,2714.969
     -72.38308190,-13.21480760,2713.592
     -72.38307208,-13.21479633,2713.264
     -72.38306338,-13.21479263,2713.510
     -72.38305652,-13.21479405,2714.173
     -72.38304297,-13.21479192,2714.354
     -72.38303302,-13.21479300,2714.175
     -72.38301933,-13.21479353,2714.628
     -72.38300510,-13.21478897,2714.466
     -72.38298955,-13.21478337,2714.139
     -72.38297410,-13.21478057,2714.137
     -72.38296207,-13.21477705,2714.593
     -72.38295037,-13.21477453,2714.889
     -72.38294045,-13.21477303,2714.818
     -72.38293288,-13.21477188,2714.831
     -72.38292143,-13.21477193,2714.502
     -72.38290695,-13.21477242,2714.603
     -72.38289092,-13.21476710,2715.096
     -72.38288135,-13.21476310,2715.354
     -72.38287220,-13.21476428,2715.596
     -72.38286357,-13.21476453,2715.220
     -72.38285027,-13.21475895,2714.397
     -72.38283760,-13.21476047,2713.698
     -72.38282375,-13.21476365,2713.706
     -72.38280810,-13.21476328,2714.074
     -72.38279335,-13.21476852,2714.650
     -72.38278208,-13.21476390,2714.858
     -72.38276580,-13.21476318,2715.558
     -72.38274903,-13.21476200,2715.771
     -72.38273780,-13.21475808,2715.539
     -72.38272522,-13.21475532,2715.572
     -72.38271220,-13.21475302,2715.230
     -72.38269860,-13.21474943,2716.204
     -72.38269037,-13.21474477,2716.330
     -72.38268338,-13.21473913,2715.868
     -72.38267298,-13.21472753,2715.161
     -72.38265930,-13.21472102,2715.155
     -72.38264960,-13.21472008,2714.697
     -72.38263945,-13.21471752,2713.509
     -72.38262510,-13.21471580,2712.469
     -72.38261892,-13.21471478,2711.699
     -72.38261025,-13.21471235,2710.737
     -72.38260082,-13.21470897,2709.705
     -72.38259105,-13.21470402,2709.788
     -72.38257658,-13.21470067,2709.878
     -72.38256355,-13.21469807,2709.300
     -72.38255322,-13.21469408,2709.456
     -72.38254105,-13.21469478,2709.883
     -72.38252972,-13.21469278,2710.302
     -72.38251512,-13.21469268,2710.588
     -72.38250038,-13.21468847,2710.597
     -72.38248527,-13.21468500,2710.232
     -72.38247297,-13.21468377,2709.868
     -72.38246427,-13.21467778,2709.259
     -72.38245317,-13.21467857,2709.298
     -72.38244043,-13.21468145,2709.931
     -72.38242812,-13.21468418,2710.393
     -72.38241712,-13.21467955,2710.545
     -72.38240110,-13.21468142,2711.249
     -72.38238827,-13.21467727,2710.523
     -72.38237130,-13.21467633,2709.637
     -72.38235095,-13.21468153,2709.846
     -72.38233220,-13.21468265,2710.040
     -72.38231858,-13.21468302,2709.870
     -72.38230847,-13.21468225,2709.994
     -72.38229872,-13.21468557,2711.230
     -72.38229215,-13.21468933,2711.731
     -72.38228605,-13.21469035,2712.682
     -72.38227623,-13.21468582,2713.352
     -72.38226948,-13.21468497,2714.265
     -72.38226062,-13.21467972,2714.385
     -72.38225317,-13.21467463,2713.617
     -72.38224497,-13.21467163,2713.372
     -72.38223207,-13.21467508,2713.619
     -72.38222493,-13.21467072,2711.697
     -72.38221615,-13.21467322,2710.940
     -72.38221015,-13.21466802,2710.259
     -72.38220342,-13.21466347,2709.476
     -72.38220342,-13.21466347,2709.476
     -72.38220342,-13.21466347,2709.476
     -72.38220342,-13.21466347,2709.476
     -72.38220342,-13.21466347,2709.476
     -72.38220342,-13.21466347,2709.476
     -72.38220672,-13.21466532,2709.403
     -72.38220373,-13.21466267,2709.073
     -72.38219875,-13.21465793,2709.566
     -72.38219195,-13.21465197,2710.330
     -72.38218387,-13.21464772,2710.388
     -72.38217547,-13.21464447,2710.309
     -72.38216802,-13.21464100,2710.062
     -72.38216802,-13.21464100,2710.062
     -72.38216802,-13.21464100,2710.062
     -72.38216715,-13.21465125,2709.372
     -72.38217013,-13.21466307,2709.385
     -72.38217127,-13.21467357,2708.971
     -72.38217437,-13.21468597,2708.604
     -72.38217977,-13.21468962,2708.170
     -72.38217935,-13.21469027,2707.845
     -72.38217973,-13.21469093,2707.676
     -72.38217733,-13.21469375,2707.921
     -72.38217725,-13.21469380,2708.388
     -72.38217690,-13.21469668,2707.913
     -72.38217262,-13.21469860,2706.345
     -72.38216847,-13.21469897,2705.211
     -72.38216282,-13.21470060,2705.177
     -72.38216020,-13.21470248,2705.372
     -72.38216032,-13.21470062,2705.863
     -72.38216060,-13.21470110,2707.255
     -72.38216313,-13.21470237,2707.069
     -72.38216745,-13.21470540,2706.387
     -72.38217223,-13.21470688,2705.426
     -72.38217277,-13.21470765,2705.449
     -72.38217380,-13.21470645,2705.772
     -72.38217610,-13.21470547,2707.122
     -72.38218022,-13.21470898,2708.022
     -72.38217938,-13.21471283,2706.871
     -72.38217938,-13.21471283,2706.871
     -72.38217938,-13.21471283,2706.871
     -72.38217938,-13.21471283,2706.871
     -72.38217962,-13.21470837,2707.952
     -72.38218000,-13.21470810,2709.311
     -72.38218032,-13.21470838,2709.685
     -72.38217773,-13.21471017,2709.469
     -72.38217383,-13.21470867,2709.749
     -72.38217602,-13.21470632,2709.867
     -72.38217633,-13.21470730,2709.442
     -72.38217870,-13.21470420,2709.531
     -72.38218180,-13.21470340,2709.849
     -72.38218437,-13.21470252,2708.669
     -72.38218982,-13.21468663,2708.171
     -72.38219138,-13.21467618,2708.959
     -72.38219138,-13.21467543,2710.405
     -72.38219138,-13.21467543,2710.405
     -72.38218997,-13.21467188,2710.089
     -72.38218997,-13.21467188,2710.089
     -72.38218997,-13.21467188,2710.089
     -72.38218997,-13.21467188,2710.089
    </coordinates>
   </LineString>
  </Placemark>

 </Document>
</kml>
 